{"version":"0.4","title":"Restaurant Menu","type":"section","content":[{"id":"4ca7d02e","settings":{"content_width":{"unit":"px","size":1600,"sizes":[]},"slider_delay":"5000"},"elements":[{"id":"1b2305d5","settings":{"_column_size":100,"slider_delay":"5000","padding":{"unit":"px","top":"30","right":"30","bottom":"10","left":"30","isLinked":false},"padding_mobile":{"unit":"px","top":"0","right":"0","bottom":"0","left":"0","isLinked":false}},"elements":[{"id":"72bfa3ee","settings":{"layout":"full_width","structure":"20","slider_delay":"5000","hide_mobile":"hidden-phone"},"elements":[{"id":"49b78a28","settings":{"_column_size":50,"_inline_size":49.97200000000000130739863379858434200286865234375,"_inline_size_tablet":100,"slider_delay":"5000","margin":{"unit":"px","top":"0","right":"0","bottom":"0","left":"0","isLinked":false},"padding":{"unit":"px","top":"0","right":"20","bottom":"0","left":"0","isLinked":false},"padding_tablet":{"unit":"px","top":"0","right":"0","bottom":"20","left":"0","isLinked":false}},"elements":[{"id":"522fd21a","settings":{"price_list":[{"title":"Khantoke Dinner","item_description":"A traditional Northern Thai feast showcasing many of the region\u2019s Lanna food favourites. Bites include chilli dips, spicy sausage, Northern style curries and the staple rice.\n<span class =\"price\">$99.99<\/span>","price":" ","link":{"url":"#"},"_id":"b3f3859","image":{"url":"https:\/\/wpbuilt.co\/demo\/wp-content\/uploads\/2020\/02\/starters-1.png","id":6403}},{"title":"Candied Haws","item_description":"While haws are the most common sweet, there are variations with deseeded and stuffed haws or varying candied fruits.\n\n<span class =\"price\">$99.99<\/span>","price":"","link":{"url":"#"},"_id":"4fccc55","image":{"url":"https:\/\/wpbuilt.co\/demo\/wp-content\/uploads\/2020\/02\/starters-2.png","id":6404}},{"title":"Roti Prata","item_description":"Better known for origins in India this humble pan-fried flatbread followed old colonial trade routes to Singapore, my new favourite city to share this simple food staple.\n\n<span class =\"price\">$99.99<\/span>","price":"","link":{"url":"#"},"_id":"862bad4","image":{"url":"https:\/\/wpbuilt.co\/demo\/wp-content\/uploads\/2020\/02\/starters-3.png","id":6405}},{"title":"Aic Kacang","item_description":"Ingredients do vary but the traditional mix comes with red beans, sweet corn, grass jelly and cubes of agar jelly.\n\n<span class =\"price\">$99.99<\/span>","price":"","link":{"url":"#"},"_id":"5dce6d2","image":{"url":"https:\/\/wpbuilt.co\/demo\/wp-content\/uploads\/2020\/02\/starters-4.png","id":6406}}],"heading_color":"#1c1c1c","heading_typography_typography":"custom","heading_typography_font_family":"Poppins","heading_typography_font_size":{"unit":"px","size":17.980000000000000426325641456060111522674560546875,"sizes":[]},"heading_typography_font_size_mobile":{"unit":"px","size":16,"sizes":[]},"heading_typography_font_weight":"400","description_color":"#666666","description_typography_typography":"custom","description_typography_font_family":"Poppins","description_typography_font_size":{"unit":"px","size":13.980000000000000426325641456060111522674560546875,"sizes":[]},"description_typography_font_size_mobile":{"unit":"px","size":13,"sizes":[]},"description_typography_font_style":"italic","separator_style":"none","image_spacing":{"unit":"px","size":"","sizes":[]}},"elements":[],"isInner":false,"widgetType":"price-list","elType":"widget"}],"isInner":true,"elType":"column"},{"id":"6cd5882f","settings":{"_column_size":50,"_inline_size":50,"_inline_size_tablet":100,"slider_delay":"5000","padding":{"unit":"px","top":"0","right":"0","bottom":"0","left":"20","isLinked":false},"padding_tablet":{"unit":"px","top":"0","right":"0","bottom":"0","left":"0","isLinked":false}},"elements":[{"id":"1bf37b03","settings":{"price_list":[{"title":"Shan Noodles","item_description":"This popular street food and tea house snack is served as thin rice noodles, topped with spiced meat and, more than not, with the soup broth on the side.\n\n<span class =\"price\">$99.99<\/span>","price":"","link":{"url":"#"},"_id":"b3f3859","image":{"url":"https:\/\/wpbuilt.co\/demo\/wp-content\/uploads\/2020\/02\/starters-5.png","id":6407}},{"title":"Beef Rendang","item_description":"Beef stewed in coconut milk with a spice paste mix of ginger, turmeric and fiery chillies. With slow cooking times and impatient waits I find beef dishes.\n\n<span class =\"price\">$99.99<\/span>","price":"","link":{"url":"#"},"_id":"4fccc55","image":{"url":"https:\/\/wpbuilt.co\/demo\/wp-content\/uploads\/2020\/02\/starters-6.png","id":6408}},{"title":"Nasi Campur","item_description":"Canteen style curry buffets serving hot pre-cooked dishes and other sides. Grab a plate, pile on the rice and take your pick.\n\n<span class =\"price\">$99.99<\/span>","price":"","link":{"url":"#"},"_id":"862bad4","image":{"url":"https:\/\/wpbuilt.co\/demo\/wp-content\/uploads\/2020\/02\/starters-8.png","id":6410}},{"title":"Bulgogi","item_description":"Eat with a hot chilli dipping sauce (ssamjang) and share with Kimchis and other popular Korean side dishes (banchan).\n\n<span class =\"price\">$99.99<\/span>","price":"","link":{"url":"#"},"_id":"5dce6d2","image":{"url":"https:\/\/wpbuilt.co\/demo\/wp-content\/uploads\/2020\/02\/starters-7.png","id":6409}}],"heading_color":"#1c1c1c","heading_typography_typography":"custom","heading_typography_font_family":"Poppins","heading_typography_font_size":{"unit":"px","size":17.980000000000000426325641456060111522674560546875,"sizes":[]},"heading_typography_font_size_mobile":{"unit":"px","size":16,"sizes":[]},"heading_typography_font_weight":"400","description_color":"#666666","description_typography_typography":"custom","description_typography_font_family":"Poppins","description_typography_font_size":{"unit":"px","size":13.980000000000000426325641456060111522674560546875,"sizes":[]},"description_typography_font_size_mobile":{"unit":"px","size":13,"sizes":[]},"description_typography_font_style":"italic","separator_style":"none","image_spacing":{"unit":"px","size":"","sizes":[]}},"elements":[],"isInner":false,"widgetType":"price-list","elType":"widget"}],"isInner":true,"elType":"column"}],"isInner":true,"elType":"section"},{"id":"34c2d45c","settings":{"layout":"full_width","structure":"20","slider_delay":"5000","hide_desktop":"hidden-desktop","hide_tablet":"hidden-tablet"},"elements":[{"id":"2af4282c","settings":{"_column_size":50,"_inline_size":null,"_inline_size_tablet":100,"slider_delay":"5000","margin":{"unit":"px","top":"0","right":"0","bottom":"0","left":"0","isLinked":false},"padding":{"unit":"px","top":"0","right":"20","bottom":"0","left":"0","isLinked":false},"padding_tablet":{"unit":"px","top":"0","right":"0","bottom":"20","left":"0","isLinked":false}},"elements":[{"id":"2eeb4f14","settings":{"image":{"url":"https:\/\/wpbuilt.co\/demo\/wp-content\/uploads\/2020\/02\/starters-1.png","id":6403},"title_text":"Duis aute irure dolor in reprehenderit","description_text":"Duis aute irure dolor in reprehenderit Lorem ipsum dolor<br> sit amet, consectetur adipisicing elit\n\n<span class =\"price\">$99.99<\/span>","title_color":"#1C1C1C","title_typography_typography":"custom","title_typography_font_family":"Poppins","title_typography_font_size":{"unit":"px","size":16,"sizes":[]},"title_typography_font_weight":"400","description_color":"#666666","description_typography_typography":"custom","description_typography_font_size":{"unit":"px","size":13,"sizes":[]},"description_typography_font_style":"italic","_padding_mobile":{"unit":"px","top":"0","right":"0","bottom":"20","left":"0","isLinked":false}},"elements":[],"isInner":false,"widgetType":"image-box","elType":"widget"},{"id":"1f94a384","settings":{"image":{"url":"https:\/\/wpbuilt.co\/demo\/wp-content\/uploads\/2020\/02\/starters-2.png","id":6404},"title_text":"Duis aute irure dolor in reprehenderit","description_text":"Duis aute irure dolor in reprehenderit Lorem ipsum dolor<br> sit amet, consectetur adipisicing elit\n\n<span class =\"price\">$99.99<\/span>","title_color":"#1C1C1C","title_typography_typography":"custom","title_typography_font_family":"Poppins","title_typography_font_size":{"unit":"px","size":16,"sizes":[]},"title_typography_font_weight":"400","description_color":"#666666","description_typography_typography":"custom","description_typography_font_size":{"unit":"px","size":13,"sizes":[]},"description_typography_font_style":"italic","_padding_mobile":{"unit":"px","top":"0","right":"0","bottom":"20","left":"0","isLinked":false}},"elements":[],"isInner":false,"widgetType":"image-box","elType":"widget"},{"id":"25ee5751","settings":{"image":{"url":"https:\/\/wpbuilt.co\/demo\/wp-content\/uploads\/2020\/02\/starters-3.png","id":6405},"title_text":"Duis aute irure dolor in reprehenderit","description_text":"Duis aute irure dolor in reprehenderit Lorem ipsum dolor<br> sit amet, consectetur adipisicing elit\n\n<span class =\"price\">$99.99<\/span>","title_color":"#1C1C1C","title_typography_typography":"custom","title_typography_font_family":"Poppins","title_typography_font_size":{"unit":"px","size":16,"sizes":[]},"title_typography_font_weight":"400","description_color":"#666666","description_typography_typography":"custom","description_typography_font_size":{"unit":"px","size":13,"sizes":[]},"description_typography_font_style":"italic","_padding_mobile":{"unit":"px","top":"0","right":"0","bottom":"20","left":"0","isLinked":false}},"elements":[],"isInner":false,"widgetType":"image-box","elType":"widget"},{"id":"184c6b5a","settings":{"image":{"url":"https:\/\/wpbuilt.co\/demo\/wp-content\/uploads\/2020\/02\/starters-4.png","id":6406},"title_text":"Duis aute irure dolor in reprehenderit","description_text":"Duis aute irure dolor in reprehenderit Lorem ipsum dolor<br> sit amet, consectetur adipisicing elit\n\n<span class =\"price\">$99.99<\/span>","title_color":"#1C1C1C","title_typography_typography":"custom","title_typography_font_family":"Poppins","title_typography_font_size":{"unit":"px","size":16,"sizes":[]},"title_typography_font_weight":"400","description_color":"#666666","description_typography_typography":"custom","description_typography_font_size":{"unit":"px","size":13,"sizes":[]},"description_typography_font_style":"italic","_padding_mobile":{"unit":"px","top":"0","right":"0","bottom":"20","left":"0","isLinked":false}},"elements":[],"isInner":false,"widgetType":"image-box","elType":"widget"}],"isInner":true,"elType":"column"},{"id":"6f04e2a6","settings":{"_column_size":50,"_inline_size":null,"_inline_size_tablet":100,"slider_delay":"5000","margin":{"unit":"px","top":"0","right":"0","bottom":"0","left":"0","isLinked":false},"padding":{"unit":"px","top":"0","right":"20","bottom":"0","left":"0","isLinked":false},"padding_tablet":{"unit":"px","top":"0","right":"0","bottom":"20","left":"0","isLinked":false}},"elements":[{"id":"bb5aca0","settings":{"image":{"url":"https:\/\/wpbuilt.co\/demo\/wp-content\/uploads\/2020\/02\/starters-5.png","id":6407},"title_text":"Duis aute irure dolor in reprehenderit","description_text":"Duis aute irure dolor in reprehenderit Lorem ipsum dolor<br> sit amet, consectetur adipisicing elit\n\n<span class =\"price\">$99.99<\/span>","title_color":"#1C1C1C","title_typography_typography":"custom","title_typography_font_family":"Poppins","title_typography_font_size":{"unit":"px","size":16,"sizes":[]},"title_typography_font_weight":"400","description_color":"#666666","description_typography_typography":"custom","description_typography_font_size":{"unit":"px","size":13,"sizes":[]},"description_typography_font_style":"italic","_padding_mobile":{"unit":"px","top":"0","right":"0","bottom":"20","left":"0","isLinked":false}},"elements":[],"isInner":false,"widgetType":"image-box","elType":"widget"},{"id":"516af12b","settings":{"image":{"url":"https:\/\/wpbuilt.co\/demo\/wp-content\/uploads\/2020\/02\/starters-6.png","id":6408},"title_text":"Duis aute irure dolor in reprehenderit","description_text":"Duis aute irure dolor in reprehenderit Lorem ipsum dolor<br> sit amet, consectetur adipisicing elit\n\n<span class =\"price\">$99.99<\/span>","title_color":"#1C1C1C","title_typography_typography":"custom","title_typography_font_family":"Poppins","title_typography_font_size":{"unit":"px","size":16,"sizes":[]},"title_typography_font_weight":"400","description_color":"#666666","description_typography_typography":"custom","description_typography_font_size":{"unit":"px","size":13,"sizes":[]},"description_typography_font_style":"italic","_padding_mobile":{"unit":"px","top":"0","right":"0","bottom":"20","left":"0","isLinked":false}},"elements":[],"isInner":false,"widgetType":"image-box","elType":"widget"},{"id":"2b003f67","settings":{"image":{"url":"https:\/\/wpbuilt.co\/demo\/wp-content\/uploads\/2020\/02\/starters-8.png","id":6410},"title_text":"Duis aute irure dolor in reprehenderit","description_text":"Duis aute irure dolor in reprehenderit Lorem ipsum dolor<br> sit amet, consectetur adipisicing elit\n\n<span class =\"price\">$99.99<\/span>","title_color":"#1C1C1C","title_typography_typography":"custom","title_typography_font_family":"Poppins","title_typography_font_size":{"unit":"px","size":16,"sizes":[]},"title_typography_font_weight":"400","description_color":"#666666","description_typography_typography":"custom","description_typography_font_size":{"unit":"px","size":13,"sizes":[]},"description_typography_font_style":"italic","_padding_mobile":{"unit":"px","top":"0","right":"0","bottom":"20","left":"0","isLinked":false}},"elements":[],"isInner":false,"widgetType":"image-box","elType":"widget"},{"id":"7b584a66","settings":{"image":{"url":"https:\/\/wpbuilt.co\/demo\/wp-content\/uploads\/2020\/02\/starters-7.png","id":6409},"title_text":"Duis aute irure dolor in reprehenderit","description_text":"Duis aute irure dolor in reprehenderit Lorem ipsum dolor<br> sit amet, consectetur adipisicing elit\n\n<span class =\"price\">$99.99<\/span>","title_color":"#1C1C1C","title_typography_typography":"custom","title_typography_font_family":"Poppins","title_typography_font_size":{"unit":"px","size":16,"sizes":[]},"title_typography_font_weight":"400","description_color":"#666666","description_typography_typography":"custom","description_typography_font_size":{"unit":"px","size":13,"sizes":[]},"description_typography_font_style":"italic","_padding_mobile":{"unit":"px","top":"0","right":"0","bottom":"20","left":"0","isLinked":false}},"elements":[],"isInner":false,"widgetType":"image-box","elType":"widget"}],"isInner":true,"elType":"column"}],"isInner":true,"elType":"section"}],"isInner":false,"elType":"column"}],"isInner":false,"elType":"section"}]}