{"version":"0.4","title":"Template kit Restaurant","type":"popup","content":[{"id":"1817258f","settings":{"content_width":{"unit":"px","size":500,"sizes":[]},"slider_delay":"5000","z_index":0,"css_classes":"gc-templatekit-popup","margin":{"unit":"px","top":"0","right":0,"bottom":"0","left":0,"isLinked":false},"margin_mobile":{"unit":"px","top":"0","right":0,"bottom":"0","left":0,"isLinked":false},"padding":{"unit":"px","top":"45","right":"0","bottom":"0","left":"0","isLinked":false}},"elements":[{"id":"51045470","settings":{"_column_size":100,"_inline_size":null,"slider_delay":"5000","padding":{"unit":"px","top":"10","right":"50","bottom":"10","left":"50","isLinked":false},"margin":{"unit":"px","top":"0","right":"0","bottom":"0","left":"0","isLinked":false},"margin_mobile":{"unit":"px","top":"0","right":"0","bottom":"0","left":"0","isLinked":false},"padding_mobile":{"unit":"px","top":"0","right":"20","bottom":"0","left":"20","isLinked":false},"z_index":0},"elements":[{"id":"69a75de9","settings":{"image":{"id":6487,"url":"https:\/\/wpbuilt.co\/demo\/wp-content\/uploads\/2020\/02\/leaf-tk.png"}},"elements":[],"isInner":false,"widgetType":"image","elType":"widget"},{"id":"193a753c","settings":{"slider_delay":"5000"},"elements":[{"id":"2bbecbd2","settings":{"_column_size":100,"_inline_size":null,"padding":{"unit":"px","top":"0","right":"0","bottom":"1","left":"0","isLinked":false},"slider_delay":"5000","z_index":0},"elements":[{"id":"384296e3","settings":{"editor":"<p>NEWSLETTER<\/p>","align":"center","text_color":"#FC6D4F","typography_typography":"custom","typography_font_family":"Poppins","typography_font_size":{"unit":"px","size":12.050000000000000710542735760100185871124267578125,"sizes":[]},"typography_font_weight":"400","typography_text_transform":"uppercase"},"elements":[],"isInner":false,"widgetType":"text-editor","elType":"widget"},{"id":"1ba60724","settings":{"title":"Subscribe to Our Newsletter to Know the Latest News About Asian Cuisine","align":"center","title_color":"#1C1C1C","typography_typography":"custom","typography_font_family":"Lora","typography_font_size":{"unit":"px","size":24,"sizes":[]},"typography_font_weight":"400","typography_line_height":{"unit":"em","size":1.3000000000000000444089209850062616169452667236328125,"sizes":[]},"_padding":{"unit":"px","top":"0","right":"0","bottom":"0","left":"0","isLinked":false},"typography_font_size_mobile":{"unit":"px","size":25,"sizes":[]},"_margin":{"unit":"px","top":"-30","right":"0","bottom":"0","left":"0","isLinked":false},"_margin_mobile":{"unit":"px","top":"0","right":"0","bottom":"0","left":"0","isLinked":false},"_padding_mobile":{"unit":"px","top":"0","right":"0","bottom":"0","left":"0","isLinked":false}},"elements":[],"isInner":false,"widgetType":"heading","elType":"widget"},{"id":"5ab9b2a","settings":{"form_name":"New Form","form_fields":[{"custom_id":"name","field_type":"text","field_label":"Name","placeholder":"Your Name","width":"100","_id":"5d07d5d","required":"true","field_options":"","allow_multiple":"","select_size":"","inline_list":"","field_html":"","width_tablet":"","width_mobile":"","rows":4,"recaptcha_size":"normal","recaptcha_style":"light","recaptcha_badge":"bottomright","css_classes":"","field_value":"","file_sizes":"","file_types":"","allow_multiple_upload":"","max_files":"","acceptance_text":"","checked_by_default":"","field_min":"","field_max":"","min_date":"","max_date":"","use_native_date":"","use_native_time":""},{"custom_id":"email","field_type":"email","field_label":"Email","placeholder":"Email Address","width":"100","required":"true","field_options":"","allow_multiple":"","select_size":"","inline_list":"","field_html":"","width_tablet":"","width_mobile":"","rows":4,"recaptcha_size":"normal","recaptcha_style":"light","recaptcha_badge":"bottomright","css_classes":"","field_value":"","_id":"16ef15c","file_sizes":"","file_types":"","allow_multiple_upload":"","max_files":"","acceptance_text":"","checked_by_default":"","field_min":"","field_max":"","min_date":"","max_date":"","use_native_date":"","use_native_time":""}],"show_labels":"","button_text":"subscribe","email_content":"[all-fields]","email_content_2":"[all-fields]","success_message":"The form was sent successfully.","error_message":"An error occured.","required_field_message":"This field is required.","invalid_message":"There's something wrong. The form is invalid.","row_gap":{"unit":"px","size":40,"sizes":[]},"html_typography_typography":"custom","html_typography_font_family":"Poppins","html_typography_font_size":{"unit":"px","size":18,"sizes":[]},"field_border_color":"#CAC8C8","field_border_width":{"unit":"px","top":"0","right":"0","bottom":"1","left":"0","isLinked":false},"field_border_radius":{"unit":"px","top":"0","right":"0","bottom":"0","left":"0","isLinked":false},"button_background_color":"#FC6D4F","button_align":"center","field_text_color":"#666666","field_typography_typography":"custom","field_typography_font_family":"Poppins","field_typography_font_size":{"unit":"px","size":18,"sizes":[]},"button_typography_typography":"custom","button_typography_font_family":"Poppins","button_typography_font_size":{"unit":"px","size":18,"sizes":[]},"button_border_border":"solid","button_border_width":{"unit":"px","top":"1","right":"1","bottom":"1","left":"1","isLinked":true},"button_border_color":"#FC6D4F","button_border_radius":{"unit":"px","top":"0","right":"0","bottom":"0","left":"0","isLinked":false},"button_text_padding":{"unit":"px","top":"20","right":"50","bottom":"20","left":"40","isLinked":false},"button_background_hover_color":"#FFFFFF","button_hover_color":"#FC6D4F","button_hover_border_color":"#FC6D4F","button_typography_letter_spacing":{"unit":"px","size":1.899999999999999911182158029987476766109466552734375,"sizes":[]}},"elements":[],"isInner":false,"widgetType":"form","elType":"widget"}],"isInner":true,"elType":"column"}],"isInner":true,"elType":"section"}],"isInner":false,"elType":"column"}],"isInner":false,"elType":"section"}],"page_settings":{"width":{"unit":"px","size":"590","sizes":[]},"height":{"unit":"px","size":"550","sizes":[]},"entrance_animation":"fadeIn","custom_css":".gc-templatekit-popup button:after {\n    content: url(https:\/\/wpbuilt.co\/demo\/wp-content\/uploads\/2020\/02\/arrow_right-resto.png);\n    float: right;\n    display: inline-block;\n    margin: -20px -20px 0 0;\n}\n \n#elementor-popup-modal-6488 .dialog-message{\n        margin: -10px -45px -65px -45px;\n        overflow: hidden;\n\n} \n#elementor-popup-modal-6488 .dialog-message:before{\n    content:url(\"https:\/\/wpbuilt.co\/demo\/wp-content\/uploads\/2020\/02\/Seeds2.png\");\n    position:absolute;\n    top:-45px;\n    \n}\n#elementor-popup-modal-6488 .dialog-message:after{\n     content:url(\"https:\/\/wpbuilt.co\/demo\/wp-content\/uploads\/2020\/02\/wooden-spoon.png\");\n    position:absolute;\n    bottom:-45px;\n    right: -50px;\n}\n.gc-templatekit-popup input{\n    padding:6px 0 !important;\n    background-image: url(https:\/\/wpbuilt.co\/demo\/wp-content\/uploads\/2020\/03\/asterisk-bg.png);\n    background-repeat: no-repeat;\n    background-position: center right;\n}\n\n@media screen and (max-width:568px){\n    #elementor-popup-modal-6488 .dialog-message:before,#elementor-popup-modal-6488 .dialog-message:after{\n        display:none;\n    }\n    #elementor-popup-modal-6488 .dialog-message{\n        margin: 0;\n} \n    \n}","height_type":"custom","height_mobile":{"unit":"px","size":"600","sizes":[]},"close_button_color":"#666666","close_button_hover_color":"#000000"}}