{"version":"0.4","title":"Restaurant Kit &#8211; About","type":"page","content":[{"id":"66867d08","settings":{"content_width":{"unit":"px","size":1280,"sizes":[]},"slider_delay":"5000","z_index":1,"padding":{"unit":"px","top":"10","right":"0","bottom":"0","left":"0","isLinked":false},"_title":"Section","animation":"fadeIn","margin_tablet":{"unit":"px","top":"0","right":0,"bottom":"0","left":0,"isLinked":false},"padding_tablet":{"unit":"px","top":"0","right":"0","bottom":"0","left":"0","isLinked":false},"background_background":"classic","background_image":{"url":"https:\/\/wpbuilt.co\/demo\/wp-content\/uploads\/2020\/02\/aboutpage-bg.jpg","id":6223},"background_position":"top center","background_position_tablet":"center center","background_xpos_tablet":{"unit":"px","size":-190,"sizes":[]},"background_repeat_tablet":"no-repeat","margin_mobile":{"unit":"px","top":"0","right":0,"bottom":"0","left":0,"isLinked":false},"padding_mobile":{"unit":"px","top":"0","right":"0","bottom":"0","left":"0","isLinked":false},"background_position_mobile":"center center","background_size":"cover","background_image_mobile":{"url":"https:\/\/wpbuilt.co\/demo\/wp-content\/uploads\/2020\/02\/mobile-resto-bg.jpg","id":7188}},"elements":[{"id":"392c848e","settings":{"_column_size":100,"slider_delay":"5000","padding":{"unit":"px","top":"0","right":"0","bottom":"0","left":"0","isLinked":false}},"elements":[{"id":"188384e","settings":{"layout":"full_width","structure":"30","slider_delay":"5000","css_classes":"gc-nav-link"},"elements":[{"id":"3e03cf53","settings":{"_column_size":33,"_inline_size":36.09400000000000119371179607696831226348876953125,"content_position":"center","slider_delay":"5000","_inline_size_tablet":25,"_inline_size_mobile":30},"elements":[{"id":"238ba32d","settings":{"image":{"url":"https:\/\/wpbuilt.co\/demo\/wp-content\/uploads\/2020\/02\/header-logo-resto.png","id":6081},"align":"left","link_to":"custom","link":{"url":"https:\/\/wpbuilt.co\/demo\/templatekit_restaurant\/","is_external":"","nofollow":""}},"elements":[],"isInner":false,"widgetType":"image","elType":"widget"}],"isInner":true,"elType":"column"},{"id":"133b3f5c","settings":{"_column_size":33,"_inline_size":44.84400000000000119371179607696831226348876953125,"content_position":"center","slider_delay":"5000","_inline_size_tablet":35,"_inline_size_mobile":20},"elements":[{"id":"1f1a06f6","settings":{"pointer":"none","indicator":"none","menu_typography_typography":"custom","menu_typography_font_family":"Poppins","menu_typography_font_size":{"unit":"px","size":18.230000000000000426325641456060111522674560546875,"sizes":[]},"menu_typography_font_weight":"400","menu_typography_text_transform":"uppercase","color_menu_item":"#666666","color_menu_item_hover":"#333334","color_menu_item_active":"#333334","padding_horizontal_menu_item":{"unit":"px","size":0,"sizes":[]},"padding_vertical_menu_item":{"unit":"px","size":0,"sizes":[]},"menu_space_between":{"unit":"px","size":60,"sizes":[]},"full_width":"stretch","toggle_align":"right","toggle_background_color":"rgba(0,0,0,0)","padding_horizontal_menu_item_tablet":{"unit":"px","size":0,"sizes":[]},"dropdown_typography_typography":"custom","dropdown_typography_font_size_tablet":{"unit":"px","size":17,"sizes":[]},"dropdown_typography_font_size_mobile":{"unit":"px","size":15,"sizes":[]},"dropdown_top_distance_tablet":{"unit":"px","size":20,"sizes":[]},"dropdown_top_distance_mobile":{"unit":"px","size":15,"sizes":[]}},"elements":[],"isInner":false,"widgetType":"nav-menu","elType":"widget"}],"isInner":true,"elType":"column"},{"id":"1528e5b7","settings":{"_column_size":33,"_inline_size":19.06099999999999994315658113919198513031005859375,"content_position":"center","slider_delay":"5000","margin":{"unit":"px","top":"0","right":"0","bottom":"0","left":"0","isLinked":false},"_inline_size_tablet":40,"_inline_size_mobile":50},"elements":[{"id":"49ae4d4","settings":{"text":"book  a table","icon_align":"right","typography_typography":"custom","typography_font_family":"Poppins","typography_font_weight":"500","typography_text_transform":"uppercase","background_color":"#fc6d4f","hover_color":"#fc6d4f","button_background_hover_color":"#ffffff","border_border":"solid","border_width":{"unit":"px","top":"1","right":"1","bottom":"1","left":"1","isLinked":true},"border_color":"#fc6d4f","text_padding":{"unit":"px","top":"18","right":"20","bottom":"18","left":"20","isLinked":false},"selected_icon":{"value":{"url":"https:\/\/wpbuilt.co\/demo\/wp-content\/uploads\/2020\/01\/right-white.svg","id":4593},"library":"svg"},"icon_indent":{"unit":"px","size":15,"sizes":[]},"_css_classes":"gc-arrow-btn","typography_font_size":{"unit":"px","size":18,"sizes":[]},"border_radius":{"unit":"px","top":"0","right":"0","bottom":"0","left":"0","isLinked":false},"align_tablet":"justify","align_mobile":"justify","typography_font_size_mobile":{"unit":"px","size":15,"sizes":[]},"text_padding_mobile":{"unit":"px","top":"15","right":"15","bottom":"15","left":"15","isLinked":true},"typography_letter_spacing":{"unit":"px","size":1.600000000000000088817841970012523233890533447265625,"sizes":[]},"typography_letter_spacing_mobile":{"unit":"px","size":0.5,"sizes":[]}},"elements":[],"isInner":false,"widgetType":"button","elType":"widget"}],"isInner":true,"elType":"column"}],"isInner":true,"elType":"section"},{"id":"5ec20763","settings":{"content_width":{"unit":"px","size":530,"sizes":[]},"slider_delay":"5000","padding":{"unit":"px","top":"130","right":"0","bottom":"120","left":"0","isLinked":false},"padding_tablet":{"unit":"px","top":"90","right":"0","bottom":"100","left":"0","isLinked":false},"padding_mobile":{"unit":"px","top":"100","right":"0","bottom":"80","left":"0","isLinked":false},"css_classes":"gc-about-heading"},"elements":[{"id":"d7e164e","settings":{"_column_size":100,"_inline_size":null,"slider_delay":"5000","margin_mobile":{"unit":"px","top":"0","right":"0","bottom":"0","left":"0","isLinked":false},"animation":"fadeIn"},"elements":[{"id":"5f9c7ed","settings":{"editor":"<p>INFORMATION ON US<\/p>","align":"center","text_color":"#fc6d4f","typography_typography":"custom","typography_font_family":"Poppins","typography_font_size":{"unit":"px","size":12.019999999999999573674358543939888477325439453125,"sizes":[]},"typography_font_weight":"300","typography_text_transform":"uppercase","typography_letter_spacing":{"unit":"px","size":0.5,"sizes":[]}},"elements":[],"isInner":false,"widgetType":"text-editor","elType":"widget"},{"id":"108a4f02","settings":{"title":"About Bistro<span>.<\/span>","header_size":"h1","align":"center","title_color":"#1c1c1c","typography_typography":"custom","typography_font_family":"Lora","typography_font_size":{"unit":"px","size":60.0499999999999971578290569595992565155029296875,"sizes":[]},"typography_font_weight":"400","typography_font_size_tablet":{"unit":"px","size":40,"sizes":[]}},"elements":[],"isInner":false,"widgetType":"heading","elType":"widget"},{"id":"5d16583b","settings":{"editor":"<p>The importance of food is obvious and essential, which is why your food is important to us!<\/p>","align":"center","text_color":"#666666","typography_typography":"custom","typography_font_family":"Poppins","typography_font_size":{"unit":"px","size":18.019999999999999573674358543939888477325439453125,"sizes":[]},"typography_font_size_tablet":{"unit":"px","size":16,"sizes":[]},"_margin_tablet":{"unit":"px","top":"0","right":"0","bottom":"0","left":"0","isLinked":false}},"elements":[],"isInner":false,"widgetType":"text-editor","elType":"widget"}],"isInner":true,"elType":"column"}],"isInner":true,"elType":"section"}],"isInner":false,"elType":"column"}],"isInner":false,"elType":"section"},{"id":"7c217bef","settings":{"content_width":{"unit":"px","size":1440,"sizes":[]},"structure":"20","slider_delay":"5000","margin_mobile":{"unit":"px","top":"0","right":0,"bottom":"0","left":0,"isLinked":false},"padding":{"unit":"px","top":"100","right":"0","bottom":"130","left":"0","isLinked":false},"padding_mobile":{"unit":"px","top":"30","right":"20","bottom":"30","left":"20","isLinked":false},"motion_fx_motion_fx_scrolling":"yes","motion_fx_blur_level":{"unit":"px","size":1,"sizes":[]},"padding_tablet":{"unit":"px","top":"20","right":"0","bottom":"30","left":"0","isLinked":false}},"elements":[{"id":"b5af2f9","settings":{"_column_size":50,"_inline_size":null,"_inline_size_tablet":100,"slider_delay":"5000","hide_tablet":"hidden-tablet"},"elements":[{"id":"3fae7d59","settings":{"image":{"url":"https:\/\/wpbuilt.co\/demo\/wp-content\/uploads\/2020\/02\/aboutpage-img-1.jpg","id":6224},"_animation":"zoomIn","hide_tablet":"hidden-tablet","_css_classes":"gc-chef-image","_animation_mobile":"fadeIn"},"elements":[],"isInner":false,"widgetType":"image","elType":"widget"}],"isInner":false,"elType":"column"},{"id":"12d1cfe7","settings":{"_column_size":50,"_inline_size":null,"_inline_size_tablet":100,"slider_delay":"5000","margin_mobile":{"unit":"px","top":"0","right":"0","bottom":"0","left":"0","isLinked":false},"padding_tablet":{"unit":"px","top":"0","right":"20","bottom":"20","left":"20","isLinked":false},"padding_mobile":{"unit":"px","top":"0","right":"0","bottom":"0","left":"0","isLinked":false}},"elements":[{"id":"7828514f","settings":{"structure":"20","slider_delay":"5000","margin_mobile":{"unit":"px","top":"0","right":0,"bottom":"0","left":0,"isLinked":false},"padding_mobile":{"unit":"px","top":"0","right":"0","bottom":"0","left":"0","isLinked":false}},"elements":[{"id":"10bd77f3","settings":{"_column_size":50,"_inline_size":null,"_inline_size_mobile":100,"content_position":"bottom","slider_delay":"5000","padding":{"unit":"px","top":"0","right":"0","bottom":"0","left":"0","isLinked":false},"_inline_size_tablet":100},"elements":[{"id":"416b63ec","settings":{"editor":"<p>welcome<\/p>","align":"left","text_color":"#fc6d4f","typography_typography":"custom","typography_font_family":"Poppins","typography_font_size":{"unit":"px","size":12.019999999999999573674358543939888477325439453125,"sizes":[]},"typography_font_weight":"300","typography_text_transform":"uppercase","typography_letter_spacing":{"unit":"px","size":0.5,"sizes":[]},"align_mobile":"center","align_tablet":"center"},"elements":[],"isInner":false,"widgetType":"text-editor","elType":"widget"}],"isInner":true,"elType":"column"},{"id":"5671099c","settings":{"_column_size":50,"_inline_size":null,"_inline_size_mobile":100,"slider_delay":"5000","hide_mobile":"hidden-phone","_inline_size_tablet":100,"hide_tablet":"hidden-tablet"},"elements":[{"id":"168c1f6c","settings":{"image":{"url":"https:\/\/wpbuilt.co\/demo\/wp-content\/uploads\/2020\/02\/bay-leaf.png","id":6079},"align":"right","_animation":"rollIn","_animation_mobile":"fadeIn"},"elements":[],"isInner":false,"widgetType":"image","elType":"widget"}],"isInner":true,"elType":"column"}],"isInner":true,"elType":"section"},{"id":"6f8ec7d","settings":{"title":"Serving the best North Asian Cuisine","align_mobile":"center","title_color":"#1c1c1c","typography_typography":"custom","typography_font_family":"Lora","typography_font_size":{"unit":"px","size":48.03999999999999914734871708787977695465087890625,"sizes":[]},"typography_font_size_mobile":{"unit":"px","size":25,"sizes":[]},"typography_font_weight":"400","typography_line_height_mobile":{"unit":"em","size":1.3000000000000000444089209850062616169452667236328125,"sizes":[]},"_margin_mobile":{"unit":"px","top":"0","right":"0","bottom":"0","left":"0","isLinked":false},"_padding_mobile":{"unit":"px","top":"10","right":"0","bottom":"0","left":"0","isLinked":false},"_animation":"fadeIn","typography_line_height":{"unit":"em","size":1.1999999999999999555910790149937383830547332763671875,"sizes":[]},"_css_classes":"gc-welcome-text","align_tablet":"center"},"elements":[],"isInner":false,"widgetType":"heading","elType":"widget"},{"id":"41cd3955","settings":{"editor":"<p>North Asian cuisine is often synonymous with Russian cuisine, due to all of Northern Asia being a part of the Russian Federation. However, some cultures or areas of Siberia have in-depth cuisine, such as the Yakuts (or Sakha) and Yamal cuisine. Buryats also have their own cuisine, although it is very similar to that of the related Mongolians.<\/p><p>In Siberia, pelmeni is frozen outdoors to preserve the meat inside throughout the long winter.\u00a0<\/p>","align_mobile":"center","text_color":"#666666","typography_typography":"custom","typography_font_family":"Poppins","typography_font_size":{"unit":"px","size":18,"sizes":[]},"typography_font_size_mobile":{"unit":"px","size":15,"sizes":[]},"align_tablet":"center"},"elements":[],"isInner":false,"widgetType":"text-editor","elType":"widget"},{"id":"75a1ccfc","settings":{"image":{"url":"","id":""},"title_text":"jonathan doe","description_text":"bistro's no. 1 chef","position":"left","title_bottom_space":{"unit":"px","size":0,"sizes":[]},"title_color":"#fc6d4f","title_typography_typography":"custom","title_typography_font_family":"RomeoFans","title_typography_font_size":{"unit":"px","size":24,"sizes":[]},"title_typography_text_transform":"capitalize","description_color":"#666666","description_typography_typography":"custom","description_typography_font_family":"Poppins","description_typography_font_size":{"unit":"px","size":12.0099999999999997868371792719699442386627197265625,"sizes":[]},"description_typography_font_weight":"300","description_typography_text_transform":"uppercase","description_typography_letter_spacing":{"unit":"px","size":0.6999999999999999555910790149937383830547332763671875,"sizes":[]},"_padding":{"unit":"px","top":"50","right":"0","bottom":"0","left":"0","isLinked":false},"_padding_mobile":{"unit":"px","top":"0","right":"0","bottom":"0","left":"0","isLinked":false},"_animation":"fadeIn","title_typography_font_weight":"400","text_align_tablet":"center"},"elements":[],"isInner":false,"widgetType":"image-box","elType":"widget"}],"isInner":false,"elType":"column"}],"isInner":false,"elType":"section"},{"id":"4d04fc7f","settings":{"content_width":{"unit":"px","size":1980,"sizes":[]},"structure":"40","slider_delay":"5000","custom_height_inner":{"unit":"px","size":"","sizes":[]},"margin":{"unit":"px","top":"0","right":0,"bottom":"0","left":0,"isLinked":false},"padding":{"unit":"px","top":"0","right":"0","bottom":"0","left":"0","isLinked":false},"margin_mobile":{"unit":"px","top":"0","right":0,"bottom":"0","left":0,"isLinked":false},"padding_mobile":{"unit":"px","top":"0","right":"0","bottom":"0","left":"0","isLinked":false}},"elements":[{"id":"47aca106","settings":{"_column_size":25,"_inline_size":17.39999999999999857891452847979962825775146484375,"slider_delay":"5000","background_background":"classic","padding":{"unit":"px","top":"0","right":"0","bottom":"0","left":"0","isLinked":false},"_inline_size_tablet":50,"css_classes":"gc-cta-col"},"elements":[{"id":"2bf0be44","settings":{"space":{"unit":"px","size":320,"sizes":[]},"_background_background":"classic","_background_image":{"url":"https:\/\/wpbuilt.co\/demo\/wp-content\/uploads\/2020\/02\/stay-connected-img-1.jpg","id":6094},"_background_size":"cover","space_tablet":{"unit":"px","size":320,"sizes":[]},"_animation":"zoomInLeft","_animation_mobile":"fadeIn","_margin_mobile":{"unit":"px","top":"0","right":"10","bottom":"0","left":"10","isLinked":false}},"elements":[],"isInner":false,"widgetType":"spacer","elType":"widget"},{"id":"190c820a","settings":{"space":{"unit":"px","size":320,"sizes":[]},"_margin":{"unit":"px","top":"-20","right":"0","bottom":"0","left":"0","isLinked":false},"_padding":{"unit":"px","top":"0","right":"0","bottom":"0","left":"0","isLinked":false},"_background_background":"classic","_background_image":{"url":"https:\/\/wpbuilt.co\/demo\/wp-content\/uploads\/2020\/02\/stay-connected-img-2.jpg","id":6095},"_background_size":"cover","_animation":"zoomInLeft","_animation_delay":200,"_margin_mobile":{"unit":"px","top":"0","right":"10","bottom":"0","left":"10","isLinked":false}},"elements":[],"isInner":false,"widgetType":"spacer","elType":"widget"}],"isInner":true,"elType":"column"},{"id":"4bac2b02","settings":{"_column_size":25,"_inline_size":32.60000000000000142108547152020037174224853515625,"slider_delay":"5000","background_background":"classic","padding":{"unit":"px","top":"0","right":"0","bottom":"0","left":"0","isLinked":false},"_inline_size_tablet":50},"elements":[{"id":"2e0869e1","settings":{"space":{"unit":"px","size":640,"sizes":[]},"_background_background":"classic","_background_image":{"url":"https:\/\/wpbuilt.co\/demo\/wp-content\/uploads\/2020\/02\/stay-connected-img-3.jpg","id":6096},"_background_position":"center center","_background_repeat":"no-repeat","_background_size":"cover","_animation":"zoomIn","_margin_mobile":{"unit":"px","top":"20","right":"10","bottom":"0","left":"10","isLinked":false},"space_mobile":{"unit":"px","size":320,"sizes":[]}},"elements":[],"isInner":false,"widgetType":"spacer","elType":"widget"}],"isInner":true,"elType":"column"},{"id":"5e3d1053","settings":{"_column_size":25,"_inline_size":32.60000000000000142108547152020037174224853515625,"slider_delay":"5000","background_background":"classic","padding":{"unit":"px","top":"0","right":"0","bottom":"0","left":"0","isLinked":true},"_inline_size_tablet":50,"content_position_tablet":"center","padding_tablet":{"unit":"px","top":"0","right":"0","bottom":"0","left":"0","isLinked":false},"padding_mobile":{"unit":"px","top":"20","right":"0","bottom":"20","left":"0","isLinked":false},"animation":"fadeIn"},"elements":[{"id":"9be834c","settings":{"space":{"unit":"px","size":640,"sizes":[]},"_background_background":"classic","_background_image":{"url":"https:\/\/wpbuilt.co\/demo\/wp-content\/uploads\/2020\/02\/about-sausage.jpg","id":6218},"_background_position":"center center","_background_repeat":"no-repeat","_background_size":"cover","_animation":"zoomIn","_margin_mobile":{"unit":"px","top":"0","right":"10","bottom":"0","left":"10","isLinked":false},"_padding_mobile":{"unit":"px","top":"0","right":"0","bottom":"0","left":"0","isLinked":false},"space_mobile":{"unit":"px","size":320,"sizes":[]}},"elements":[],"isInner":false,"widgetType":"spacer","elType":"widget"}],"isInner":true,"elType":"column"},{"id":"545422be","settings":{"_column_size":25,"_inline_size":17.39999999999999857891452847979962825775146484375,"slider_delay":"5000","padding":{"unit":"px","top":"0","right":"0","bottom":"0","left":"0","isLinked":false},"_inline_size_tablet":50,"css_classes":"gc-cta-col"},"elements":[{"id":"447330cc","settings":{"space":{"unit":"px","size":320,"sizes":[]},"_background_background":"classic","_background_image":{"url":"https:\/\/wpbuilt.co\/demo\/wp-content\/uploads\/2020\/02\/stay-connected-img-4.jpg","id":6097},"_background_position":"center center","_background_size":"cover","_animation":"zoomInRight","_animation_delay":200,"_animation_mobile":"fadeIn","_margin_mobile":{"unit":"px","top":"0","right":"10","bottom":"0","left":"10","isLinked":false}},"elements":[],"isInner":false,"widgetType":"spacer","elType":"widget"},{"id":"942f6d8","settings":{"space":{"unit":"px","size":320,"sizes":[]},"_margin":{"unit":"px","top":"-20","right":"0","bottom":"0","left":"0","isLinked":false},"_background_background":"classic","_background_image":{"url":"https:\/\/wpbuilt.co\/demo\/wp-content\/uploads\/2020\/02\/stay-connected-img-5.jpg","id":6098},"_margin_mobile":{"unit":"px","top":"0","right":"10","bottom":"0","left":"10","isLinked":false},"_padding_mobile":{"unit":"px","top":"0","right":"0","bottom":"0","left":"0","isLinked":false},"_animation":"zoomInRight","_background_repeat":"no-repeat","_animation_mobile":"fadeIn","_background_size_tablet":"cover","_background_size_mobile":"cover","_background_size":"cover"},"elements":[],"isInner":false,"widgetType":"spacer","elType":"widget"}],"isInner":true,"elType":"column"}],"isInner":true,"elType":"section"},{"id":"255eb7ea","settings":{"layout":"full_width","slider_delay":"5000","padding":{"unit":"px","top":"125","right":"0","bottom":"100","left":"0","isLinked":false},"padding_tablet":{"unit":"px","top":"20","right":"20","bottom":"20","left":"20","isLinked":true}},"elements":[{"id":"6c410d1e","settings":{"_column_size":100,"background_background":"classic","background_image":{"url":"https:\/\/wpbuilt.co\/demo\/wp-content\/uploads\/2020\/02\/Seeds.png","id":6093},"background_image_tablet":{"url":"https:\/\/wpbuilt.co\/demo\/wp-content\/uploads\/2019\/12\/white-blog-bg.png","id":3725},"background_position":"initial","background_xpos":{"unit":"px","size":150,"sizes":[]},"background_ypos":{"unit":"px","size":9,"sizes":[]},"background_repeat":"no-repeat","slider_delay":"5000"},"elements":[{"id":"c6cb302","settings":{"editor":"<p>MEET THE CREATORS<\/p>","align":"center","text_color":"#fc6d4f","typography_typography":"custom","typography_font_family":"Poppins","typography_font_size":{"unit":"px","size":12.019999999999999573674358543939888477325439453125,"sizes":[]},"typography_font_weight":"300","typography_text_transform":"uppercase","typography_letter_spacing":{"unit":"px","size":0.5,"sizes":[]},"_margin_mobile":{"unit":"px","top":"0","right":"0","bottom":"-20","left":"0","isLinked":false},"_padding_mobile":{"unit":"px","top":"0","right":"0","bottom":"0","left":"0","isLinked":false}},"elements":[],"isInner":false,"widgetType":"text-editor","elType":"widget"},{"id":"675bf1dd","settings":{"title":"Chefs From The Most Delicious <br>\nCorners Of The World\n","align":"center","title_color":"#1c1c1c","typography_typography":"custom","typography_font_family":"Lora","typography_font_size":{"unit":"px","size":48.219999999999998863131622783839702606201171875,"sizes":[]},"typography_font_size_tablet":{"unit":"px","size":40,"sizes":[]},"typography_font_size_mobile":{"unit":"px","size":22,"sizes":[]},"typography_font_weight":"400","typography_line_height":{"unit":"em","size":1.3000000000000000444089209850062616169452667236328125,"sizes":[]},"_margin":{"unit":"px","top":"-35","right":"0","bottom":"0","left":"0","isLinked":false},"_margin_mobile":{"unit":"px","top":"0","right":"0","bottom":"0","left":"0","isLinked":false},"_padding":{"unit":"px","top":"0","right":"0","bottom":"0","left":"0","isLinked":false},"_padding_mobile":{"unit":"px","top":"0","right":"0","bottom":"0","left":"0","isLinked":false}},"elements":[],"isInner":false,"widgetType":"heading","elType":"widget"},{"id":"3d0ae6c3","settings":{"content_width":{"unit":"px","size":1320,"sizes":[]},"structure":"30","slider_delay":"5000","padding":{"unit":"px","top":"30","right":"0","bottom":"0","left":"0","isLinked":false},"css_classes":"gc-chef-section"},"elements":[{"id":"4705ab8d","settings":{"_column_size":33,"_inline_size":null,"slider_delay":"5000","animation":"zoomIn"},"elements":[{"id":"6bee2af8","settings":{"image":{"url":"https:\/\/wpbuilt.co\/demo\/wp-content\/uploads\/2020\/02\/chef-1.jpg","id":6226}},"elements":[],"isInner":false,"widgetType":"image","elType":"widget"},{"id":"267f32a6","settings":{"title":"Chef Peter Chapman","align":"center","title_color":"#1c1c1c","typography_typography":"custom","typography_font_family":"Lora","typography_font_size":{"unit":"px","size":30.0799999999999982946974341757595539093017578125,"sizes":[]},"typography_font_size_tablet":{"unit":"px","size":21,"sizes":[]},"typography_font_weight":"400","_padding":{"unit":"px","top":"20","right":"0","bottom":"0","left":"0","isLinked":false}},"elements":[],"isInner":false,"widgetType":"heading","elType":"widget"},{"id":"4851d7ae","settings":{"editor":"<p>He has always woven strong ties with his suppliers, those women and men who share his values and help him fulfill his mission as a cook: to glorify the authentic tastes of each product.<\/p>","align":"center","text_color":"#666666","typography_typography":"custom","typography_font_family":"Poppins","typography_font_size":{"unit":"px","size":18.050000000000000710542735760100185871124267578125,"sizes":[]},"typography_font_size_tablet":{"unit":"px","size":16,"sizes":[]},"_padding":{"unit":"px","top":"0","right":"40","bottom":"0","left":"40","isLinked":false},"_padding_tablet":{"unit":"px","top":"0","right":"0","bottom":"0","left":"0","isLinked":false}},"elements":[],"isInner":false,"widgetType":"text-editor","elType":"widget"}],"isInner":true,"elType":"column"},{"id":"23bfe98","settings":{"_column_size":33,"_inline_size":null,"slider_delay":"5000","animation":"zoomIn"},"elements":[{"id":"444cb73","settings":{"image":{"url":"https:\/\/wpbuilt.co\/demo\/wp-content\/uploads\/2020\/02\/chef-2.jpg","id":6227}},"elements":[],"isInner":false,"widgetType":"image","elType":"widget"},{"id":"1976abc7","settings":{"title":"Chef Maria Stell","align":"center","title_color":"#1c1c1c","typography_typography":"custom","typography_font_family":"Lora","typography_font_size":{"unit":"px","size":30.0799999999999982946974341757595539093017578125,"sizes":[]},"typography_font_size_tablet":{"unit":"px","size":21,"sizes":[]},"typography_font_weight":"400","_padding":{"unit":"px","top":"20","right":"0","bottom":"0","left":"0","isLinked":false}},"elements":[],"isInner":false,"widgetType":"heading","elType":"widget"},{"id":"6c3e3e53","settings":{"editor":"<p>She\u00a0has opened a string of successful restaurants across the globe, from the UK and France to Singapore and Hong Kong, to the United States.<\/p>","align":"center","text_color":"#666666","typography_typography":"custom","typography_font_family":"Poppins","typography_font_size":{"unit":"px","size":18.050000000000000710542735760100185871124267578125,"sizes":[]},"typography_font_size_tablet":{"unit":"px","size":16,"sizes":[]},"_padding":{"unit":"px","top":"0","right":"40","bottom":"0","left":"40","isLinked":false},"_padding_tablet":{"unit":"px","top":"0","right":"0","bottom":"0","left":"0","isLinked":false}},"elements":[],"isInner":false,"widgetType":"text-editor","elType":"widget"}],"isInner":true,"elType":"column"},{"id":"7ba5bb2a","settings":{"_column_size":33,"_inline_size":null,"slider_delay":"5000","animation":"zoomIn"},"elements":[{"id":"2263372","settings":{"image":{"url":"https:\/\/wpbuilt.co\/demo\/wp-content\/uploads\/2020\/02\/chef-3.jpg","id":6228}},"elements":[],"isInner":false,"widgetType":"image","elType":"widget"},{"id":"6efea3a6","settings":{"title":"Chef Mark Williams","align":"center","title_color":"#1c1c1c","typography_typography":"custom","typography_font_family":"Lora","typography_font_size":{"unit":"px","size":30.0799999999999982946974341757595539093017578125,"sizes":[]},"typography_font_size_tablet":{"unit":"px","size":21,"sizes":[]},"typography_font_weight":"400","_padding":{"unit":"px","top":"20","right":"0","bottom":"0","left":"0","isLinked":false}},"elements":[],"isInner":false,"widgetType":"heading","elType":"widget"},{"id":"5fbd457e","settings":{"editor":"<p>He was discovered by French-born Master Chef Roland Henin and was tasked to cook staff meals at The Dunes Club.<\/p>","align":"center","text_color":"#666666","typography_typography":"custom","typography_font_family":"Poppins","typography_font_size":{"unit":"px","size":18.050000000000000710542735760100185871124267578125,"sizes":[]},"typography_font_size_tablet":{"unit":"px","size":16,"sizes":[]},"_padding":{"unit":"px","top":"0","right":"40","bottom":"0","left":"40","isLinked":false},"_padding_tablet":{"unit":"px","top":"0","right":"0","bottom":"0","left":"0","isLinked":false}},"elements":[],"isInner":false,"widgetType":"text-editor","elType":"widget"}],"isInner":true,"elType":"column"}],"isInner":true,"elType":"section"}],"isInner":false,"elType":"column"}],"isInner":false,"elType":"section"},{"id":"6a06364f","settings":{"layout":"full_width","slider_delay":"5000","padding":{"unit":"px","top":"55","right":"0","bottom":"95","left":"0","isLinked":false},"padding_tablet":{"unit":"px","top":"30","right":"0","bottom":"0","left":"0","isLinked":false},"animation":"fadeIn","css_classes":"gc-footer-section","padding_mobile":{"unit":"px","top":"10","right":"0","bottom":"0","left":"0","isLinked":false},"border_border":"solid","border_width":{"unit":"px","top":"1","right":"0","bottom":"0","left":"0","isLinked":false},"border_color":"#BDBEBD","border_radius":{"unit":"px","top":"0","right":"0","bottom":"0","left":"0","isLinked":false}},"elements":[{"id":"541b64ce","settings":{"_column_size":100,"slider_delay":"5000"},"elements":[{"id":"523bb600","settings":{"content_width":{"unit":"px","size":1220,"sizes":[]},"structure":"40","slider_delay":"5000","padding_tablet":{"unit":"px","top":"0","right":"20","bottom":"0","left":"20","isLinked":false}},"elements":[{"id":"252baad3","settings":{"_column_size":25,"_inline_size":null,"slider_delay":"5000","_inline_size_tablet":50},"elements":[{"id":"69b95adb","settings":{"image":{"url":"https:\/\/wpbuilt.co\/demo\/wp-content\/uploads\/2020\/02\/header-logo-resto.png","id":6081},"align":"left","link_to":"custom","link":{"url":"https:\/\/wpbuilt.co\/demo\/templatekit_restaurant\/","is_external":"","nofollow":""},"_padding":{"unit":"px","top":"0","right":"0","bottom":"20","left":"0","isLinked":false},"align_mobile":"center"},"elements":[],"isInner":false,"widgetType":"image","elType":"widget"},{"id":"21c1e41e","settings":{"social_icon_list":[{"social_icon":{"value":{"url":"https:\/\/wpbuilt.co\/demo\/wp-content\/uploads\/2020\/03\/facebook-f-brands.svg","id":6599},"library":"svg"},"_id":"f78288e","link":{"url":"https:\/\/www.facebook.com\/","is_external":"true","nofollow":""},"item_icon_color":"custom","item_icon_primary_color":"","item_icon_secondary_color":""},{"social_icon":{"value":"fab fa-twitter","library":"fa-brands"},"_id":"1eec998","link":{"url":"https:\/\/www.twitter.com\/","is_external":"true","nofollow":""},"item_icon_color":"default","item_icon_primary_color":"","item_icon_secondary_color":""},{"social_icon":{"value":"fab fa-instagram","library":"fa-brands"},"_id":"583e55f","link":{"url":"https:\/\/www.instagram.com\/","is_external":"true","nofollow":""},"item_icon_color":"default","item_icon_primary_color":"","item_icon_secondary_color":""},{"social_icon":{"value":{"url":"https:\/\/wpbuilt.co\/demo\/wp-content\/uploads\/2020\/03\/linkedin-in-brands.svg","id":6598},"library":"svg"},"_id":"6a5f062","link":{"url":"https:\/\/www.linkedin.com\/","is_external":"true","nofollow":""},"item_icon_color":"default","item_icon_primary_color":"","item_icon_secondary_color":""}],"shape":"square","align":"left","icon_color":"custom","icon_primary_color":"#f9f9f9","icon_secondary_color":"#fc6d4f","icon_spacing":{"unit":"px","size":10,"sizes":[]},"align_mobile":"center","icon_size_tablet":{"unit":"px","size":20,"sizes":[]}},"elements":[],"isInner":false,"widgetType":"social-icons","elType":"widget"}],"isInner":true,"elType":"column"},{"id":"7d34162d","settings":{"_column_size":25,"_inline_size":23.52499999999999857891452847979962825775146484375,"slider_delay":"5000","_inline_size_tablet":50},"elements":[{"id":"7b9f3e88","settings":{"title":"Quick Links","header_size":"h3","title_color":"#1c1c1c","typography_typography":"custom","typography_font_family":"Poppins","typography_font_size":{"unit":"px","size":18.21000000000000085265128291212022304534912109375,"sizes":[]},"typography_font_weight":"500","typography_text_transform":"uppercase","_padding":{"unit":"px","top":"0","right":"0","bottom":"20","left":"0","isLinked":false},"align_mobile":"center","typography_font_size_mobile":{"unit":"px","size":17,"sizes":[]}},"elements":[],"isInner":false,"widgetType":"heading","elType":"widget"},{"id":"46223e11","settings":{"icon_list":[{"text":"Home","selected_icon":{"value":"","library":""},"_id":"062708b","link":{"url":"https:\/\/wpbuilt.co\/demo\/templatekit_restaurant\/","is_external":"","nofollow":""}},{"text":"About","selected_icon":{"value":"","library":""},"_id":"44b5dd0","link":{"url":"https:\/\/wpbuilt.co\/demo\/templatekit-restaurant-about\/","is_external":"","nofollow":""}},{"text":"Menu","selected_icon":{"value":"","library":""},"_id":"4743780","link":{"url":"https:\/\/wpbuilt.co\/demo\/template-kit-menu\/","is_external":"","nofollow":""}},{"text":"News","selected_icon":{"value":"","library":""},"_id":"ffc1d7f","link":{"url":"https:\/\/wpbuilt.co\/demo\/template-kit-blogs\/","is_external":"","nofollow":""}},{"text":"Contact","selected_icon":{"value":"","library":""},"_id":"526615d","link":{"url":"https:\/\/wpbuilt.co\/demo\/template_kit-contact\/","is_external":"","nofollow":""}}],"space_between":{"unit":"px","size":5,"sizes":[]},"text_color":"#666666","text_color_hover":"#1c1c1c","text_indent":{"unit":"px","size":0,"sizes":[]},"icon_typography_typography":"custom","icon_typography_font_family":"Poppins","icon_typography_font_size":{"unit":"px","size":18,"sizes":[]},"icon_typography_font_weight":"400","icon_align_mobile":"center","icon_typography_font_size_tablet":{"unit":"px","size":16,"sizes":[]}},"elements":[],"isInner":false,"widgetType":"icon-list","elType":"widget"}],"isInner":true,"elType":"column"},{"id":"74022473","settings":{"_column_size":25,"_inline_size":26.47500000000000142108547152020037174224853515625,"slider_delay":"5000","_inline_size_tablet":50},"elements":[{"id":"5f9c2f1d","settings":{"title":"Have a questions?","header_size":"h3","title_color":"#1c1c1c","typography_typography":"custom","typography_font_family":"Poppins","typography_font_size":{"unit":"px","size":18.21000000000000085265128291212022304534912109375,"sizes":[]},"typography_font_weight":"500","typography_text_transform":"uppercase","_padding":{"unit":"px","top":"0","right":"0","bottom":"20","left":"0","isLinked":false},"align_mobile":"center","typography_font_size_mobile":{"unit":"px","size":17,"sizes":[]}},"elements":[],"isInner":false,"widgetType":"heading","elType":"widget"},{"id":"7bee10ef","settings":{"icon_list":[{"text":"143 Dummy St.  San Francisco, California, USA","selected_icon":{"value":"fas fa-map-marker-alt","library":"fa-solid"},"_id":"7530322","link":{"url":"https:\/\/goo.gl\/maps\/mxbL3JjxuubCqbhL6","is_external":"on","nofollow":""}},{"text":"+ 123 456 7890","selected_icon":{"value":"fas fa-phone-alt","library":"fa-solid"},"_id":"20389a6","link":{"url":"tel:+ 123 456 7890","is_external":"","nofollow":""}},{"text":"info@bistro.com","selected_icon":{"value":"fas fa-envelope","library":"fa-solid"},"_id":"a3196ec","link":{"url":"mailto:info@bistro.com","is_external":"","nofollow":""}}],"space_between":{"unit":"px","size":25,"sizes":[]},"icon_color":"#fc6d4f","icon_size":{"unit":"px","size":27,"sizes":[]},"icon_self_align":"left","text_color":"#666666","text_color_hover":"#1c1c1c","text_indent":{"unit":"px","size":0,"sizes":[]},"icon_typography_typography":"custom","icon_typography_font_family":"Poppins","icon_typography_font_size":{"unit":"px","size":18,"sizes":[]},"icon_typography_font_weight":"400","icon_align_mobile":"center","icon_typography_font_size_tablet":{"unit":"px","size":16,"sizes":[]}},"elements":[],"isInner":false,"widgetType":"icon-list","elType":"widget"}],"isInner":true,"elType":"column"},{"id":"6f23723","settings":{"_column_size":25,"_inline_size":null,"slider_delay":"5000","_inline_size_tablet":50},"elements":[{"id":"2060f2ce","settings":{"title":"opening hours","header_size":"h3","title_color":"#1c1c1c","typography_typography":"custom","typography_font_family":"Poppins","typography_font_size":{"unit":"px","size":18.21000000000000085265128291212022304534912109375,"sizes":[]},"typography_font_weight":"500","typography_text_transform":"uppercase","_padding":{"unit":"px","top":"0","right":"0","bottom":"20","left":"0","isLinked":false},"align_mobile":"center","typography_font_size_mobile":{"unit":"px","size":17,"sizes":[]}},"elements":[],"isInner":false,"widgetType":"heading","elType":"widget"},{"id":"5ebc434","settings":{"icon_list":[{"text":"Mon to Fri : 8:00 AM - 9:00 PM","selected_icon":{"value":"","library":""},"_id":"0fe29cf","link":{"url":"","is_external":"","nofollow":""}},{"text":"Saturday :\t8:00 AM - 11:00 PM","selected_icon":{"value":"","library":""},"_id":"7e89066","link":{"url":"","is_external":"","nofollow":""}},{"text":"Holidays:\t10:00 AM - 12:00 PM","selected_icon":{"value":"","library":""},"_id":"54e8fc8","link":{"url":"","is_external":"","nofollow":""}}],"text_color":"#666666","icon_typography_typography":"custom","icon_typography_font_family":"Poppins","icon_typography_font_size":{"unit":"px","size":18,"sizes":[]},"icon_align_mobile":"center","icon_typography_font_size_tablet":{"unit":"px","size":16,"sizes":[]}},"elements":[],"isInner":false,"widgetType":"icon-list","elType":"widget"}],"isInner":true,"elType":"column"}],"isInner":true,"elType":"section"}],"isInner":false,"elType":"column"}],"isInner":false,"elType":"section"},{"id":"120bbff0","settings":{"content_width":{"unit":"px","size":1920,"sizes":[]},"border_border":"solid","border_width":{"unit":"px","top":"1","right":"0","bottom":"0","left":"0","isLinked":false},"border_color":"#bdbebd","border_radius":{"unit":"px","top":"0","right":"0","bottom":"0","left":"0","isLinked":false},"slider_delay":"5000","padding":{"unit":"px","top":"25","right":"0","bottom":"25","left":"0","isLinked":false},"animation":"fadeInUp"},"elements":[{"id":"5abe3293","settings":{"_column_size":100,"slider_delay":"5000"},"elements":[{"id":"bd84aae","settings":{"title":"\u00a9 bistro 2020.all rights reserved.","header_size":"h3","align":"center","title_color":"#666666","typography_typography":"custom","typography_font_family":"Poppins","typography_font_size":{"unit":"px","size":18.21000000000000085265128291212022304534912109375,"sizes":[]},"typography_font_weight":"400","typography_text_transform":"uppercase","typography_letter_spacing":{"unit":"px","size":1.100000000000000088817841970012523233890533447265625,"sizes":[]},"typography_font_size_mobile":{"unit":"px","size":15,"sizes":[]},"typography_line_height_mobile":{"unit":"em","size":1.3000000000000000444089209850062616169452667236328125,"sizes":[]}},"elements":[],"isInner":false,"widgetType":"heading","elType":"widget"}],"isInner":false,"elType":"column"}],"isInner":false,"elType":"section"}],"page_settings":{"custom_css":".gc-arrow-btn svg {\n    height: auto;\n}\n.gc-nav-link a:hover{\n    font-weight: 500;\n    color: #000;\n}\n.gc-chef-section img:hover {\n   box-shadow: 30px 20px 10px 4px rgba(0, 0, 0, 0.15);\n   transition-duration: 1s;\n }\n.gc-about-heading h1 span{\n    color: #fc6d4f;\n}\n.gc-footer-section path{\n    color: #FC6D4F;\n}\n@media screen and (max-width:1440px) and (min-width:1336px){\n    .elementor-6145 .elementor-element.elementor-element-0018d3a{\n            padding: 100px 100px 130px 100px;\n\n    }\n}\n@media screen and (max-width:767px) and (min-width:640px){\n    .gc-chef-image img{\n            padding: 0 50px 0 50px !important;\n\n    }\n}\n@media screen and (max-width:767px){\n .gc-welcome-text h2 br{\n        display:none;\n    }\n}\n@media screen and (max-width:767px) and (min-width:480px){\n\n    .gc-cta-col .elementor-widget-wrap>.elementor-element{\n            width:50%;\n}\n.elementor-6067 .elementor-element.elementor-element-f95a6da > .elementor-element-populated,.elementor-6067 .elementor-element.elementor-element-76c5322 > .elementor-widget-container{\n    margin: 0 10px 0 10px ;\n}\n}\n\n@media screen and  (max-width:366px){\n .gc-nav-link span.elementor-button-icon.elementor-align-icon-right{\n        display:none;\n}\n}\n\/**Map Marker**\/\n\n@media screen and (max-width:425px) and (min-width:381px){\n    .gc-footer-section .fa-map-marker-alt:before {\n    margin: 0px 0 0 30px;\n}\n    \n}\n@media screen and (max-width:380px){\n    .gc-footer-section .fa-map-marker-alt:before{\n            margin: 0 0 0 20px;\n\n    }\n}","template":"elementor_header_footer"}}