{"version":"0.4","title":"Restaurant Kit &#8211; Contact","type":"page","content":[{"id":"31af37cb","settings":{"content_width":{"unit":"px","size":1280,"sizes":[]},"slider_delay":"5000","z_index":1,"padding":{"unit":"px","top":"10","right":"0","bottom":"0","left":"0","isLinked":false},"_title":"Header","animation":"fadeIn","margin_tablet":{"unit":"px","top":"0","right":0,"bottom":"0","left":0,"isLinked":false},"padding_tablet":{"unit":"px","top":"0","right":"0","bottom":"0","left":"0","isLinked":false},"background_background":"classic","background_image":{"url":"https:\/\/wpbuilt.co\/demo\/wp-content\/uploads\/2020\/03\/contact-banner-tk.jpg","id":6765},"background_position":"center center","background_repeat":"no-repeat","background_size":"cover","background_bg_width":{"unit":"px","size":1920,"sizes":[]},"background_position_mobile":"top center","background_xpos_mobile":{"unit":"px","size":-525,"sizes":[]},"background_image_mobile":{"url":"https:\/\/wpbuilt.co\/demo\/wp-content\/uploads\/2020\/02\/mobile-resto-bg.jpg","id":7188}},"elements":[{"id":"3e933b65","settings":{"_column_size":100,"slider_delay":"5000","padding":{"unit":"px","top":"0","right":"0","bottom":"0","left":"0","isLinked":false}},"elements":[{"id":"36f81546","settings":{"layout":"full_width","structure":"30","slider_delay":"5000","css_classes":"gc-nav-link"},"elements":[{"id":"4693ef6f","settings":{"_column_size":33,"_inline_size":36.09400000000000119371179607696831226348876953125,"content_position":"center","slider_delay":"5000","_inline_size_tablet":25,"_inline_size_mobile":30},"elements":[{"id":"40d5e353","settings":{"image":{"url":"https:\/\/wpbuilt.co\/demo\/wp-content\/uploads\/2020\/02\/header-logo-resto.png","id":6081},"align":"left","link_to":"custom","link":{"url":"https:\/\/wpbuilt.co\/demo\/templatekit_restaurant\/","is_external":"","nofollow":""}},"elements":[],"isInner":false,"widgetType":"image","elType":"widget"}],"isInner":true,"elType":"column"},{"id":"1851ba64","settings":{"_column_size":33,"_inline_size":44.84400000000000119371179607696831226348876953125,"content_position":"center","slider_delay":"5000","_inline_size_tablet":35,"_inline_size_mobile":20},"elements":[{"id":"7c11539b","settings":{"pointer":"none","indicator":"none","menu_typography_typography":"custom","menu_typography_font_family":"Poppins","menu_typography_font_size":{"unit":"px","size":18.230000000000000426325641456060111522674560546875,"sizes":[]},"menu_typography_font_weight":"400","menu_typography_text_transform":"uppercase","color_menu_item":"#666666","color_menu_item_hover":"#333334","color_menu_item_active":"#333334","padding_horizontal_menu_item":{"unit":"px","size":0,"sizes":[]},"padding_vertical_menu_item":{"unit":"px","size":0,"sizes":[]},"menu_space_between":{"unit":"px","size":60,"sizes":[]},"full_width":"stretch","toggle_align":"right","toggle_background_color":"rgba(0,0,0,0)","padding_horizontal_menu_item_tablet":{"unit":"px","size":0,"sizes":[]},"dropdown_typography_typography":"custom","dropdown_typography_font_size_tablet":{"unit":"px","size":17,"sizes":[]},"dropdown_typography_font_size_mobile":{"unit":"px","size":15,"sizes":[]},"dropdown_top_distance_tablet":{"unit":"px","size":20,"sizes":[]},"dropdown_top_distance_mobile":{"unit":"px","size":15,"sizes":[]}},"elements":[],"isInner":false,"widgetType":"nav-menu","elType":"widget"}],"isInner":true,"elType":"column"},{"id":"9816c36","settings":{"_column_size":33,"_inline_size":19.06099999999999994315658113919198513031005859375,"content_position":"center","slider_delay":"5000","margin":{"unit":"px","top":"0","right":"0","bottom":"0","left":"0","isLinked":false},"_inline_size_tablet":40,"_inline_size_mobile":50},"elements":[{"id":"b90158b","settings":{"text":"book  a table","icon_align":"right","typography_typography":"custom","typography_font_family":"Poppins","typography_font_weight":"500","typography_text_transform":"uppercase","background_color":"#fc6d4f","hover_color":"#fc6d4f","button_background_hover_color":"#ffffff","border_border":"solid","border_width":{"unit":"px","top":"1","right":"1","bottom":"1","left":"1","isLinked":true},"border_color":"#fc6d4f","text_padding":{"unit":"px","top":"18","right":"20","bottom":"18","left":"20","isLinked":false},"selected_icon":{"value":{"url":"https:\/\/wpbuilt.co\/demo\/wp-content\/uploads\/2020\/01\/right-white.svg","id":4593},"library":"svg"},"icon_indent":{"unit":"px","size":15,"sizes":[]},"_css_classes":"gc-arrow-btn","typography_font_size":{"unit":"px","size":18,"sizes":[]},"border_radius":{"unit":"px","top":"0","right":"0","bottom":"0","left":"0","isLinked":false},"align_tablet":"justify","align_mobile":"justify","typography_font_size_mobile":{"unit":"px","size":15,"sizes":[]},"text_padding_mobile":{"unit":"px","top":"15","right":"15","bottom":"15","left":"15","isLinked":true},"typography_letter_spacing":{"unit":"px","size":1.600000000000000088817841970012523233890533447265625,"sizes":[]},"typography_letter_spacing_mobile":{"unit":"px","size":0.5,"sizes":[]}},"elements":[],"isInner":false,"widgetType":"button","elType":"widget"}],"isInner":true,"elType":"column"}],"isInner":true,"elType":"section"},{"id":"10a1c34c","settings":{"content_width":{"unit":"px","size":570,"sizes":[]},"slider_delay":"5000","padding":{"unit":"px","top":"150","right":"0","bottom":"120","left":"0","isLinked":false},"padding_mobile":{"unit":"px","top":"50","right":"0","bottom":"50","left":"0","isLinked":false},"css_classes":"gc-contact-heading"},"elements":[{"id":"527ce50e","settings":{"_column_size":100,"_inline_size":null,"slider_delay":"5000"},"elements":[{"id":"2d0de009","settings":{"editor":"<p>LET'S TALK<\/p>","align":"center","text_color":"#fc6d4f","typography_typography":"custom","typography_font_family":"Poppins","typography_font_size":{"unit":"px","size":12.019999999999999573674358543939888477325439453125,"sizes":[]},"typography_font_weight":"400","typography_text_transform":"uppercase","typography_letter_spacing":{"unit":"px","size":0.5,"sizes":[]}},"elements":[],"isInner":false,"widgetType":"text-editor","elType":"widget"},{"id":"d77157c","settings":{"title":"Contact Bistro<span>.<\/span>","header_size":"h1","align":"center","title_color":"#1c1c1c","typography_typography":"custom","typography_font_family":"Lora","typography_font_size":{"unit":"px","size":60.0499999999999971578290569595992565155029296875,"sizes":[]},"typography_font_size_mobile":{"unit":"px","size":40,"sizes":[]},"typography_font_weight":"400","_padding":{"unit":"px","top":"0","right":"0","bottom":"0","left":"0","isLinked":false}},"elements":[],"isInner":false,"widgetType":"heading","elType":"widget"},{"id":"61532e9b","settings":{"editor":"<p>We\u2019ve eaten fantastically well and we\u2019ve discovered foods we\u2019d never even dreamed of.<\/p>","align":"center","text_color":"#666666","typography_typography":"custom","typography_font_family":"Poppins","typography_font_size":{"unit":"px","size":18.019999999999999573674358543939888477325439453125,"sizes":[]},"typography_font_size_mobile":{"unit":"px","size":17,"sizes":[]},"typography_font_weight":"400","_padding":{"unit":"px","top":"15","right":"0","bottom":"0","left":"0","isLinked":false}},"elements":[],"isInner":false,"widgetType":"text-editor","elType":"widget"}],"isInner":true,"elType":"column"}],"isInner":true,"elType":"section"}],"isInner":false,"elType":"column"}],"isInner":false,"elType":"section"},{"id":"477cb01a","settings":{"content_width":{"unit":"px","size":1440,"sizes":[]},"structure":"20","slider_delay":"5000","padding":{"unit":"px","top":"150","right":"0","bottom":"120","left":"155","isLinked":false},"padding_tablet":{"unit":"px","top":"20","right":"0","bottom":"20","left":"0","isLinked":false},"css_classes":"gc-address-section"},"elements":[{"id":"8e2fae7","settings":{"_column_size":50,"_inline_size":null,"_inline_size_tablet":100,"content_position":"top","slider_delay":"5000"},"elements":[{"id":"7098c60a","settings":{"editor":"<p>ask us anytime<\/p>","align":"left","align_tablet":"center","text_color":"#fc6d4f","typography_typography":"custom","typography_font_family":"Poppins","typography_font_size":{"unit":"px","size":12.050000000000000710542735760100185871124267578125,"sizes":[]},"typography_font_weight":"400","typography_text_transform":"uppercase","typography_letter_spacing":{"unit":"px","size":0.5,"sizes":[]}},"elements":[],"isInner":false,"widgetType":"text-editor","elType":"widget"},{"id":"c8e0c2a","settings":{"title":"Which Asian cuisine reigns supreme?","align_tablet":"center","title_color":"#1c1c1c","typography_typography":"custom","typography_font_family":"Lora","typography_font_size":{"unit":"px","size":48.18999999999999772626324556767940521240234375,"sizes":[]},"typography_font_size_mobile":{"unit":"px","size":30,"sizes":[]},"typography_font_weight":"400","typography_line_height":{"unit":"em","size":1.1999999999999999555910790149937383830547332763671875,"sizes":[]},"_padding":{"unit":"px","top":"0","right":"140","bottom":"40","left":"0","isLinked":false},"_padding_tablet":{"unit":"px","top":"0","right":"0","bottom":"0","left":"0","isLinked":false}},"elements":[],"isInner":false,"widgetType":"heading","elType":"widget"},{"id":"cd2fb17","settings":{"social_icon_list":[{"social_icon":{"value":{"url":"https:\/\/wpbuilt.co\/demo\/wp-content\/uploads\/2020\/03\/facebook-f-brands.svg","id":6599},"library":"svg"},"_id":"f78288e","link":{"url":"#","is_external":"true","nofollow":""},"item_icon_color":"custom","item_icon_primary_color":"","item_icon_secondary_color":""},{"social_icon":{"value":"fab fa-twitter","library":"fa-brands"},"_id":"1eec998","link":{"url":"#","is_external":"true","nofollow":""},"item_icon_color":"default","item_icon_primary_color":"","item_icon_secondary_color":""},{"social_icon":{"value":"fab fa-instagram","library":"fa-brands"},"_id":"583e55f","link":{"url":"#","is_external":"true","nofollow":""},"item_icon_color":"default","item_icon_primary_color":"","item_icon_secondary_color":""},{"social_icon":{"value":{"url":"https:\/\/wpbuilt.co\/demo\/wp-content\/uploads\/2020\/03\/linkedin-in-brands.svg","id":6598},"library":"svg"},"_id":"6a5f062","link":{"url":"#","is_external":"true","nofollow":""},"item_icon_color":"default","item_icon_primary_color":"","item_icon_secondary_color":""}],"shape":"square","align":"left","icon_color":"custom","icon_primary_color":"#f9f9f9","icon_secondary_color":"#fc6d4f","icon_spacing":{"unit":"px","size":10,"sizes":[]},"align_mobile":"center","align_tablet":"center","icon_size":{"unit":"px","size":25,"sizes":[]},"_css_classes":"gc-social-icons"},"elements":[],"isInner":false,"widgetType":"social-icons","elType":"widget"}],"isInner":false,"elType":"column"},{"id":"b546122","settings":{"_column_size":50,"_inline_size":null,"_inline_size_tablet":100,"slider_delay":"5000","padding":{"unit":"px","top":"0","right":"0","bottom":"0","left":"0","isLinked":false}},"elements":[{"id":"8553785","settings":{"structure":"20","slider_delay":"5000","margin":{"unit":"px","top":"0","right":0,"bottom":"0","left":0,"isLinked":false},"margin_tablet":{"unit":"px","top":"0","right":0,"bottom":"0","left":0,"isLinked":false},"padding_tablet":{"unit":"px","top":"30","right":"0","bottom":"0","left":"0","isLinked":false}},"elements":[{"id":"726ad6e5","settings":{"_column_size":50,"_inline_size":77.3359999999999985220711096189916133880615234375,"_inline_size_tablet":100,"content_position":"top","slider_delay":"5000","padding":{"unit":"px","top":"0","right":"0","bottom":"0","left":"0","isLinked":false},"padding_tablet":{"unit":"px","top":"0","right":"30","bottom":"0","left":"30","isLinked":false},"padding_mobile":{"unit":"px","top":"0","right":"20","bottom":"0","left":"20","isLinked":false}},"elements":[{"id":"36f796bc","settings":{"editor":"<p>Explore the diverse cuisines of Asia, all synonymous with remarkable flavours and vibrant colours.<\/p>","align_tablet":"center","text_color":"#666666","typography_typography":"custom","typography_font_family":"Poppins","typography_font_size":{"unit":"px","size":18.019999999999999573674358543939888477325439453125,"sizes":[]},"typography_font_size_mobile":{"unit":"px","size":15,"sizes":[]}},"elements":[],"isInner":false,"widgetType":"text-editor","elType":"widget"},{"id":"97090cc","settings":{"icon_list":[{"text":"143 Dummy St.  San Francisco,<br> California, USA","selected_icon":{"value":"fas fa-map-marker-alt","library":"fa-solid"},"_id":"7530322","link":{"url":"https:\/\/goo.gl\/maps\/EhCCAmi8D4hAaLMv9","is_external":"on","nofollow":""}},{"text":"+ 123 456 7890","selected_icon":{"value":"fas fa-phone-alt","library":"fa-solid"},"_id":"20389a6","link":{"url":"tel:+ 123 456 7890","is_external":"","nofollow":""}},{"text":"info@bistro.com","selected_icon":{"value":"fas fa-envelope","library":"fa-solid"},"_id":"a3196ec","link":{"url":"mailto:info@bistro.com","is_external":"","nofollow":""}},{"text":"Mon to Fri : <span class= \"time\"> 8:00 AM - 9:00 PM<\/span><br>Saturday :\t<span class= \"time-2\">8:00 AM - 11:00 PM<\/span><br>Holidays:\t<span class= \"time-3\">10:00 AM - 12:00 PM<\/span>","selected_icon":{"value":"fas fa-clock","library":"fa-solid"},"_id":"bbfe42e","link":{"url":"","is_external":"","nofollow":""}}],"space_between":{"unit":"px","size":25,"sizes":[]},"icon_color":"#fc6d4f","icon_size":{"unit":"px","size":20,"sizes":[]},"icon_self_align":"left","text_color":"#666666","text_color_hover":"#1c1c1c","text_indent":{"unit":"px","size":7,"sizes":[]},"icon_typography_typography":"custom","icon_typography_font_family":"Poppins","icon_typography_font_size":{"unit":"px","size":18.030000000000001136868377216160297393798828125,"sizes":[]},"icon_typography_font_weight":"400","icon_align_mobile":"center","icon_align_tablet":"center","icon_size_mobile":{"unit":"px","size":20,"sizes":[]},"icon_self_align_mobile":"left","icon_typography_font_size_mobile":{"unit":"px","size":16,"sizes":[]},"_padding":{"unit":"px","top":"25","right":"0","bottom":"0","left":"0","isLinked":false},"_padding_mobile":{"unit":"px","top":"0","right":"30","bottom":"0","left":"30","isLinked":false},"_css_classes":"gc-address-icons"},"elements":[],"isInner":false,"widgetType":"icon-list","elType":"widget"}],"isInner":true,"elType":"column"},{"id":"3512b717","settings":{"_column_size":50,"_inline_size":22.6640000000000014779288903810083866119384765625,"_inline_size_tablet":25,"slider_delay":"5000","hide_tablet":"hidden-tablet","hide_mobile":"hidden-phone"},"elements":[{"id":"38760cee","settings":{"image":{"url":"https:\/\/wpbuilt.co\/demo\/wp-content\/uploads\/2020\/02\/bay-leaf.png","id":6079},"align":"center","_margin":{"unit":"px","top":"-90","right":"0","bottom":"0","left":"0","isLinked":false},"_margin_tablet":{"unit":"px","top":"0","right":"0","bottom":"0","left":"0","isLinked":false},"hide_mobile":"hidden-phone"},"elements":[],"isInner":false,"widgetType":"image","elType":"widget"}],"isInner":true,"elType":"column"}],"isInner":true,"elType":"section"}],"isInner":false,"elType":"column"}],"isInner":false,"elType":"section"},{"id":"7fc9ca1","settings":{"content_width":{"unit":"px","size":1280,"sizes":[]},"slider_delay":"5000","padding":{"unit":"px","top":"0","right":"0","bottom":"0","left":"0","isLinked":false},"padding_tablet":{"unit":"px","top":"0","right":"20","bottom":"0","left":"20","isLinked":false},"z_index":1},"elements":[{"id":"5cf4b021","settings":{"_column_size":100,"background_background":"classic","background_image":{"url":"https:\/\/wpbuilt.co\/demo\/wp-content\/uploads\/2020\/02\/Menu-BG2.png","id":6244},"background_position_mobile":"center center","background_size":"cover","background_size_tablet":"cover","slider_delay":"5000","padding":{"unit":"px","top":"95","right":"0","bottom":"20","left":"0","isLinked":false},"padding_mobile":{"unit":"px","top":"20","right":"20","bottom":"0","left":"20","isLinked":false},"background_position_tablet":"initial","background_xpos_tablet":{"unit":"px","size":-35,"sizes":[]},"margin":{"unit":"px","top":"0","right":"0","bottom":"0","left":"0","isLinked":false},"padding_tablet":{"unit":"px","top":"95","right":"0","bottom":"20","left":"0","isLinked":false}},"elements":[{"id":"7380699e","settings":{"editor":"<p>leave us a message<\/p>","align":"center","text_color":"#fc6d4f","typography_typography":"custom","typography_font_family":"Poppins","typography_font_size":{"unit":"px","size":12.050000000000000710542735760100185871124267578125,"sizes":[]},"typography_font_weight":"400","typography_text_transform":"uppercase","typography_letter_spacing":{"unit":"px","size":0.5,"sizes":[]}},"elements":[],"isInner":false,"widgetType":"text-editor","elType":"widget"},{"id":"68b79396","settings":{"title":"One thing we can promise\n \u2013 We\u2019ve eaten a lot. ","align":"center","title_color":"#1c1c1c","typography_typography":"custom","typography_font_family":"Lora","typography_font_size":{"unit":"px","size":48.18999999999999772626324556767940521240234375,"sizes":[]},"typography_font_size_mobile":{"unit":"px","size":27,"sizes":[]},"typography_font_weight":"400","typography_line_height":{"unit":"em","size":1.1999999999999999555910790149937383830547332763671875,"sizes":[]}},"elements":[],"isInner":false,"widgetType":"heading","elType":"widget"},{"id":"44e41b6","settings":{"content_width":{"unit":"px","size":970,"sizes":[]},"slider_delay":"5000","padding":{"unit":"px","top":"45","right":"0","bottom":"0","left":"0","isLinked":false},"padding_tablet":{"unit":"px","top":"0","right":"30","bottom":"-1","left":"30","isLinked":false},"padding_mobile":{"unit":"px","top":"0","right":"0","bottom":"0","left":"0","isLinked":false},"css_classes":"gc-form-section"},"elements":[{"id":"268be839","settings":{"_column_size":100,"_inline_size":null,"slider_delay":"5000","margin_mobile":{"unit":"px","top":"0","right":"0","bottom":"0","left":"0","isLinked":false},"padding_mobile":{"unit":"px","top":"0","right":"0","bottom":"0","left":"0","isLinked":false}},"elements":[{"id":"6dd09b7d","settings":{"form_name":"New Form","form_fields":[{"custom_id":"name","field_type":"text","field_label":"first name","placeholder":"First Name","width":"50","_id":"c1b178e","required":"true","field_options":"","allow_multiple":"","select_size":"","inline_list":"","field_html":"","width_tablet":"","width_mobile":"100","rows":4,"recaptcha_size":"normal","recaptcha_style":"light","recaptcha_badge":"bottomright","css_classes":"","field_value":""},{"custom_id":"field_3","field_type":"text","field_label":"first name","placeholder":"Last Name","width":"50","_id":"cebb0bc","required":"true","field_options":"","allow_multiple":"","select_size":"","inline_list":"","field_html":"","width_tablet":"","width_mobile":"","rows":4,"recaptcha_size":"normal","recaptcha_style":"light","recaptcha_badge":"bottomright","css_classes":"","field_value":""},{"custom_id":"field_1","field_type":"number","field_label":"Phone","placeholder":"Phone Number","width":"50","_id":"0f4311d","required":"true","field_options":"","allow_multiple":"","select_size":"","inline_list":"","field_html":"","width_tablet":"","width_mobile":"","rows":4,"recaptcha_size":"normal","recaptcha_style":"light","recaptcha_badge":"bottomright","css_classes":"","field_value":"","field_min":"","field_max":""},{"custom_id":"field_2","field_type":"text","field_label":"Email","placeholder":"Email Address","width":"50","_id":"a3a3e63","required":"true","field_options":"","allow_multiple":"","select_size":"","inline_list":"","field_html":"","width_tablet":"","width_mobile":"","rows":4,"recaptcha_size":"normal","recaptcha_style":"light","recaptcha_badge":"bottomright","css_classes":"","field_value":""},{"custom_id":"message","field_type":"textarea","field_label":"Message","placeholder":"Leave your message here ...","width":"100","_id":"e9b1f08","required":"true","field_options":"","allow_multiple":"","select_size":"","inline_list":"","field_html":"","width_tablet":"","width_mobile":"","rows":4,"recaptcha_size":"normal","recaptcha_style":"light","recaptcha_badge":"bottomright","css_classes":"","field_value":""}],"show_labels":"","button_text":"send a message","button_align":"center","email_content":"[all-fields]","email_content_2":"[all-fields]","success_message":"The form was sent successfully.","error_message":"An error occured.","required_field_message":"This field is required.","invalid_message":"There's something wrong. The form is invalid.","column_gap":{"unit":"px","size":35,"sizes":[]},"row_gap":{"unit":"px","size":45,"sizes":[]},"field_text_color":"#666666","field_typography_typography":"custom","field_typography_font_family":"Poppins","field_typography_font_size":{"unit":"px","size":18,"sizes":[]},"field_background_color":"rgba(255,255,255,0)","field_border_color":"#cac8c8","field_border_width":{"unit":"px","top":"0","right":"0","bottom":"1","left":"0","isLinked":false},"field_border_radius":{"unit":"px","top":"0","right":"0","bottom":"0","left":"0","isLinked":false},"button_background_color":"#fc6d4f","button_text_color":"#ffffff","button_typography_typography":"custom","button_typography_font_family":"Poppins","button_typography_font_size":{"unit":"px","size":18,"sizes":[]},"button_typography_font_weight":"600","button_border_border":"solid","button_border_width":{"unit":"px","top":"1","right":"1","bottom":"1","left":"1","isLinked":true},"button_border_color":"#fc6d4f","button_text_padding":{"unit":"px","top":"20","right":"40","bottom":"20","left":"25","isLinked":false},"button_background_hover_color":"#ffffff","button_hover_color":"#fc6d4f","button_border_radius":{"unit":"px","top":"0","right":"0","bottom":"0","left":"0","isLinked":false},"button_typography_letter_spacing":{"unit":"px","size":2,"sizes":[]}},"elements":[],"isInner":false,"widgetType":"form","elType":"widget"}],"isInner":true,"elType":"column"}],"isInner":true,"elType":"section"}],"isInner":false,"elType":"column"}],"isInner":false,"elType":"section"},{"id":"66da6b51","settings":{"content_width":{"unit":"px","size":1920,"sizes":[]},"background_background":"classic","background_image":{"url":"https:\/\/wpbuilt.co\/demo\/wp-content\/uploads\/2020\/02\/map_resto.jpg","id":6248},"background_size":"cover","border_border":"solid","border_width":{"unit":"px","top":"0","right":"0","bottom":"1","left":"0","isLinked":false},"border_color":"#bdbebd","border_radius":{"unit":"px","top":"0","right":"0","bottom":"0","left":"0","isLinked":false},"slider_delay":"5000","margin":{"unit":"px","top":"-150","right":0,"bottom":"0","left":0,"isLinked":false},"padding":{"unit":"px","top":"0","right":"0","bottom":"0","left":"0","isLinked":false}},"elements":[{"id":"26ce1b00","settings":{"_column_size":100,"slider_delay":"5000","margin":{"unit":"px","top":"0","right":"0","bottom":"0","left":"0","isLinked":false},"padding":{"unit":"px","top":"0","right":"0","bottom":"0","left":"0","isLinked":false}},"elements":[{"id":"3db7b545","settings":{"space":{"unit":"px","size":700,"sizes":[]},"space_tablet":{"unit":"px","size":300,"sizes":[]}},"elements":[],"isInner":false,"widgetType":"spacer","elType":"widget"}],"isInner":false,"elType":"column"}],"isInner":false,"elType":"section"},{"id":"6063c94a","settings":{"layout":"full_width","slider_delay":"5000","padding":{"unit":"px","top":"55","right":"0","bottom":"95","left":"0","isLinked":false},"padding_tablet":{"unit":"px","top":"30","right":"0","bottom":"0","left":"0","isLinked":false},"animation":"fadeIn","css_classes":"gc-footer-section","padding_mobile":{"unit":"px","top":"10","right":"0","bottom":"0","left":"0","isLinked":false}},"elements":[{"id":"775cb47","settings":{"_column_size":100,"slider_delay":"5000"},"elements":[{"id":"3cf52c15","settings":{"content_width":{"unit":"px","size":1220,"sizes":[]},"structure":"40","slider_delay":"5000","padding_tablet":{"unit":"px","top":"0","right":"20","bottom":"0","left":"20","isLinked":false}},"elements":[{"id":"48b07b54","settings":{"_column_size":25,"_inline_size":null,"slider_delay":"5000","_inline_size_tablet":50},"elements":[{"id":"15b1c7fa","settings":{"image":{"url":"https:\/\/wpbuilt.co\/demo\/wp-content\/uploads\/2020\/02\/header-logo-resto.png","id":6081},"align":"left","link_to":"custom","link":{"url":"https:\/\/wpbuilt.co\/demo\/templatekit_restaurant\/","is_external":"","nofollow":""},"_padding":{"unit":"px","top":"0","right":"0","bottom":"20","left":"0","isLinked":false},"align_mobile":"center"},"elements":[],"isInner":false,"widgetType":"image","elType":"widget"},{"id":"9371509","settings":{"social_icon_list":[{"social_icon":{"value":{"url":"https:\/\/wpbuilt.co\/demo\/wp-content\/uploads\/2020\/03\/facebook-f-brands.svg","id":6599},"library":"svg"},"_id":"f78288e","link":{"url":"https:\/\/www.facebook.com\/","is_external":"true","nofollow":""},"item_icon_color":"custom","item_icon_primary_color":"","item_icon_secondary_color":""},{"social_icon":{"value":"fab fa-twitter","library":"fa-brands"},"_id":"1eec998","link":{"url":"https:\/\/www.twitter.com\/","is_external":"true","nofollow":""},"item_icon_color":"default","item_icon_primary_color":"","item_icon_secondary_color":""},{"social_icon":{"value":"fab fa-instagram","library":"fa-brands"},"_id":"583e55f","link":{"url":"https:\/\/www.instagram.com\/","is_external":"true","nofollow":""},"item_icon_color":"default","item_icon_primary_color":"","item_icon_secondary_color":""},{"social_icon":{"value":{"url":"https:\/\/wpbuilt.co\/demo\/wp-content\/uploads\/2020\/03\/linkedin-in-brands.svg","id":6598},"library":"svg"},"_id":"6a5f062","link":{"url":"https:\/\/www.linkedin.com\/","is_external":"true","nofollow":""},"item_icon_color":"default","item_icon_primary_color":"","item_icon_secondary_color":""}],"shape":"square","align":"left","icon_color":"custom","icon_primary_color":"#f9f9f9","icon_secondary_color":"#fc6d4f","icon_spacing":{"unit":"px","size":10,"sizes":[]},"align_mobile":"center","icon_size_tablet":{"unit":"px","size":20,"sizes":[]}},"elements":[],"isInner":false,"widgetType":"social-icons","elType":"widget"}],"isInner":true,"elType":"column"},{"id":"48fa266d","settings":{"_column_size":25,"_inline_size":23.52499999999999857891452847979962825775146484375,"slider_delay":"5000","_inline_size_tablet":50},"elements":[{"id":"76f2a66b","settings":{"title":"Quick Links","header_size":"h3","title_color":"#1c1c1c","typography_typography":"custom","typography_font_family":"Poppins","typography_font_size":{"unit":"px","size":18.21000000000000085265128291212022304534912109375,"sizes":[]},"typography_font_weight":"500","typography_text_transform":"uppercase","_padding":{"unit":"px","top":"0","right":"0","bottom":"20","left":"0","isLinked":false},"align_mobile":"center"},"elements":[],"isInner":false,"widgetType":"heading","elType":"widget"},{"id":"62d25f37","settings":{"icon_list":[{"text":"Home","selected_icon":{"value":"","library":""},"_id":"062708b","link":{"url":"https:\/\/wpbuilt.co\/demo\/templatekit_restaurant\/","is_external":"","nofollow":""}},{"text":"About","selected_icon":{"value":"","library":""},"_id":"44b5dd0","link":{"url":"https:\/\/wpbuilt.co\/demo\/templatekit-restaurant-about\/","is_external":"","nofollow":""}},{"text":"Menu","selected_icon":{"value":"","library":""},"_id":"4743780","link":{"url":"https:\/\/wpbuilt.co\/demo\/template-kit-menu\/","is_external":"","nofollow":""}},{"text":"News","selected_icon":{"value":"","library":""},"_id":"ffc1d7f","link":{"url":"https:\/\/wpbuilt.co\/demo\/template-kit-blogs\/","is_external":"","nofollow":""}},{"text":"Contact","selected_icon":{"value":"","library":""},"_id":"526615d","link":{"url":"https:\/\/wpbuilt.co\/demo\/template_kit-contact\/","is_external":"","nofollow":""}}],"space_between":{"unit":"px","size":5,"sizes":[]},"text_color":"#666666","text_color_hover":"#1c1c1c","text_indent":{"unit":"px","size":0,"sizes":[]},"icon_typography_typography":"custom","icon_typography_font_family":"Poppins","icon_typography_font_size":{"unit":"px","size":18,"sizes":[]},"icon_typography_font_weight":"400","icon_align_mobile":"center","icon_typography_font_size_tablet":{"unit":"px","size":16,"sizes":[]}},"elements":[],"isInner":false,"widgetType":"icon-list","elType":"widget"}],"isInner":true,"elType":"column"},{"id":"542ad5d6","settings":{"_column_size":25,"_inline_size":26.47500000000000142108547152020037174224853515625,"slider_delay":"5000","_inline_size_tablet":50},"elements":[{"id":"5fac18de","settings":{"title":"Have a questions?","header_size":"h3","title_color":"#1c1c1c","typography_typography":"custom","typography_font_family":"Poppins","typography_font_size":{"unit":"px","size":18.21000000000000085265128291212022304534912109375,"sizes":[]},"typography_font_weight":"500","typography_text_transform":"uppercase","_padding":{"unit":"px","top":"0","right":"0","bottom":"20","left":"0","isLinked":false},"align_mobile":"center"},"elements":[],"isInner":false,"widgetType":"heading","elType":"widget"},{"id":"59fc257f","settings":{"icon_list":[{"text":"143 Dummy St.  San Francisco, California, USA","selected_icon":{"value":"fas fa-map-marker-alt","library":"fa-solid"},"_id":"7530322","link":{"url":"https:\/\/goo.gl\/maps\/EJaJ8rsdL8TJtLVT6","is_external":"on","nofollow":""}},{"text":"+ 123 456 7890","selected_icon":{"value":"fas fa-phone-alt","library":"fa-solid"},"_id":"20389a6","link":{"url":"tel:+ 123 456 7890","is_external":"","nofollow":""}},{"text":"info@bistro.com","selected_icon":{"value":"fas fa-envelope","library":"fa-solid"},"_id":"a3196ec","link":{"url":"mailto:info@bistro.com","is_external":"","nofollow":""}}],"space_between":{"unit":"px","size":25,"sizes":[]},"icon_color":"#fc6d4f","icon_size":{"unit":"px","size":27,"sizes":[]},"icon_self_align":"left","text_color":"#666666","text_color_hover":"#1c1c1c","text_indent":{"unit":"px","size":0,"sizes":[]},"icon_typography_typography":"custom","icon_typography_font_family":"Poppins","icon_typography_font_size":{"unit":"px","size":18,"sizes":[]},"icon_typography_font_weight":"400","icon_align_mobile":"center","icon_typography_font_size_tablet":{"unit":"px","size":16,"sizes":[]}},"elements":[],"isInner":false,"widgetType":"icon-list","elType":"widget"}],"isInner":true,"elType":"column"},{"id":"331c4c2a","settings":{"_column_size":25,"_inline_size":null,"slider_delay":"5000","_inline_size_tablet":50},"elements":[{"id":"36d9c46b","settings":{"title":"opening hours","header_size":"h3","title_color":"#1c1c1c","typography_typography":"custom","typography_font_family":"Poppins","typography_font_size":{"unit":"px","size":18.21000000000000085265128291212022304534912109375,"sizes":[]},"typography_font_weight":"500","typography_text_transform":"uppercase","_padding":{"unit":"px","top":"0","right":"0","bottom":"20","left":"0","isLinked":false},"align_mobile":"center"},"elements":[],"isInner":false,"widgetType":"heading","elType":"widget"},{"id":"1fe41ce7","settings":{"icon_list":[{"text":"Mon to Fri : 8:00 AM - 9:00 PM","selected_icon":{"value":"","library":""},"_id":"0fe29cf","link":{"url":"","is_external":"","nofollow":""}},{"text":"Saturday :\t8:00 AM - 11:00 PM","selected_icon":{"value":"","library":""},"_id":"7e89066","link":{"url":"","is_external":"","nofollow":""}},{"text":"Holidays:\t10:00 AM - 12:00 PM","selected_icon":{"value":"","library":""},"_id":"54e8fc8","link":{"url":"","is_external":"","nofollow":""}}],"text_color":"#666666","icon_typography_typography":"custom","icon_typography_font_family":"Poppins","icon_typography_font_size":{"unit":"px","size":18,"sizes":[]},"icon_align_mobile":"center","icon_typography_font_size_tablet":{"unit":"px","size":16,"sizes":[]}},"elements":[],"isInner":false,"widgetType":"icon-list","elType":"widget"}],"isInner":true,"elType":"column"}],"isInner":true,"elType":"section"}],"isInner":false,"elType":"column"}],"isInner":false,"elType":"section"},{"id":"640c77f0","settings":{"content_width":{"unit":"px","size":1920,"sizes":[]},"border_border":"solid","border_width":{"unit":"px","top":"1","right":"0","bottom":"0","left":"0","isLinked":false},"border_color":"#bdbebd","border_radius":{"unit":"px","top":"0","right":"0","bottom":"0","left":"0","isLinked":false},"slider_delay":"5000","padding":{"unit":"px","top":"25","right":"0","bottom":"25","left":"0","isLinked":false},"animation":"fadeInUp"},"elements":[{"id":"8b817d6","settings":{"_column_size":100,"slider_delay":"5000"},"elements":[{"id":"3693069a","settings":{"title":"\u00a9 bistro 2020.all rights reserved.","header_size":"h3","align":"center","title_color":"#666666","typography_typography":"custom","typography_font_family":"Poppins","typography_font_size":{"unit":"px","size":18.21000000000000085265128291212022304534912109375,"sizes":[]},"typography_font_weight":"400","typography_text_transform":"uppercase","typography_letter_spacing":{"unit":"px","size":1.100000000000000088817841970012523233890533447265625,"sizes":[]},"typography_font_size_mobile":{"unit":"px","size":15,"sizes":[]}},"elements":[],"isInner":false,"widgetType":"heading","elType":"widget"}],"isInner":false,"elType":"column"}],"isInner":false,"elType":"section"}],"page_settings":{"custom_css":".gc-arrow-btn svg {\n    height: auto;\n}\n\/**Hide number indicator**\/\ninput::-webkit-outer-spin-button,\ninput::-webkit-inner-spin-button {\n  -webkit-appearance: none;\n  margin: 0;\n} \n.gc-nav-link a:hover{\n    font-weight: 500;\n    color: #000;\n}\n.gc-contact-heading h1 span{\ncolor: #fc6d4f;\n}\n\n.gc-form-section input{\n    padding: 5px 0 15px !important;  \n    background-image: url(https:\/\/wpbuilt.co\/demo\/wp-content\/uploads\/2020\/03\/asterisk-bg.png);\n    background-repeat: no-repeat;\n    background-position: center right;\n}\n\n.gc-form-section button {\n   margin-top: 50px !important\n}\n.gc-form-section textarea {\n    \n    padding: 5px 0 30px 0 !important;\n\n}\n.gc-footer-section path, .gc-social-icons path{\n    color: #FC6D4F;\n}\n.gc-form-section button:after{\n    \n    content: url(https:\/\/wpbuilt.co\/demo\/wp-content\/uploads\/2020\/02\/arrow_right-resto.png);\n    float: right;\n    display: inline-block;\n    margin: -20px -20px 0 0;\n}\n\n\n.gc-address-icons .time{\n    padding-left: 15px;\n}\n.gc-address-icons .time-2{\n    padding-left: 20px;\n}\n.gc-address-icons .time-3{\n    padding-left: 25px;\n}\n\n\n\/*Responsive Here*\/\n@media screen and (max-width:1440px) and (min-width:1200px){\n    .gc-address-section {\n    padding: 105px 50px 120px 50px !important;\n    }\n}\n@media screen and (max-width:768px){\n \/*Form*\/\n    #elementor .elementor-element-6d835ae > .elementor-container{\n        width:580px;\n    }\n   .gc-form-section button {\n   margin-top: 0px !important\n} \n \n}\n@media screen and (max-width:767px){\n    .gc-address-icons .time-3,.gc-address-icons .time,.gc-address-icons .time-2{\n    padding-left: 0px;\n}\n}\n@media screen and (max-width:568px){\n    br{\n        display:none;\n    }\n      #elementor .elementor-element-6d835ae > .elementor-container{\n        width:320px;\n    }\n   .gc-form-section button {\n   margin-top: 0px !important\n} \n}\n\n\n@media screen and (max-width:425px) and (min-width:381px){\n    .gc-footer-section .fa-map-marker-alt:before {\n    margin: 0px 0 0 30px;\n}\n    \n}\n@media screen and  (max-width:366px){\n .gc-nav-link span.elementor-button-icon.elementor-align-icon-right{\n        display:none;\n}\n}\n\n    \/**Map Marker**\/\n    @media screen and (max-width:380px){\n        .gc-footer-section .fa-map-marker-alt:before{\n                margin: 0 0 0 20px;\n    \n        }\n    }","template":"elementor_header_footer"}}