{"version":"0.4","title":"Restaurant Kit &#8211; Single","type":"page","content":[{"id":"69d1c5ce","settings":{"content_width":{"unit":"px","size":1280,"sizes":[]},"slider_delay":"5000","z_index":1,"padding":{"unit":"px","top":"10","right":"0","bottom":"0","left":"0","isLinked":false},"_title":"Header","animation":"fadeIn","margin_tablet":{"unit":"px","top":"0","right":0,"bottom":"0","left":0,"isLinked":false},"padding_tablet":{"unit":"px","top":"0","right":"0","bottom":"0","left":"0","isLinked":false},"background_background":"classic","background_image":{"url":"https:\/\/wpbuilt.co\/demo\/wp-content\/uploads\/2020\/02\/single-resto-bg.jpg","id":6301},"background_size":"cover","background_position_tablet":"top center","background_image_mobile":{"url":"https:\/\/wpbuilt.co\/demo\/wp-content\/uploads\/2020\/02\/mobile-resto-bg.jpg","id":7188},"background_position_mobile":"top center","background_size_mobile":"cover"},"elements":[{"id":"41b05808","settings":{"_column_size":100,"slider_delay":"5000","padding":{"unit":"px","top":"0","right":"0","bottom":"0","left":"0","isLinked":false}},"elements":[{"id":"451401dc","settings":{"layout":"full_width","structure":"30","slider_delay":"5000","css_classes":"gc-nav-link"},"elements":[{"id":"54c6fef4","settings":{"_column_size":33,"_inline_size":36.09400000000000119371179607696831226348876953125,"content_position":"center","slider_delay":"5000","_inline_size_tablet":25,"_inline_size_mobile":30},"elements":[{"id":"375241f6","settings":{"image":{"url":"https:\/\/wpbuilt.co\/demo\/wp-content\/uploads\/2020\/02\/header-logo-resto.png","id":6081},"align":"left","link_to":"custom","link":{"url":"#","is_external":"","nofollow":""}},"elements":[],"isInner":false,"widgetType":"image","elType":"widget"}],"isInner":true,"elType":"column"},{"id":"7ebdb525","settings":{"_column_size":33,"_inline_size":44.84400000000000119371179607696831226348876953125,"content_position":"center","slider_delay":"5000","_inline_size_tablet":35,"_inline_size_mobile":20},"elements":[{"id":"599cbc02","settings":{"pointer":"none","indicator":"none","menu_typography_typography":"custom","menu_typography_font_family":"Poppins","menu_typography_font_size":{"unit":"px","size":18.230000000000000426325641456060111522674560546875,"sizes":[]},"menu_typography_font_weight":"400","menu_typography_text_transform":"uppercase","color_menu_item":"#666666","color_menu_item_hover":"#333334","color_menu_item_active":"#333334","padding_horizontal_menu_item":{"unit":"px","size":0,"sizes":[]},"padding_vertical_menu_item":{"unit":"px","size":0,"sizes":[]},"menu_space_between":{"unit":"px","size":60,"sizes":[]},"full_width":"stretch","toggle_align":"right","toggle_background_color":"rgba(0,0,0,0)","padding_horizontal_menu_item_tablet":{"unit":"px","size":0,"sizes":[]},"dropdown_typography_typography":"custom","dropdown_typography_font_size_tablet":{"unit":"px","size":17,"sizes":[]},"dropdown_typography_font_size_mobile":{"unit":"px","size":15,"sizes":[]},"dropdown_top_distance_tablet":{"unit":"px","size":20,"sizes":[]},"dropdown_top_distance_mobile":{"unit":"px","size":15,"sizes":[]}},"elements":[],"isInner":false,"widgetType":"nav-menu","elType":"widget"}],"isInner":true,"elType":"column"},{"id":"364938d0","settings":{"_column_size":33,"_inline_size":19.06099999999999994315658113919198513031005859375,"content_position":"center","slider_delay":"5000","margin":{"unit":"px","top":"0","right":"0","bottom":"0","left":"0","isLinked":false},"_inline_size_tablet":40,"_inline_size_mobile":50},"elements":[{"id":"a79d99b","settings":{"text":"book  a table","icon_align":"right","typography_typography":"custom","typography_font_family":"Poppins","typography_font_weight":"500","typography_text_transform":"uppercase","background_color":"#fc6d4f","hover_color":"#fc6d4f","button_background_hover_color":"#ffffff","border_border":"solid","border_width":{"unit":"px","top":"1","right":"1","bottom":"1","left":"1","isLinked":true},"border_color":"#fc6d4f","text_padding":{"unit":"px","top":"18","right":"20","bottom":"18","left":"20","isLinked":false},"selected_icon":{"value":{"url":"https:\/\/wpbuilt.co\/demo\/wp-content\/uploads\/2020\/01\/right-white.svg","id":4593},"library":"svg"},"icon_indent":{"unit":"px","size":15,"sizes":[]},"_css_classes":"gc-arrow-btn","typography_font_size":{"unit":"px","size":18,"sizes":[]},"border_radius":{"unit":"px","top":"0","right":"0","bottom":"0","left":"0","isLinked":false},"align_tablet":"justify","align_mobile":"justify","typography_font_size_mobile":{"unit":"px","size":15,"sizes":[]},"text_padding_mobile":{"unit":"px","top":"15","right":"15","bottom":"15","left":"15","isLinked":true},"typography_letter_spacing":{"unit":"px","size":1.600000000000000088817841970012523233890533447265625,"sizes":[]},"typography_letter_spacing_mobile":{"unit":"px","size":0.5,"sizes":[]}},"elements":[],"isInner":false,"widgetType":"button","elType":"widget"}],"isInner":true,"elType":"column"}],"isInner":true,"elType":"section"},{"id":"1eca809c","settings":{"content_width":{"unit":"px","size":300,"sizes":[]},"structure":"20","slider_delay":"5000","margin":{"unit":"px","top":"0","right":0,"bottom":"0","left":0,"isLinked":false},"padding":{"unit":"px","top":"170","right":"0","bottom":"0","left":"0","isLinked":false},"padding_tablet":{"unit":"px","top":"50","right":"0","bottom":"0","left":"0","isLinked":false}},"elements":[{"id":"514d8fe","settings":{"_column_size":50,"_inline_size":null,"slider_delay":"5000","_inline_size_mobile":50},"elements":[{"id":"75c58982","settings":{"editor":"<p>feb 26,2020<\/p>","align":"right","text_color":"#fc6d4f","typography_typography":"custom","typography_font_family":"Poppins","typography_font_size":{"unit":"px","size":12.019999999999999573674358543939888477325439453125,"sizes":[]},"typography_text_transform":"uppercase"},"elements":[],"isInner":false,"widgetType":"text-editor","elType":"widget"}],"isInner":true,"elType":"column"},{"id":"7ef7da74","settings":{"_column_size":50,"_inline_size":null,"slider_delay":"5000","_inline_size_mobile":50},"elements":[{"id":"4b595a4b","settings":{"editor":"<p>bistro<\/p>","align":"left","text_color":"#fc6d4f","typography_typography":"custom","typography_font_family":"Poppins","typography_font_size":{"unit":"px","size":12.019999999999999573674358543939888477325439453125,"sizes":[]},"typography_font_weight":"400","typography_text_transform":"uppercase"},"elements":[],"isInner":false,"widgetType":"text-editor","elType":"widget"}],"isInner":true,"elType":"column"}],"isInner":true,"elType":"section"},{"id":"3534159c","settings":{"content_width":{"unit":"px","size":1045,"sizes":[]},"slider_delay":"5000","padding":{"unit":"px","top":"0","right":"0","bottom":"205","left":"0","isLinked":false},"padding_tablet":{"unit":"px","top":"0","right":"0","bottom":"100","left":"0","isLinked":false},"padding_mobile":{"unit":"px","top":"0","right":"0","bottom":"40","left":"0","isLinked":false}},"elements":[{"id":"59b7a56f","settings":{"_column_size":100,"_inline_size":null,"slider_delay":"5000"},"elements":[{"id":"1d44602","settings":{"title":"Things Go Better With Food Lorem ipsum dolor sit amet, consectetur adipisicing elit sed do","header_size":"h1","align":"center","title_color":"#1c1c1c","typography_typography":"custom","typography_font_family":"Lora","typography_font_size":{"unit":"px","size":36,"sizes":[]},"typography_font_weight":"400","typography_line_height":{"unit":"em","size":1.1999999999999999555910790149937383830547332763671875,"sizes":[]},"typography_font_size_tablet":{"unit":"px","size":29,"sizes":[]},"typography_font_size_mobile":{"unit":"px","size":20,"sizes":[]},"_padding_mobile":{"unit":"px","top":"0","right":"0","bottom":"0","left":"0","isLinked":true},"typography_line_height_mobile":{"unit":"em","size":1.3000000000000000444089209850062616169452667236328125,"sizes":[]}},"elements":[],"isInner":false,"widgetType":"heading","elType":"widget"}],"isInner":true,"elType":"column"}],"isInner":true,"elType":"section"}],"isInner":false,"elType":"column"}],"isInner":false,"elType":"section"},{"id":"eb16bfd","settings":{"content_width":{"unit":"px","size":1410,"sizes":[]},"structure":"20","slider_delay":"5000","margin":{"unit":"px","top":"0","right":0,"bottom":"0","left":0,"isLinked":false},"padding":{"unit":"px","top":"100","right":"0","bottom":"0","left":"0","isLinked":false},"padding_tablet":{"unit":"px","top":"50","right":"0","bottom":"0","left":"0","isLinked":false}},"elements":[{"id":"4154f1c","settings":{"_column_size":50,"_inline_size":63.8299999999999982946974341757595539093017578125,"border_width":{"unit":"px","top":"0","right":"0","bottom":"1","left":"0","isLinked":false},"border_color":"#bdbebd","border_radius":{"unit":"px","top":"0","right":"0","bottom":"0","left":"0","isLinked":false},"slider_delay":"5000","_inline_size_tablet":100},"elements":[{"id":"21e9f4ae","settings":{"editor":"<p>Ut enim ad minim veniam, quis nostrud exercitation ullamco laboris nisi ut aliquip ex ea commodo consequat.<\/p>","text_color":"#1c1c1c","typography_typography":"custom","typography_font_family":"Lora","typography_font_size":{"unit":"px","size":24,"sizes":[]},"typography_font_weight":"500","typography_line_height":{"unit":"em","size":1.3000000000000000444089209850062616169452667236328125,"sizes":[]},"align_mobile":"center","typography_font_size_mobile":{"unit":"px","size":20,"sizes":[]}},"elements":[],"isInner":false,"widgetType":"text-editor","elType":"widget"},{"id":"309b30dc","settings":{"editor":"<p>Duis aute irure dolor in reprehenderit in voluptate velit esse cillum dolore eu fugiat nulla pariatur. Excepteur sint occaecat cupidatat non proident, sunt in culpa qui officia deserunt mollit anim id est laborum.<\/p>","text_color":"#666666","typography_typography":"custom","typography_font_family":"Poppins","typography_font_size":{"unit":"px","size":18,"sizes":[]},"_padding":{"unit":"px","top":"0","right":"0","bottom":"20","left":"0","isLinked":false},"typography_font_size_mobile":{"unit":"px","size":15,"sizes":[]}},"elements":[],"isInner":false,"widgetType":"text-editor","elType":"widget"},{"id":"3412688c","settings":{"image":{"url":"https:\/\/wpbuilt.co\/demo\/wp-content\/uploads\/2020\/02\/featured-img-resto.png","id":6306}},"elements":[],"isInner":false,"widgetType":"image","elType":"widget"},{"id":"13139a06","settings":{"editor":"Lorem ipsum dolor sit amet, consectetur adipisicing elit, sed do eiusmod tempor incididunt ut labore et dolore magna aliqua. Ut enim ad minim veniam, quis nostrud exercitation ullamco laboris nisi ut aliquip ex ea commodo consequat. Duis aute irure dolor in reprehenderit in voluptate velit esse cillum dolore eu fugiat nulla pariatur. <br><br>Excepteur sint occaecat cupidatat non proident, sunt in culpa qui officia deserunt mollit anim id est laborum. Sed ut perspiciatis unde omnis iste natus error sit voluptatem accusantium doloremque laudantium, totam rem aperiam, eaque ipsa quae ab illo inventore veritatis et quasi architecto beatae vitae dicta sunt explicabo.","text_color":"#666666","typography_typography":"custom","typography_font_family":"Poppins","typography_font_size":{"unit":"px","size":18,"sizes":[]},"_padding":{"unit":"px","top":"0","right":"0","bottom":"20","left":"0","isLinked":false},"typography_font_size_mobile":{"unit":"px","size":15,"sizes":[]}},"elements":[],"isInner":false,"widgetType":"text-editor","elType":"widget"},{"id":"68a9440d","settings":{"blockquote_skin":"quotation","alignment":"left","blockquote_content":"Lorem ipsum dolor sit amet, consectetur adipisicing elit, sed do eiusmod tempor incididunt ut labore et dolore magna aliqua.","author_name":" ","tweet_button":"","tweet_button_label":"Tweet","content_text_color":"#666666","content_typography_typography":"custom","content_typography_font_family":"Poppins","content_typography_font_size":{"unit":"px","size":18,"sizes":[]},"content_typography_font_style":"italic","content_gap":{"unit":"px","size":0,"sizes":[]},"quote_text_color":"#fc6d4f","quote_size":{"unit":"px","size":0.5,"sizes":[]},"quote_gap":{"unit":"px","size":0,"sizes":[]},"_padding":{"unit":"px","top":"45","right":"25","bottom":"35","left":"55","isLinked":false},"_css_classes":"gc-blog-quote","_background_background":"classic","_background_color":"#fafafa","_padding_mobile":{"unit":"px","top":"10","right":"10","bottom":"10","left":"10","isLinked":true}},"elements":[],"isInner":false,"widgetType":"blockquote","elType":"widget"},{"id":"2be0ea07","settings":{"editor":"Lorem ipsum dolor sit amet, consectetur adipisicing elit, sed do eiusmod tempor incididunt ut labore et dolore magna aliqua. Ut enim ad minim veniam, quis nostrud exercitation ullamco laboris nisi ut aliquip ex ea commodo consequat. Duis aute irure dolor in reprehenderit in voluptate velit esse cillum dolore eu fugiat nulla pariatur. <br><br>Excepteur sint occaecat cupidatat non proident, sunt in culpa qui officia deserunt mollit anim id est laborum. Sed ut perspiciatis unde omnis iste natus error sit voluptatem accusantium doloremque laudantium, totam rem aperiam, eaque ipsa quae ab illo inventore veritatis et quasi architecto beatae vitae dicta sunt explicabo.","text_color":"#666666","typography_typography":"custom","typography_font_family":"Poppins","typography_font_size":{"unit":"px","size":18,"sizes":[]},"_padding":{"unit":"px","top":"0","right":"0","bottom":"20","left":"0","isLinked":false},"typography_font_size_mobile":{"unit":"px","size":15,"sizes":[]}},"elements":[],"isInner":false,"widgetType":"text-editor","elType":"widget"},{"id":"3312b4e1","settings":{"structure":"20","slider_delay":"5000"},"elements":[{"id":"5aef90a9","settings":{"_column_size":50,"_inline_size":null,"slider_delay":"5000"},"elements":[{"id":"6d59dc93","settings":{"icon_list":[{"text":"You and  4  people like this","selected_icon":{"value":"fas fa-heart","library":"fa-solid"},"_id":"0c8d65f","link":{"url":"","is_external":"","nofollow":""}}],"icon_align":"left","icon_color":"#fc6d4f","icon_size":{"unit":"px","size":20,"sizes":[]},"text_color":"#666666","text_indent":{"unit":"px","size":10,"sizes":[]},"icon_typography_typography":"custom","icon_typography_font_family":"Poppins","icon_typography_font_size":{"unit":"px","size":18,"sizes":[]},"icon_typography_font_weight":"400","icon_align_mobile":"center"},"elements":[],"isInner":false,"widgetType":"icon-list","elType":"widget"}],"isInner":true,"elType":"column"},{"id":"7e849b13","settings":{"_column_size":50,"_inline_size":null,"slider_delay":"5000","padding":{"unit":"px","top":"10","right":"0","bottom":"10","left":"0","isLinked":false}},"elements":[{"id":"3bc08ba","settings":{"view":"inline","icon_list":[{"text":"","selected_icon":{"value":"fab fa-facebook-f","library":"fa-brands"},"_id":"f334fd4","link":{"url":"https:\/\/www.facebook.com\/","is_external":"on","nofollow":""}},{"text":" ","selected_icon":{"value":"fab fa-twitter","library":"fa-brands"},"_id":"c03f5c5","link":{"url":"https:\/\/www.twitter.com\/","is_external":"on","nofollow":""}},{"text":" ","selected_icon":{"value":"fab fa-instagram","library":"fa-brands"},"_id":"0041386","link":{"url":"https:\/\/www.instagram.com\/","is_external":"on","nofollow":""}},{"text":" ","selected_icon":{"value":"fab fa-pinterest","library":"fa-brands"},"_id":"746d86d","link":{"url":"https:\/\/www.pinterest.ph\/","is_external":"on","nofollow":""}},{"text":" ","selected_icon":{"value":"fab fa-youtube","library":"fa-brands"},"_id":"4854786","link":{"url":"https:\/\/www.youtube.com\/","is_external":"on","nofollow":""}},{"text":" ","selected_icon":{"value":"fab fa-linkedin-in","library":"fa-brands"},"_id":"e9e3101","link":{"url":"https:\/\/www.linkedin.com\/","is_external":"on","nofollow":""}}],"icon_align":"right","icon_color":"#c3c3c3","icon_color_hover":"#fc6d4f","icon_size":{"unit":"px","size":21,"sizes":[]},"icon_align_mobile":"center"},"elements":[],"isInner":false,"widgetType":"icon-list","elType":"widget"}],"isInner":true,"elType":"column"}],"isInner":true,"elType":"section"},{"id":"5f82591","settings":{"structure":"20","slider_delay":"5000","padding":{"unit":"px","top":"50","right":"0","bottom":"45","left":"0","isLinked":false}},"elements":[{"id":"3f00d00a","settings":{"_column_size":50,"_inline_size":null,"slider_delay":"5000","padding":{"unit":"px","top":"0","right":"0","bottom":"0","left":"0","isLinked":false},"_inline_size_mobile":50},"elements":[{"id":"709e1429","settings":{"image":{"url":"https:\/\/wpbuilt.co\/demo\/wp-content\/uploads\/2020\/02\/resto-blog-img-2.jpg","id":6256},"title_text":"prev post","description_text":"Lorem ipsum dolor sit amet, consectetur adipisicing","link":{"url":"#","is_external":"","nofollow":""},"position":"left","content_vertical_alignment":"middle","title_bottom_space":{"unit":"px","size":6,"sizes":[]},"title_color":"#afafaf","title_typography_typography":"custom","title_typography_font_family":"Poppins","title_typography_font_size":{"unit":"px","size":12,"sizes":[]},"title_typography_font_weight":"400","title_typography_text_transform":"uppercase","description_color":"#666666","description_typography_typography":"custom","description_typography_font_family":"Poppins","description_typography_font_size":{"unit":"px","size":16,"sizes":[]},"description_typography_font_size_mobile":{"unit":"px","size":12,"sizes":[]},"text_align_mobile":"left"},"elements":[],"isInner":false,"widgetType":"image-box","elType":"widget"}],"isInner":true,"elType":"column"},{"id":"5e3eea69","settings":{"_column_size":50,"_inline_size":null,"slider_delay":"5000","padding":{"unit":"px","top":"0","right":"0","bottom":"0","left":"0","isLinked":false},"_inline_size_mobile":50},"elements":[{"id":"5920fe73","settings":{"image":{"url":"https:\/\/wpbuilt.co\/demo\/wp-content\/uploads\/2020\/02\/resto-blog-img-3.jpg","id":6257},"title_text":"next post","description_text":"Lorem ipsum dolor sit amet, consectetur adipisicing","link":{"url":"#","is_external":"","nofollow":""},"position":"right","text_align":"right","content_vertical_alignment":"middle","title_bottom_space":{"unit":"px","size":6,"sizes":[]},"title_color":"#afafaf","title_typography_typography":"custom","title_typography_font_family":"Poppins","title_typography_font_size":{"unit":"px","size":12,"sizes":[]},"title_typography_font_weight":"400","title_typography_text_transform":"uppercase","description_color":"#666666","description_typography_typography":"custom","description_typography_font_family":"Poppins","description_typography_font_size":{"unit":"px","size":16,"sizes":[]},"description_typography_font_size_mobile":{"unit":"px","size":12,"sizes":[]}},"elements":[],"isInner":false,"widgetType":"image-box","elType":"widget"}],"isInner":true,"elType":"column"}],"isInner":true,"elType":"section"},{"id":"3bcceb7","settings":{"image":{"url":"https:\/\/wpbuilt.co\/demo\/wp-content\/uploads\/2020\/02\/comment-img-resto.png","id":6315},"title_text":"Jonathan Dewey","description_text":"Lorem ipsum dolor sit amet, consectetur adipisicing elit, sed do eiusmod tempor incididunt ut labore et dolore magna aliqua.","position":"left","image_space":{"unit":"px","size":0,"sizes":[]},"image_size":{"unit":"%","size":20,"sizes":[]},"title_bottom_space":{"unit":"px","size":0,"sizes":[]},"title_color":"#1c1c1c","title_typography_typography":"custom","title_typography_font_family":"Lora","title_typography_font_size":{"unit":"px","size":24.059999999999998721023075631819665431976318359375,"sizes":[]},"title_typography_font_weight":"400","description_color":"#666666","description_typography_typography":"custom","description_typography_font_family":"Poppins","description_typography_font_size":{"unit":"px","size":18,"sizes":[]},"_margin":{"unit":"px","top":"0","right":"0","bottom":"0","left":"0","isLinked":false},"_padding":{"unit":"px","top":"70","right":"0","bottom":"70","left":"0","isLinked":false},"_background_background":"classic","_background_color":"#fafafa","_border_width":{"unit":"px","top":"0","right":"0","bottom":"1","left":"0","isLinked":false},"_border_radius":{"unit":"px","top":"0","right":"0","bottom":"0","left":"0","isLinked":false},"title_typography_font_size_mobile":{"unit":"px","size":20,"sizes":[]},"description_typography_font_size_mobile":{"unit":"px","size":16,"sizes":[]}},"elements":[],"isInner":false,"widgetType":"image-box","elType":"widget"},{"id":"459e9f16","settings":{"text":"Divider","color":"#bdbebd","_margin":{"unit":"px","top":"0","right":"0","bottom":"0","left":"0","isLinked":false},"_padding":{"unit":"px","top":"30","right":"0","bottom":"0","left":"0","isLinked":false}},"elements":[],"isInner":false,"widgetType":"divider","elType":"widget"}],"isInner":false,"elType":"column"},{"id":"6ba6bd3","settings":{"_column_size":50,"_inline_size":36.1700000000000017053025658242404460906982421875,"slider_delay":"5000","padding":{"unit":"px","top":"10","right":"10","bottom":"10","left":"30","isLinked":false},"_inline_size_tablet":100,"padding_mobile":{"unit":"px","top":"10","right":"10","bottom":"10","left":"10","isLinked":true},"padding_tablet":{"unit":"px","top":"10","right":"10","bottom":"10","left":"10","isLinked":true}},"elements":[{"id":"3e0aeed3","settings":{"placeholder":"Search","button_text":"Search","input_typography_typography":"custom","input_typography_font_family":"Poppins","input_typography_font_size":{"unit":"px","size":18.230000000000000426325641456060111522674560546875,"sizes":[]},"input_text_color":"#666666","input_background_color":"rgba(0,0,0,0)","input_border_color":"#f5f5f5","button_border_width":{"unit":"px","top":"1","right":"1","bottom":"1","left":"1","isLinked":true},"button_text_color":"#b8b7b7","button_background_color":"rgba(0,0,0,0)","_padding":{"unit":"px","top":"0","right":"0","bottom":"025","left":"0","isLinked":false}},"elements":[],"isInner":false,"widgetType":"search-form","elType":"widget"},{"id":"4d46cc5d","settings":{"title":"Category","header_size":"h3","title_color":"#1c1c1c","typography_typography":"custom","typography_font_family":"Lora","typography_font_size":{"unit":"px","size":24.050000000000000710542735760100185871124267578125,"sizes":[]},"typography_font_weight":"400","_padding":{"unit":"px","top":"0","right":"0","bottom":"20","left":"0","isLinked":false}},"elements":[],"isInner":false,"widgetType":"heading","elType":"widget"},{"id":"3633c7b0","settings":{"icon_list":[{"text":"Resstaurant Food (2)","selected_icon":{"value":"","library":""},"_id":"ffe0b49","link":{"url":"#","is_external":"","nofollow":""}},{"text":"Travel News (6)","selected_icon":{"value":"","library":""},"_id":"54f837e","link":{"url":"#","is_external":"","nofollow":""}},{"text":"Modern Technology (5)","selected_icon":{"value":"","library":""},"_id":"f0f4323","link":{"url":"#","is_external":"","nofollow":""}},{"text":"Product (8)","selected_icon":{"value":"","library":""},"_id":"b0ebe22","link":{"url":"#","is_external":"","nofollow":""}},{"text":"Inspiration (5)","selected_icon":{"value":"","library":""},"_id":"9282cba","link":{"url":"#","is_external":"","nofollow":""}},{"text":"Health Care (6)","selected_icon":{"value":"","library":""},"_id":"676e488","link":{"url":"#","is_external":"","nofollow":""}}],"space_between":{"unit":"px","size":15,"sizes":[]},"text_color":"#666666","text_color_hover":"#fc6d4f","icon_typography_typography":"custom","icon_typography_font_family":"Poppins","icon_typography_font_size":{"unit":"px","size":18,"sizes":[]},"_padding":{"unit":"px","top":"0","right":"0","bottom":"20","left":"0","isLinked":false},"icon_typography_font_size_mobile":{"unit":"px","size":16,"sizes":[]}},"elements":[],"isInner":false,"widgetType":"icon-list","elType":"widget"},{"id":"7e0d0801","settings":{"title":"Recent Post","header_size":"h3","title_color":"#1c1c1c","typography_typography":"custom","typography_font_family":"Lora","typography_font_size":{"unit":"px","size":24.050000000000000710542735760100185871124267578125,"sizes":[]},"typography_font_weight":"400","_padding":{"unit":"px","top":"0","right":"0","bottom":"20","left":"0","isLinked":false}},"elements":[],"isInner":false,"widgetType":"heading","elType":"widget"},{"id":"65464173","settings":{"slider_delay":"5000","padding":{"unit":"px","top":"0","right":"0","bottom":"75","left":"0","isLinked":false}},"elements":[{"id":"24c3437b","settings":{"_column_size":100,"_inline_size":null,"slider_delay":"5000"},"elements":[{"id":"6c98f3e2","settings":{"image":{"url":"https:\/\/wpbuilt.co\/demo\/wp-content\/uploads\/2020\/02\/resto-blog-img-2.jpg","id":6256},"title_text":"Lorem ipsum dolor sit amet, consectetur adipisicing elit","description_text":"Feb 24, 2020","position":"left","content_vertical_alignment":"middle","title_bottom_space":{"unit":"px","size":0,"sizes":[]},"title_color":"#666666","title_typography_typography":"custom","title_typography_font_family":"Poppins","title_typography_font_size":{"unit":"px","size":18,"sizes":[]},"title_typography_font_weight":"400","link":{"url":"#","is_external":"","nofollow":""},"description_typography_typography":"custom","description_typography_font_family":"Poppins","description_typography_font_size":{"unit":"px","size":17.980000000000000426325641456060111522674560546875,"sizes":[]},"_padding":{"unit":"px","top":"0","right":"50","bottom":"15","left":"0","isLinked":false},"title_typography_font_size_mobile":{"unit":"px","size":15,"sizes":[]},"description_typography_font_size_mobile":{"unit":"px","size":13,"sizes":[]},"_padding_mobile":{"unit":"px","top":"0","right":"0","bottom":"0","left":"0","isLinked":false}},"elements":[],"isInner":false,"widgetType":"image-box","elType":"widget"},{"id":"18a57b5a","settings":{"image":{"url":"https:\/\/wpbuilt.co\/demo\/wp-content\/uploads\/2020\/02\/resto-blog-img-3.jpg","id":6257},"title_text":"Lorem ipsum dolor sit amet, consectetur adipisicing elit","description_text":"Feb 24, 2020","position":"left","content_vertical_alignment":"middle","title_bottom_space":{"unit":"px","size":0,"sizes":[]},"title_color":"#666666","title_typography_typography":"custom","title_typography_font_family":"Poppins","title_typography_font_size":{"unit":"px","size":18,"sizes":[]},"title_typography_font_weight":"400","link":{"url":"#","is_external":"","nofollow":""},"description_typography_typography":"custom","description_typography_font_family":"Poppins","description_typography_font_size":{"unit":"px","size":17.980000000000000426325641456060111522674560546875,"sizes":[]},"_padding":{"unit":"px","top":"0","right":"50","bottom":"15","left":"0","isLinked":false},"title_typography_font_size_mobile":{"unit":"px","size":15,"sizes":[]},"description_typography_font_size_mobile":{"unit":"px","size":13,"sizes":[]},"_padding_mobile":{"unit":"px","top":"0","right":"0","bottom":"0","left":"0","isLinked":false}},"elements":[],"isInner":false,"widgetType":"image-box","elType":"widget"},{"id":"503418c4","settings":{"image":{"url":"https:\/\/wpbuilt.co\/demo\/wp-content\/uploads\/2020\/02\/resto-blog-img-5.jpg","id":6259},"title_text":"Lorem ipsum dolor sit amet, consectetur adipisicing elit","description_text":"Feb 24, 2020","position":"left","content_vertical_alignment":"middle","title_bottom_space":{"unit":"px","size":0,"sizes":[]},"title_color":"#666666","title_typography_typography":"custom","title_typography_font_family":"Poppins","title_typography_font_size":{"unit":"px","size":18,"sizes":[]},"title_typography_font_weight":"400","link":{"url":"#","is_external":"","nofollow":""},"description_typography_typography":"custom","description_typography_font_family":"Poppins","description_typography_font_size":{"unit":"px","size":17.980000000000000426325641456060111522674560546875,"sizes":[]},"_padding":{"unit":"px","top":"0","right":"50","bottom":"15","left":"0","isLinked":false},"title_typography_font_size_mobile":{"unit":"px","size":15,"sizes":[]},"description_typography_font_size_mobile":{"unit":"px","size":13,"sizes":[]},"_padding_mobile":{"unit":"px","top":"0","right":"0","bottom":"0","left":"0","isLinked":false}},"elements":[],"isInner":false,"widgetType":"image-box","elType":"widget"},{"id":"963ce82","settings":{"image":{"url":"https:\/\/wpbuilt.co\/demo\/wp-content\/uploads\/2020\/02\/resto-blog-img-6.jpg","id":6260},"title_text":"Lorem ipsum dolor sit amet, consectetur adipisicing elit","description_text":"Feb 24, 2020","position":"left","content_vertical_alignment":"middle","title_bottom_space":{"unit":"px","size":0,"sizes":[]},"title_color":"#666666","title_typography_typography":"custom","title_typography_font_family":"Poppins","title_typography_font_size":{"unit":"px","size":18,"sizes":[]},"title_typography_font_weight":"400","link":{"url":"#","is_external":"","nofollow":""},"description_typography_typography":"custom","description_typography_font_family":"Poppins","description_typography_font_size":{"unit":"px","size":17.980000000000000426325641456060111522674560546875,"sizes":[]},"_padding":{"unit":"px","top":"0","right":"50","bottom":"15","left":"0","isLinked":false},"title_typography_font_size_mobile":{"unit":"px","size":15,"sizes":[]},"description_typography_font_size_mobile":{"unit":"px","size":13,"sizes":[]},"_padding_mobile":{"unit":"px","top":"0","right":"0","bottom":"0","left":"0","isLinked":false}},"elements":[],"isInner":false,"widgetType":"image-box","elType":"widget"}],"isInner":true,"elType":"column"}],"isInner":true,"elType":"section"},{"id":"31f8e0eb","settings":{"title":"Subscribe to our Newsletter","header_size":"h3","title_color":"#1c1c1c","typography_typography":"custom","typography_font_family":"Lora","typography_font_size":{"unit":"px","size":24.050000000000000710542735760100185871124267578125,"sizes":[]},"typography_font_weight":"400","_padding":{"unit":"px","top":"0","right":"0","bottom":"20","left":"0","isLinked":false},"typography_line_height_mobile":{"unit":"em","size":1.3000000000000000444089209850062616169452667236328125,"sizes":[]},"_padding_mobile":{"unit":"px","top":"0","right":"0","bottom":"10","left":"0","isLinked":false}},"elements":[],"isInner":false,"widgetType":"heading","elType":"widget"},{"id":"7c6df0eb","settings":{"form_name":"New Form","form_fields":[{"custom_id":"name","field_type":"email","field_label":"Email","placeholder":"Enter your email...","width":"100","_id":"f43e465","required":"","field_options":"","allow_multiple":"","select_size":"","inline_list":"","field_html":"","width_tablet":"","width_mobile":"","rows":4,"recaptcha_size":"normal","recaptcha_style":"light","recaptcha_badge":"bottomright","css_classes":"","field_value":""}],"show_labels":"","button_text":"subscribe","email_content":"[all-fields]","email_content_2":"[all-fields]","success_message":"The form was sent successfully.","error_message":"An error occured.","required_field_message":"This field is required.","invalid_message":"There's something wrong. The form is invalid.","row_gap":{"unit":"px","size":15,"sizes":[]},"field_text_color":"#666666","field_typography_typography":"custom","field_typography_font_family":"Poppins","field_typography_font_size":{"unit":"px","size":18.230000000000000426325641456060111522674560546875,"sizes":[]},"field_border_color":"#f5f5f5","button_background_color":"#fc6d4f","button_text_color":"#ffffff","button_typography_typography":"custom","button_typography_font_family":"Poppins","button_typography_font_size":{"unit":"px","size":18,"sizes":[]},"button_border_border":"solid","button_border_width":{"unit":"px","top":"1","right":"1","bottom":"1","left":"1","isLinked":true},"button_border_color":"#fc6d4f","button_text_padding":{"unit":"px","top":"20","right":"0","bottom":"20","left":"0","isLinked":false},"button_background_hover_color":"rgba(0,0,0,0)","button_hover_color":"#fc6d4f","_css_classes":"gc-single-form ","button_typography_letter_spacing":{"unit":"px","size":1.899999999999999911182158029987476766109466552734375,"sizes":[]}},"elements":[],"isInner":false,"widgetType":"form","elType":"widget"},{"id":"479666d9","settings":{"title":"Instagram","header_size":"h3","title_color":"#1c1c1c","typography_typography":"custom","typography_font_family":"Lora","typography_font_size":{"unit":"px","size":24.050000000000000710542735760100185871124267578125,"sizes":[]},"typography_font_weight":"400","_padding":{"unit":"px","top":"70","right":"0","bottom":"20","left":"0","isLinked":false},"_padding_mobile":{"unit":"px","top":"10","right":"0","bottom":"10","left":"0","isLinked":false}},"elements":[],"isInner":false,"widgetType":"heading","elType":"widget"},{"id":"5fb1b00b","settings":{"structure":"30","slider_delay":"5000"},"elements":[{"id":"558eed68","settings":{"_column_size":33,"_inline_size":null,"slider_delay":"5000"},"elements":[{"id":"6c37c476","settings":{"image":{"url":"https:\/\/wpbuilt.co\/demo\/wp-content\/uploads\/2020\/02\/stay-connected-img-1.jpg","id":6094}},"elements":[],"isInner":false,"widgetType":"image","elType":"widget"}],"isInner":true,"elType":"column"},{"id":"1bb0405","settings":{"_column_size":33,"_inline_size":null,"slider_delay":"5000"},"elements":[{"id":"3200d4e1","settings":{"image":{"url":"https:\/\/wpbuilt.co\/demo\/wp-content\/uploads\/2020\/02\/stay-connected-img-3.jpg","id":6096},"_css_classes":"gc-instagram-steak"},"elements":[],"isInner":false,"widgetType":"image","elType":"widget"}],"isInner":true,"elType":"column"},{"id":"3ae890d4","settings":{"_column_size":33,"_inline_size":null,"slider_delay":"5000"},"elements":[{"id":"305566f6","settings":{"image":{"url":"https:\/\/wpbuilt.co\/demo\/wp-content\/uploads\/2020\/02\/stay-connected-img-2.jpg","id":6095}},"elements":[],"isInner":false,"widgetType":"image","elType":"widget"}],"isInner":true,"elType":"column"}],"isInner":true,"elType":"section"},{"id":"fa7418a","settings":{"structure":"30","slider_delay":"5000"},"elements":[{"id":"550140b6","settings":{"_column_size":33,"_inline_size":null,"slider_delay":"5000"},"elements":[{"id":"130ef10b","settings":{"image":{"url":"https:\/\/wpbuilt.co\/demo\/wp-content\/uploads\/2020\/02\/stay-connected-img-4.jpg","id":6097}},"elements":[],"isInner":false,"widgetType":"image","elType":"widget"}],"isInner":true,"elType":"column"},{"id":"66e0f665","settings":{"_column_size":33,"_inline_size":null,"slider_delay":"5000"},"elements":[{"id":"73d9a213","settings":{"image":{"url":"https:\/\/wpbuilt.co\/demo\/wp-content\/uploads\/2020\/02\/stay-connected-img-5.jpg","id":6098}},"elements":[],"isInner":false,"widgetType":"image","elType":"widget"}],"isInner":true,"elType":"column"},{"id":"47c7c397","settings":{"_column_size":33,"_inline_size":null,"slider_delay":"5000"},"elements":[{"id":"7f89f85f","settings":{"image":{"url":"https:\/\/wpbuilt.co\/demo\/wp-content\/uploads\/2020\/02\/offer-image-3.jpg","id":6089},"image_size":"custom","image_custom_dimension":{"width":"320","height":"320"},"_css_classes":"gc-insta-bread"},"elements":[],"isInner":false,"widgetType":"image","elType":"widget"}],"isInner":true,"elType":"column"}],"isInner":true,"elType":"section"}],"isInner":false,"elType":"column"}],"isInner":false,"elType":"section"},{"id":"5bac0c7e","settings":{"content_width":{"unit":"px","size":1410,"sizes":[]},"structure":"20","slider_delay":"5000","padding":{"unit":"px","top":"34","right":"0","bottom":"120","left":"0","isLinked":false},"padding_tablet":{"unit":"px","top":"0","right":"0","bottom":"0","left":"0","isLinked":false}},"elements":[{"id":"6594de78","settings":{"_column_size":50,"_inline_size":63.8299999999999982946974341757595539093017578125,"slider_delay":"5000","_inline_size_tablet":100},"elements":[{"id":"683bad75","settings":{"title":"Leave a Reply","header_size":"h3","title_color":"#1c1c1c","typography_typography":"custom","typography_font_family":"Lora","typography_font_size":{"unit":"px","size":24.050000000000000710542735760100185871124267578125,"sizes":[]},"typography_font_weight":"400","_padding":{"unit":"px","top":"0","right":"0","bottom":"0","left":"0","isLinked":false}},"elements":[],"isInner":false,"widgetType":"heading","elType":"widget"},{"id":"27f565b8","settings":{"form_name":"New Form","form_fields":[{"custom_id":"field_1","field_type":"textarea","field_label":"Reply","placeholder":"Leave your comment","width":"100","_id":"b56ead8","required":"","field_options":"","allow_multiple":"","select_size":"","inline_list":"","field_html":"","width_tablet":"","width_mobile":"","rows":4,"recaptcha_size":"normal","recaptcha_style":"light","recaptcha_badge":"bottomright","css_classes":"","field_value":""},{"custom_id":"name","field_type":"text","field_label":"Name","placeholder":"Name","width":"50","_id":"0092292","required":"true","field_options":"","allow_multiple":"","select_size":"","inline_list":"","field_html":"","width_tablet":"","width_mobile":"","rows":4,"recaptcha_size":"normal","recaptcha_style":"light","recaptcha_badge":"bottomright","css_classes":"","field_value":""},{"custom_id":"email","field_type":"email","required":"true","field_label":"Email","placeholder":"Email","width":"50","_id":"21c375e","field_options":"","allow_multiple":"","select_size":"","inline_list":"","field_html":"","width_tablet":"","width_mobile":"","rows":4,"recaptcha_size":"normal","recaptcha_style":"light","recaptcha_badge":"bottomright","css_classes":"","field_value":""},{"custom_id":"field_2","field_type":"url","required":"true","field_label":"Website","placeholder":"Website","width":"100","_id":"cddb8c8","field_options":"","allow_multiple":"","select_size":"","inline_list":"","field_html":"","width_tablet":"","width_mobile":"","rows":4,"recaptcha_size":"normal","recaptcha_style":"light","recaptcha_badge":"bottomright","css_classes":"","field_value":""}],"show_labels":"","button_text":"Send message","button_align":"start","email_content":"[all-fields]","email_content_2":"[all-fields]","success_message":"The form was sent successfully.","error_message":"An error occured.","required_field_message":"This field is required.","invalid_message":"There's something wrong. The form is invalid.","column_gap":{"unit":"px","size":25,"sizes":[]},"row_gap":{"unit":"px","size":25,"sizes":[]},"field_text_color":"#666666","field_typography_typography":"custom","field_typography_font_family":"Poppins","field_typography_font_size":{"unit":"px","size":18.230000000000000426325641456060111522674560546875,"sizes":[]},"field_border_color":"#f5f5f5","button_background_color":"#fc6d4f","button_text_color":"#ffffff","button_typography_typography":"custom","button_typography_font_family":"Poppins","button_typography_font_size":{"unit":"px","size":18,"sizes":[]},"button_border_border":"solid","button_border_width":{"unit":"px","top":"1","right":"1","bottom":"1","left":"1","isLinked":true},"button_border_color":"#fc6d4f","button_text_padding":{"unit":"px","top":"20","right":"30","bottom":"20","left":"30","isLinked":false},"button_background_hover_color":"rgba(0,0,0,0)","button_hover_color":"#fc6d4f","_padding":{"unit":"px","top":"35","right":"0","bottom":"0","left":"0","isLinked":false},"_css_classes":"gc-single-form ","button_align_mobile":"center","button_typography_letter_spacing":{"unit":"px","size":2,"sizes":[]}},"elements":[],"isInner":false,"widgetType":"form","elType":"widget"}],"isInner":false,"elType":"column"},{"id":"1581a3d6","settings":{"_column_size":50,"_inline_size":36.1700000000000017053025658242404460906982421875,"slider_delay":"5000","hide_tablet":"hidden-tablet","hide_mobile":"hidden-phone"},"elements":[],"isInner":false,"elType":"column"}],"isInner":false,"elType":"section"},{"id":"6b6a614a","settings":{"layout":"full_width","slider_delay":"5000","padding":{"unit":"px","top":"55","right":"0","bottom":"95","left":"0","isLinked":false},"padding_tablet":{"unit":"px","top":"30","right":"0","bottom":"0","left":"0","isLinked":false},"animation":"fadeIn","css_classes":"gc-footer-section","padding_mobile":{"unit":"px","top":"10","right":"0","bottom":"0","left":"0","isLinked":false},"border_border":"solid","border_width":{"unit":"px","top":"1","right":"0","bottom":"0","left":"0","isLinked":false},"border_color":"#BDBEBD","border_radius":{"unit":"px","top":"0","right":"0","bottom":"0","left":"0","isLinked":false}},"elements":[{"id":"b5e98eb","settings":{"_column_size":100,"slider_delay":"5000"},"elements":[{"id":"6632286","settings":{"content_width":{"unit":"px","size":1220,"sizes":[]},"structure":"40","slider_delay":"5000","padding_tablet":{"unit":"px","top":"0","right":"20","bottom":"0","left":"20","isLinked":false}},"elements":[{"id":"7a37f49e","settings":{"_column_size":25,"_inline_size":null,"slider_delay":"5000","_inline_size_tablet":50},"elements":[{"id":"465386b8","settings":{"image":{"url":"https:\/\/wpbuilt.co\/demo\/wp-content\/uploads\/2020\/02\/header-logo-resto.png","id":6081},"align":"left","link_to":"custom","link":{"url":"#","is_external":"","nofollow":""},"_padding":{"unit":"px","top":"0","right":"0","bottom":"20","left":"0","isLinked":false},"align_mobile":"center"},"elements":[],"isInner":false,"widgetType":"image","elType":"widget"},{"id":"6ed704c4","settings":{"social_icon_list":[{"social_icon":{"value":{"url":"https:\/\/wpbuilt.co\/demo\/wp-content\/uploads\/2020\/03\/facebook-f-brands.svg","id":6599},"library":"svg"},"_id":"f78288e","link":{"url":"https:\/\/www.facebook.com\/","is_external":"true","nofollow":""},"item_icon_color":"custom","item_icon_primary_color":"","item_icon_secondary_color":""},{"social_icon":{"value":"fab fa-twitter","library":"fa-brands"},"_id":"1eec998","link":{"url":"https:\/\/www.twitter.com\/","is_external":"true","nofollow":""},"item_icon_color":"default","item_icon_primary_color":"","item_icon_secondary_color":""},{"social_icon":{"value":"fab fa-instagram","library":"fa-brands"},"_id":"583e55f","link":{"url":"https:\/\/www.instagram.com\/","is_external":"true","nofollow":""},"item_icon_color":"default","item_icon_primary_color":"","item_icon_secondary_color":""},{"social_icon":{"value":{"url":"https:\/\/wpbuilt.co\/demo\/wp-content\/uploads\/2020\/03\/linkedin-in-brands.svg","id":6598},"library":"svg"},"_id":"6a5f062","link":{"url":"https:\/\/www.linkedin.com\/","is_external":"true","nofollow":""},"item_icon_color":"default","item_icon_primary_color":"","item_icon_secondary_color":""}],"shape":"square","align":"left","icon_color":"custom","icon_primary_color":"#f9f9f9","icon_secondary_color":"#fc6d4f","icon_spacing":{"unit":"px","size":10,"sizes":[]},"align_mobile":"center","icon_size_tablet":{"unit":"px","size":20,"sizes":[]}},"elements":[],"isInner":false,"widgetType":"social-icons","elType":"widget"}],"isInner":true,"elType":"column"},{"id":"15200d56","settings":{"_column_size":25,"_inline_size":23.52499999999999857891452847979962825775146484375,"slider_delay":"5000","_inline_size_tablet":50},"elements":[{"id":"5a59314a","settings":{"title":"Quick Links","header_size":"h3","title_color":"#1c1c1c","typography_typography":"custom","typography_font_family":"Poppins","typography_font_size":{"unit":"px","size":18.21000000000000085265128291212022304534912109375,"sizes":[]},"typography_font_weight":"500","typography_text_transform":"uppercase","_padding":{"unit":"px","top":"0","right":"0","bottom":"20","left":"0","isLinked":false},"align_mobile":"center","typography_font_size_mobile":{"unit":"px","size":17,"sizes":[]}},"elements":[],"isInner":false,"widgetType":"heading","elType":"widget"},{"id":"98c82f9","settings":{"icon_list":[{"text":"Home","selected_icon":{"value":"","library":""},"_id":"062708b","link":{"url":"#","is_external":"","nofollow":""}},{"text":"About","selected_icon":{"value":"","library":""},"_id":"44b5dd0","link":{"url":"#","is_external":"","nofollow":""}},{"text":"Menu","selected_icon":{"value":"","library":""},"_id":"4743780","link":{"url":"#","is_external":"","nofollow":""}},{"text":"News","selected_icon":{"value":"","library":""},"_id":"ffc1d7f","link":{"url":"#","is_external":"","nofollow":""}},{"text":"Contact","selected_icon":{"value":"","library":""},"_id":"526615d","link":{"url":"#","is_external":"","nofollow":""}}],"space_between":{"unit":"px","size":5,"sizes":[]},"text_color":"#666666","text_color_hover":"#1c1c1c","text_indent":{"unit":"px","size":0,"sizes":[]},"icon_typography_typography":"custom","icon_typography_font_family":"Poppins","icon_typography_font_size":{"unit":"px","size":18,"sizes":[]},"icon_typography_font_weight":"400","icon_align_mobile":"center","icon_typography_font_size_mobile":{"unit":"px","size":16,"sizes":[]},"icon_typography_font_size_tablet":{"unit":"px","size":16,"sizes":[]}},"elements":[],"isInner":false,"widgetType":"icon-list","elType":"widget"}],"isInner":true,"elType":"column"},{"id":"45b933d0","settings":{"_column_size":25,"_inline_size":26.47500000000000142108547152020037174224853515625,"slider_delay":"5000","_inline_size_tablet":50},"elements":[{"id":"1c556cf7","settings":{"title":"Have a questions?","header_size":"h3","title_color":"#1c1c1c","typography_typography":"custom","typography_font_family":"Poppins","typography_font_size":{"unit":"px","size":18.21000000000000085265128291212022304534912109375,"sizes":[]},"typography_font_weight":"500","typography_text_transform":"uppercase","_padding":{"unit":"px","top":"0","right":"0","bottom":"20","left":"0","isLinked":false},"align_mobile":"center","typography_font_size_mobile":{"unit":"px","size":17,"sizes":[]}},"elements":[],"isInner":false,"widgetType":"heading","elType":"widget"},{"id":"4698cc65","settings":{"icon_list":[{"text":"143 Dummy St.  San Francisco, California, USA","selected_icon":{"value":"fas fa-map-marker-alt","library":"fa-solid"},"_id":"7530322","link":{"url":"https:\/\/goo.gl\/maps\/mxbL3JjxuubCqbhL6","is_external":"on","nofollow":""}},{"text":"+ 123 456 7890","selected_icon":{"value":"fas fa-phone-alt","library":"fa-solid"},"_id":"20389a6","link":{"url":"tel:+ 123 456 7890","is_external":"","nofollow":""}},{"text":"info@bistro.com","selected_icon":{"value":"fas fa-envelope","library":"fa-solid"},"_id":"a3196ec","link":{"url":"mailto:info@bistro.com","is_external":"","nofollow":""}}],"space_between":{"unit":"px","size":25,"sizes":[]},"icon_color":"#fc6d4f","icon_size":{"unit":"px","size":27,"sizes":[]},"icon_self_align":"left","text_color":"#666666","text_color_hover":"#1c1c1c","text_indent":{"unit":"px","size":0,"sizes":[]},"icon_typography_typography":"custom","icon_typography_font_family":"Poppins","icon_typography_font_size":{"unit":"px","size":18,"sizes":[]},"icon_typography_font_weight":"400","icon_align_mobile":"center","icon_typography_font_size_tablet":{"unit":"px","size":16,"sizes":[]}},"elements":[],"isInner":false,"widgetType":"icon-list","elType":"widget"}],"isInner":true,"elType":"column"},{"id":"2b27542f","settings":{"_column_size":25,"_inline_size":null,"slider_delay":"5000","_inline_size_tablet":50},"elements":[{"id":"4c04aa63","settings":{"title":"opening hours","header_size":"h3","title_color":"#1c1c1c","typography_typography":"custom","typography_font_family":"Poppins","typography_font_size":{"unit":"px","size":18.21000000000000085265128291212022304534912109375,"sizes":[]},"typography_font_weight":"500","typography_text_transform":"uppercase","_padding":{"unit":"px","top":"0","right":"0","bottom":"20","left":"0","isLinked":false},"align_mobile":"center","typography_font_size_mobile":{"unit":"px","size":17,"sizes":[]}},"elements":[],"isInner":false,"widgetType":"heading","elType":"widget"},{"id":"670e9088","settings":{"icon_list":[{"text":"Mon to Fri : 8:00 AM - 9:00 PM","selected_icon":{"value":"","library":""},"_id":"0fe29cf","link":{"url":"","is_external":"","nofollow":""}},{"text":"Saturday :\t8:00 AM - 11:00 PM","selected_icon":{"value":"","library":""},"_id":"7e89066","link":{"url":"","is_external":"","nofollow":""}},{"text":"Holidays:\t10:00 AM - 12:00 PM","selected_icon":{"value":"","library":""},"_id":"54e8fc8","link":{"url":"","is_external":"","nofollow":""}}],"text_color":"#666666","icon_typography_typography":"custom","icon_typography_font_family":"Poppins","icon_typography_font_size":{"unit":"px","size":18,"sizes":[]},"icon_align_mobile":"center","icon_typography_font_size_tablet":{"unit":"px","size":16,"sizes":[]}},"elements":[],"isInner":false,"widgetType":"icon-list","elType":"widget"}],"isInner":true,"elType":"column"}],"isInner":true,"elType":"section"}],"isInner":false,"elType":"column"}],"isInner":false,"elType":"section"},{"id":"7d8592d3","settings":{"content_width":{"unit":"px","size":1920,"sizes":[]},"border_border":"solid","border_width":{"unit":"px","top":"1","right":"0","bottom":"0","left":"0","isLinked":false},"border_color":"#bdbebd","border_radius":{"unit":"px","top":"0","right":"0","bottom":"0","left":"0","isLinked":false},"slider_delay":"5000","padding":{"unit":"px","top":"25","right":"0","bottom":"45","left":"0","isLinked":false},"animation":"fadeInUp"},"elements":[{"id":"9993e9","settings":{"_column_size":100,"slider_delay":"5000"},"elements":[{"id":"4f5f68d2","settings":{"title":"\u00a9 bistro 2020.all rights reserved.","header_size":"h3","align":"center","title_color":"#666666","typography_typography":"custom","typography_font_family":"Poppins","typography_font_size":{"unit":"px","size":18.21000000000000085265128291212022304534912109375,"sizes":[]},"typography_font_weight":"400","typography_text_transform":"uppercase","typography_letter_spacing":{"unit":"px","size":1.100000000000000088817841970012523233890533447265625,"sizes":[]},"typography_font_size_mobile":{"unit":"px","size":15,"sizes":[]}},"elements":[],"isInner":false,"widgetType":"heading","elType":"widget"}],"isInner":false,"elType":"column"}],"isInner":false,"elType":"section"}],"page_settings":{"custom_css":".gc-arrow-btn svg {\n    height: auto;\n}\n.gc-blog-quote p{\n        margin: -30px 0 0 40px !important;\n\n}\n.gc-footer-section path{\n    color: #FC6D4F;\n}\n\/**Subscribe btn**\/\n.gc-single-form .elementor-button-text:after {\n    content: url('https:\/\/wpbuilt.co\/demo\/wp-content\/uploads\/2020\/02\/arrow_right-resto.png');\n    display: inline-block;\n    padding-left: 10px;\n}\n.gc-single-form input{\n    padding: 10px !important;\n}\n.gc-single-form textarea {\n    height: 220px;\n}\n@media screen and (max-width:767px){\n    .gc-instagram-steak img,.gc-insta-bread img {\n        width:320px;\n    }\n}\n\n\n@media screen and  (max-width:366px){\n .gc-nav-link span.elementor-button-icon.elementor-align-icon-right{\n        display:none;\n}\n}\n\/**Map Marker**\/\n\n@media screen and (max-width:425px) and (min-width:381px){\n    .gc-footer-section .fa-map-marker-alt:before {\n    margin: 0px 0 0 30px;\n}\n    \n}\n@media screen and (max-width:380px){\n    .gc-footer-section .fa-map-marker-alt:before{\n            margin: 0 0 0 20px;\n\n    }\n}","template":"elementor_header_footer"}}