{"version":"0.4","title":"Restaurant Kit &#8211; Blog","type":"page","content":[{"id":"66811f21","settings":{"content_width":{"unit":"px","size":1280,"sizes":[]},"slider_delay":"5000","z_index":1,"padding":{"unit":"px","top":"10","right":"0","bottom":"0","left":"0","isLinked":false},"_title":"Header","animation":"fadeIn","margin_tablet":{"unit":"px","top":"0","right":0,"bottom":"0","left":0,"isLinked":false},"padding_tablet":{"unit":"px","top":"0","right":"0","bottom":"0","left":"0","isLinked":false},"background_background":"classic","background_image":{"url":"https:\/\/wpbuilt.co\/demo\/wp-content\/uploads\/2020\/02\/blog-resto-banner.jpg","id":6254},"background_position":"top center","background_position_mobile":"center center","background_xpos_mobile":{"unit":"px","size":-464,"sizes":[]},"padding_mobile":{"unit":"px","top":"0","right":"0","bottom":"0","left":"0","isLinked":false},"background_ypos_mobile":{"unit":"px","size":-79,"sizes":[]},"background_size":"cover","background_position_tablet":"center center","background_image_mobile":{"url":"https:\/\/wpbuilt.co\/demo\/wp-content\/uploads\/2020\/02\/mobile-resto-bg.jpg","id":7188}},"elements":[{"id":"46a21639","settings":{"_column_size":100,"slider_delay":"5000","padding":{"unit":"px","top":"0","right":"0","bottom":"0","left":"0","isLinked":false}},"elements":[{"id":"76e99e6","settings":{"layout":"full_width","structure":"30","slider_delay":"5000","css_classes":"gc-nav-link"},"elements":[{"id":"7f5e8038","settings":{"_column_size":33,"_inline_size":36.09400000000000119371179607696831226348876953125,"content_position":"center","slider_delay":"5000","_inline_size_tablet":25,"_inline_size_mobile":30},"elements":[{"id":"6ced7ce1","settings":{"image":{"url":"https:\/\/wpbuilt.co\/demo\/wp-content\/uploads\/2020\/02\/header-logo-resto.png","id":6081},"align":"left","link_to":"custom","link":{"url":"https:\/\/wpbuilt.co\/demo\/templatekit_restaurant\/","is_external":"","nofollow":""}},"elements":[],"isInner":false,"widgetType":"image","elType":"widget"}],"isInner":true,"elType":"column"},{"id":"75a6db76","settings":{"_column_size":33,"_inline_size":44.84400000000000119371179607696831226348876953125,"content_position":"center","slider_delay":"5000","_inline_size_tablet":35,"_inline_size_mobile":20},"elements":[{"id":"328babe7","settings":{"pointer":"none","indicator":"none","menu_typography_typography":"custom","menu_typography_font_family":"Poppins","menu_typography_font_size":{"unit":"px","size":18.230000000000000426325641456060111522674560546875,"sizes":[]},"menu_typography_font_weight":"400","menu_typography_text_transform":"uppercase","color_menu_item":"#666666","color_menu_item_hover":"#333334","color_menu_item_active":"#333334","padding_horizontal_menu_item":{"unit":"px","size":0,"sizes":[]},"padding_vertical_menu_item":{"unit":"px","size":0,"sizes":[]},"menu_space_between":{"unit":"px","size":60,"sizes":[]},"full_width":"stretch","toggle_align":"right","toggle_background_color":"rgba(0,0,0,0)","padding_horizontal_menu_item_tablet":{"unit":"px","size":0,"sizes":[]},"dropdown_typography_typography":"custom","dropdown_typography_font_size_tablet":{"unit":"px","size":17,"sizes":[]},"dropdown_typography_font_size_mobile":{"unit":"px","size":15,"sizes":[]},"dropdown_top_distance_tablet":{"unit":"px","size":20,"sizes":[]},"dropdown_top_distance_mobile":{"unit":"px","size":15,"sizes":[]}},"elements":[],"isInner":false,"widgetType":"nav-menu","elType":"widget"}],"isInner":true,"elType":"column"},{"id":"42c8cb7c","settings":{"_column_size":33,"_inline_size":19.06099999999999994315658113919198513031005859375,"content_position":"center","slider_delay":"5000","margin":{"unit":"px","top":"0","right":"0","bottom":"0","left":"0","isLinked":false},"_inline_size_tablet":40,"_inline_size_mobile":50},"elements":[{"id":"3623f064","settings":{"text":"book  a table","icon_align":"right","typography_typography":"custom","typography_font_family":"Poppins","typography_font_weight":"500","typography_text_transform":"uppercase","background_color":"#fc6d4f","hover_color":"#fc6d4f","button_background_hover_color":"#ffffff","border_border":"solid","border_width":{"unit":"px","top":"1","right":"1","bottom":"1","left":"1","isLinked":true},"border_color":"#fc6d4f","text_padding":{"unit":"px","top":"18","right":"20","bottom":"18","left":"20","isLinked":false},"selected_icon":{"value":{"url":"https:\/\/wpbuilt.co\/demo\/wp-content\/uploads\/2020\/01\/right-white.svg","id":4593},"library":"svg"},"icon_indent":{"unit":"px","size":15,"sizes":[]},"_css_classes":"gc-arrow-btn","typography_font_size":{"unit":"px","size":18,"sizes":[]},"border_radius":{"unit":"px","top":"0","right":"0","bottom":"0","left":"0","isLinked":false},"align_tablet":"justify","align_mobile":"justify","typography_font_size_mobile":{"unit":"px","size":15,"sizes":[]},"text_padding_mobile":{"unit":"px","top":"15","right":"15","bottom":"15","left":"15","isLinked":true},"typography_letter_spacing":{"unit":"px","size":1.600000000000000088817841970012523233890533447265625,"sizes":[]},"typography_letter_spacing_mobile":{"unit":"px","size":0.5,"sizes":[]}},"elements":[],"isInner":false,"widgetType":"button","elType":"widget"}],"isInner":true,"elType":"column"}],"isInner":true,"elType":"section"},{"id":"4f2f612c","settings":{"content_width":{"unit":"px","size":530,"sizes":[]},"slider_delay":"5000","padding":{"unit":"px","top":"135","right":"0","bottom":"135","left":"0","isLinked":false},"padding_mobile":{"unit":"px","top":"85","right":"20","bottom":"55","left":"20","isLinked":false}},"elements":[{"id":"76658a67","settings":{"_column_size":100,"_inline_size":null,"slider_delay":"5000","padding":{"unit":"px","top":"0","right":"0","bottom":"0","left":"0","isLinked":false}},"elements":[{"id":"31a5d1b","settings":{"editor":"<p>what's new<\/p>","align":"center","text_color":"#fc6d4f","typography_typography":"custom","typography_font_family":"Poppins","typography_font_size":{"unit":"px","size":12.019999999999999573674358543939888477325439453125,"sizes":[]},"typography_font_weight":"400","typography_text_transform":"uppercase","_margin_mobile":{"unit":"px","top":"0","right":"0","bottom":"0","left":"0","isLinked":false},"_padding_mobile":{"unit":"px","top":"0","right":"0","bottom":"0","left":"0","isLinked":false},"_css_classes":"gc-banner-text"},"elements":[],"isInner":false,"widgetType":"text-editor","elType":"widget"},{"id":"37bf8a87","settings":{"title":"Bistro Blogs","header_size":"h1","align":"center","title_color":"#1c1c1c","typography_typography":"custom","typography_font_family":"Lora","typography_font_size":{"unit":"px","size":60.0499999999999971578290569595992565155029296875,"sizes":[]},"typography_font_weight":"500","_margin":{"unit":"px","top":"-10","right":"0","bottom":"0","left":"0","isLinked":false},"typography_font_size_mobile":{"unit":"px","size":40,"sizes":[]},"_margin_mobile":{"unit":"px","top":"0","right":"0","bottom":"0","left":"0","isLinked":false}},"elements":[],"isInner":false,"widgetType":"heading","elType":"widget"},{"id":"4015cf97","settings":{"editor":"<p>Read the most recent news and updates for your beloved Asian cuisines!<\/p>","align":"center","text_color":"#666666","typography_typography":"custom","typography_font_family":"Poppins","typography_font_size":{"unit":"px","size":18.019999999999999573674358543939888477325439453125,"sizes":[]},"_padding":{"unit":"px","top":"20","right":"0","bottom":"0","left":"0","isLinked":false},"typography_font_size_mobile":{"unit":"px","size":16,"sizes":[]},"_padding_mobile":{"unit":"px","top":"0","right":"0","bottom":"0","left":"0","isLinked":false}},"elements":[],"isInner":false,"widgetType":"text-editor","elType":"widget"}],"isInner":true,"elType":"column"}],"isInner":true,"elType":"section"}],"isInner":false,"elType":"column"}],"isInner":false,"elType":"section"},{"id":"4b40ecff","settings":{"content_width":{"unit":"px","size":1280,"sizes":[]},"slider_delay":"5000","css_classes":"gc-blog-section","padding":{"unit":"px","top":"110","right":"0","bottom":"130","left":"0","isLinked":false},"padding_tablet":{"unit":"px","top":"50","right":"20","bottom":"50","left":"20","isLinked":false},"padding_mobile":{"unit":"px","top":"30","right":"10","bottom":"30","left":"10","isLinked":false}},"elements":[{"id":"d1d86e3","settings":{"_column_size":100,"slider_delay":"5000"},"elements":[{"id":"3c096e79","settings":{"classic_image_width":{"unit":"px","size":400,"sizes":[]},"classic_meta_separator":"\/\/\/","classic_read_more_text":"<i class=\"arrow-link\" > <\/i>","cards_meta_separator":"\u2022","cards_read_more_text":"Read More \u00bb","classic_column_gap":{"unit":"px","size":40,"sizes":[]},"pagination_page_limit":"","pagination_prev_label":"","pagination_next_label":"Read More <i class= \"readmore-link\"><\/i>","classic_thumbnail_size_size":"full","classic_item_ratio":{"unit":"px","size":0.89000000000000001332267629550187848508358001708984375,"sizes":[]},"classic_meta_data":[],"classic_box_border_width":{"unit":"px","top":"0","right":"0","bottom":"0","left":"0","isLinked":false},"classic_box_border_radius":{"unit":"px","size":0,"sizes":[]},"classic_box_padding":{"unit":"px","top":"0","right":"0","bottom":"0","left":"0","isLinked":true},"classic_content_padding":{"unit":"px","top":"0","right":"0","bottom":"0","left":"0","isLinked":false},"classic_thumbnail_hover_filters_brightness":{"unit":"px","size":5,"sizes":[]},"classic_title_color":"#1c1c1c","classic_title_typography_typography":"custom","classic_title_typography_font_family":"Lora","classic_title_typography_font_size":{"unit":"px","size":24,"sizes":[]},"classic_title_typography_font_weight":"500","classic_title_spacing":{"unit":"px","size":20,"sizes":[]},"classic_excerpt_color":"#666666","classic_excerpt_typography_typography":"custom","classic_excerpt_typography_font_family":"Poppins","classic_excerpt_typography_font_size":{"unit":"px","size":18,"sizes":[]},"classic_read_more_typography_typography":"custom","classic_read_more_typography_font_size":{"unit":"px","size":18,"sizes":[]},"classic_read_more_spacing":{"unit":"px","size":0,"sizes":[]},"classic_image_width_tablet":{"unit":"%","size":100,"sizes":[]},"classic_row_gap":{"unit":"px","size":60,"sizes":[]},"classic_title_typography_font_size_tablet":{"unit":"px","size":20,"sizes":[]},"classic_excerpt_typography_font_size_tablet":{"unit":"px","size":16,"sizes":[]},"pagination_type":"prev_next","pagination_typography_typography":"custom","pagination_typography_font_family":"Poppins","pagination_typography_font_size":{"unit":"px","size":18,"sizes":[]},"pagination_typography_font_weight":"600","pagination_typography_text_transform":"uppercase","pagination_typography_letter_spacing":{"unit":"px","size":2.70000000000000017763568394002504646778106689453125,"sizes":[]},"pagination_color":"#FFFFFF","pagination_hover_color":"#fc6d4f","_animation":"fadeIn","full_content_meta_separator":"\/\/\/","posts_include":["terms"],"posts_include_term_ids":["41"],"pagination_spacing":{"unit":"px","size":0,"sizes":[]},"classic_excerpt_typography_font_size_mobile":{"unit":"px","size":15,"sizes":[]}},"elements":[],"isInner":false,"widgetType":"posts","elType":"widget"}],"isInner":false,"elType":"column"}],"isInner":false,"elType":"section"},{"id":"e36dd38","settings":{"layout":"full_width","slider_delay":"5000","padding":{"unit":"px","top":"55","right":"0","bottom":"95","left":"0","isLinked":false},"padding_tablet":{"unit":"px","top":"30","right":"0","bottom":"0","left":"0","isLinked":false},"animation":"fadeIn","css_classes":"gc-footer-section","padding_mobile":{"unit":"px","top":"10","right":"0","bottom":"0","left":"0","isLinked":false},"border_border":"solid","border_width":{"unit":"px","top":"1","right":"0","bottom":"0","left":"0","isLinked":false},"border_color":"#BDBEBD","border_radius":{"unit":"px","top":"0","right":"0","bottom":"0","left":"0","isLinked":false}},"elements":[{"id":"c2c8bd3","settings":{"_column_size":100,"slider_delay":"5000"},"elements":[{"id":"68df7352","settings":{"content_width":{"unit":"px","size":1220,"sizes":[]},"structure":"40","slider_delay":"5000","padding_tablet":{"unit":"px","top":"0","right":"20","bottom":"0","left":"20","isLinked":false}},"elements":[{"id":"175874c5","settings":{"_column_size":25,"_inline_size":null,"slider_delay":"5000","_inline_size_tablet":50},"elements":[{"id":"64a88f39","settings":{"image":{"url":"https:\/\/wpbuilt.co\/demo\/wp-content\/uploads\/2020\/02\/header-logo-resto.png","id":6081},"align":"left","link_to":"custom","link":{"url":"https:\/\/wpbuilt.co\/demo\/templatekit_restaurant\/","is_external":"","nofollow":""},"_padding":{"unit":"px","top":"0","right":"0","bottom":"20","left":"0","isLinked":false},"align_mobile":"center"},"elements":[],"isInner":false,"widgetType":"image","elType":"widget"},{"id":"10ee0cee","settings":{"social_icon_list":[{"social_icon":{"value":{"url":"https:\/\/wpbuilt.co\/demo\/wp-content\/uploads\/2020\/03\/facebook-f-brands.svg","id":6599},"library":"svg"},"_id":"f78288e","link":{"url":"https:\/\/www.facebook.com\/","is_external":"true","nofollow":""},"item_icon_color":"custom","item_icon_primary_color":"","item_icon_secondary_color":""},{"social_icon":{"value":"fab fa-twitter","library":"fa-brands"},"_id":"1eec998","link":{"url":"https:\/\/www.twitter.com\/","is_external":"true","nofollow":""},"item_icon_color":"default","item_icon_primary_color":"","item_icon_secondary_color":""},{"social_icon":{"value":"fab fa-instagram","library":"fa-brands"},"_id":"583e55f","link":{"url":"https:\/\/www.instagram.com\/","is_external":"true","nofollow":""},"item_icon_color":"default","item_icon_primary_color":"","item_icon_secondary_color":""},{"social_icon":{"value":{"url":"https:\/\/wpbuilt.co\/demo\/wp-content\/uploads\/2020\/03\/linkedin-in-brands.svg","id":6598},"library":"svg"},"_id":"6a5f062","link":{"url":"https:\/\/www.linkedin.com\/","is_external":"true","nofollow":""},"item_icon_color":"default","item_icon_primary_color":"","item_icon_secondary_color":""}],"shape":"square","align":"left","icon_color":"custom","icon_primary_color":"#f9f9f9","icon_secondary_color":"#fc6d4f","icon_spacing":{"unit":"px","size":10,"sizes":[]},"align_mobile":"center","icon_size_tablet":{"unit":"px","size":20,"sizes":[]}},"elements":[],"isInner":false,"widgetType":"social-icons","elType":"widget"}],"isInner":true,"elType":"column"},{"id":"8ec2112","settings":{"_column_size":25,"_inline_size":23.52499999999999857891452847979962825775146484375,"slider_delay":"5000","_inline_size_tablet":50},"elements":[{"id":"ab38aac","settings":{"title":"Quick Links","header_size":"h3","title_color":"#1c1c1c","typography_typography":"custom","typography_font_family":"Poppins","typography_font_size":{"unit":"px","size":18.21000000000000085265128291212022304534912109375,"sizes":[]},"typography_font_weight":"500","typography_text_transform":"uppercase","_padding":{"unit":"px","top":"0","right":"0","bottom":"20","left":"0","isLinked":false},"align_mobile":"center","typography_font_size_mobile":{"unit":"px","size":17,"sizes":[]}},"elements":[],"isInner":false,"widgetType":"heading","elType":"widget"},{"id":"28a21832","settings":{"icon_list":[{"text":"Home","selected_icon":{"value":"","library":""},"_id":"062708b","link":{"url":"https:\/\/wpbuilt.co\/demo\/templatekit_restaurant\/","is_external":"","nofollow":""}},{"text":"About","selected_icon":{"value":"","library":""},"_id":"44b5dd0","link":{"url":"https:\/\/wpbuilt.co\/demo\/templatekit-restaurant-about\/","is_external":"","nofollow":""}},{"text":"Menu","selected_icon":{"value":"","library":""},"_id":"4743780","link":{"url":"https:\/\/wpbuilt.co\/demo\/template-kit-menu\/","is_external":"","nofollow":""}},{"text":"News","selected_icon":{"value":"","library":""},"_id":"ffc1d7f","link":{"url":"https:\/\/wpbuilt.co\/demo\/template-kit-blogs\/","is_external":"","nofollow":""}},{"text":"Contact","selected_icon":{"value":"","library":""},"_id":"526615d","link":{"url":"https:\/\/wpbuilt.co\/demo\/template_kit-contact\/","is_external":"","nofollow":""}}],"space_between":{"unit":"px","size":5,"sizes":[]},"text_color":"#666666","text_color_hover":"#1c1c1c","text_indent":{"unit":"px","size":0,"sizes":[]},"icon_typography_typography":"custom","icon_typography_font_family":"Poppins","icon_typography_font_size":{"unit":"px","size":18,"sizes":[]},"icon_typography_font_weight":"400","icon_align_mobile":"center","icon_typography_font_size_tablet":{"unit":"px","size":16,"sizes":[]}},"elements":[],"isInner":false,"widgetType":"icon-list","elType":"widget"}],"isInner":true,"elType":"column"},{"id":"50913bd7","settings":{"_column_size":25,"_inline_size":26.47500000000000142108547152020037174224853515625,"slider_delay":"5000","_inline_size_tablet":50},"elements":[{"id":"36e69b68","settings":{"title":"Have a questions?","header_size":"h3","title_color":"#1c1c1c","typography_typography":"custom","typography_font_family":"Poppins","typography_font_size":{"unit":"px","size":18.21000000000000085265128291212022304534912109375,"sizes":[]},"typography_font_weight":"500","typography_text_transform":"uppercase","_padding":{"unit":"px","top":"0","right":"0","bottom":"20","left":"0","isLinked":false},"align_mobile":"center","typography_font_size_mobile":{"unit":"px","size":17,"sizes":[]}},"elements":[],"isInner":false,"widgetType":"heading","elType":"widget"},{"id":"56947436","settings":{"icon_list":[{"text":"143 Dummy St.  San Francisco, California, USA","selected_icon":{"value":"fas fa-map-marker-alt","library":"fa-solid"},"_id":"7530322","link":{"url":"https:\/\/goo.gl\/maps\/mxbL3JjxuubCqbhL6","is_external":"on","nofollow":""}},{"text":"+ 123 456 7890","selected_icon":{"value":"fas fa-phone-alt","library":"fa-solid"},"_id":"20389a6","link":{"url":"tel:+ 123 456 7890","is_external":"","nofollow":""}},{"text":"info@bistro.com","selected_icon":{"value":"fas fa-envelope","library":"fa-solid"},"_id":"a3196ec","link":{"url":"mailto:info@bistro.com","is_external":"","nofollow":""}}],"space_between":{"unit":"px","size":25,"sizes":[]},"icon_color":"#fc6d4f","icon_size":{"unit":"px","size":27,"sizes":[]},"icon_self_align":"left","text_color":"#666666","text_color_hover":"#1c1c1c","text_indent":{"unit":"px","size":0,"sizes":[]},"icon_typography_typography":"custom","icon_typography_font_family":"Poppins","icon_typography_font_size":{"unit":"px","size":18,"sizes":[]},"icon_typography_font_weight":"400","icon_align_mobile":"center","icon_typography_font_size_mobile":{"unit":"px","size":16,"sizes":[]},"icon_typography_font_size_tablet":{"unit":"px","size":16,"sizes":[]}},"elements":[],"isInner":false,"widgetType":"icon-list","elType":"widget"}],"isInner":true,"elType":"column"},{"id":"7fc12eb","settings":{"_column_size":25,"_inline_size":null,"slider_delay":"5000","_inline_size_tablet":50},"elements":[{"id":"2d2fea84","settings":{"title":"opening hours","header_size":"h3","title_color":"#1c1c1c","typography_typography":"custom","typography_font_family":"Poppins","typography_font_size":{"unit":"px","size":18.21000000000000085265128291212022304534912109375,"sizes":[]},"typography_font_weight":"500","typography_text_transform":"uppercase","_padding":{"unit":"px","top":"0","right":"0","bottom":"20","left":"0","isLinked":false},"align_mobile":"center","typography_font_size_mobile":{"unit":"px","size":17,"sizes":[]}},"elements":[],"isInner":false,"widgetType":"heading","elType":"widget"},{"id":"24c3c5d4","settings":{"icon_list":[{"text":"Mon to Fri : 8:00 AM - 9:00 PM","selected_icon":{"value":"","library":""},"_id":"0fe29cf","link":{"url":"","is_external":"","nofollow":""}},{"text":"Saturday :\t8:00 AM - 11:00 PM","selected_icon":{"value":"","library":""},"_id":"7e89066","link":{"url":"","is_external":"","nofollow":""}},{"text":"Holidays:\t10:00 AM - 12:00 PM","selected_icon":{"value":"","library":""},"_id":"54e8fc8","link":{"url":"","is_external":"","nofollow":""}}],"text_color":"#666666","icon_typography_typography":"custom","icon_typography_font_family":"Poppins","icon_typography_font_size":{"unit":"px","size":18,"sizes":[]},"icon_align_mobile":"center","icon_typography_font_size_mobile":{"unit":"px","size":16,"sizes":[]},"icon_typography_font_size_tablet":{"unit":"px","size":16,"sizes":[]}},"elements":[],"isInner":false,"widgetType":"icon-list","elType":"widget"}],"isInner":true,"elType":"column"}],"isInner":true,"elType":"section"}],"isInner":false,"elType":"column"}],"isInner":false,"elType":"section"},{"id":"486c7361","settings":{"content_width":{"unit":"px","size":1920,"sizes":[]},"border_border":"solid","border_width":{"unit":"px","top":"1","right":"0","bottom":"0","left":"0","isLinked":false},"border_color":"#bdbebd","border_radius":{"unit":"px","top":"0","right":"0","bottom":"0","left":"0","isLinked":false},"slider_delay":"5000","padding":{"unit":"px","top":"25","right":"0","bottom":"25","left":"0","isLinked":false}},"elements":[{"id":"3e3d0eec","settings":{"_column_size":100,"slider_delay":"5000"},"elements":[{"id":"288b4875","settings":{"title":"\u00a9 bistro 2020.all rights reserved.","header_size":"h3","align":"center","title_color":"#666666","typography_typography":"custom","typography_font_family":"Poppins","typography_font_size":{"unit":"px","size":18.21000000000000085265128291212022304534912109375,"sizes":[]},"typography_font_weight":"400","typography_text_transform":"uppercase","typography_letter_spacing":{"unit":"px","size":1.100000000000000088817841970012523233890533447265625,"sizes":[]},"typography_font_size_mobile":{"unit":"px","size":15,"sizes":[]}},"elements":[],"isInner":false,"widgetType":"heading","elType":"widget"}],"isInner":false,"elType":"column"}],"isInner":false,"elType":"section"}],"page_settings":{"custom_css":".gc-arrow-btn svg {\n    height: auto;\n}\n.arrow-link:after{\n    content: url(https:\/\/wpbuilt.co\/demo\/wp-content\/uploads\/2020\/03\/arrow_right-up.png);\n} \n.arrow-link{\n    background-color: #fc6d4f;\n    padding: 20px;\n    opacity: 0;\n}\n.gc-footer-section path{\n    color: #FC6D4F;\n}\n\/**Blog Section**\/\n.gc-blog-section .elementor-post__text{\n    display: flex;\n    flex-direction: column;\n    flex-wrap: wrap;\n}\n.gc-blog-section .elementor-post__title{\n    order: 2;\n}.gc-blog-section .elementor-post__excerpt{\n    order: 3;\n}\n.gc-blog-section .elementor-post__title a:hover{\n    color: #fc6d4f !important;\n}\n.gc-blog-section .elementor-post__read-more{\n     margin-bottom: 40px;\n    margin-top: -68px;\n    margin-left: 86%;\n    z-index: 1;\n}\n.gc-blog-section article:hover .arrow-link{\n    opacity: 1;\n }\n .gc-blog-section article:hover img{\n     box-shadow: 0px 0px 10px 0px rgba(0,0,0,0.5);\n }\n .gc-blog-section .page-numbers.next {\n    background-color: #fc6d4f;\n    border:1px solid #fc6d4f;\n    padding: 12px 30px 12px 30px;\n    margin-top: 60px;\n    display: inline-block;\n}\n.gc-banner-text p{\n    margin-bottom: 0;\n}\n.gc-blog-section .page-numbers.next:hover{\n        background-color: #fff;\n\n}\n.gc-blog-section .page-numbers.next      .readmore-link:after{\n    content: url(https:\/\/wpbuilt.co\/demo\/wp-content\/uploads\/2020\/02\/arrow_right-resto.png);\n    \n}\n\n\/*Responsive Here*\/\n\n@media screen and (max-width:1024px) and (min-width:980px){\n    .gc-blog-section .elementor-post__read-more{\n        margin-left:88%;\n    }\n    \n}\n@media screen and (max-width:768px){\n     .gc-blog-section .elementor-post__read-more{\n        margin-left:83%;\n    }\n}\n@media screen and (max-width:767px){\n     .gc-blog-section .elementor-post__read-more{\n            display:none;\n     }\n     \n}\n@media screen and (max-width:767px) and (min-width:480px){\n    .gc-blog-section img{\n        width:70% !important;\n    }\n    .gc-blog-section .elementor-post__text{\n         width:70% !important;\n         margin:0 auto;\n     }\n}\n@media screen and (max-width:568px){\n    \n     .gc-blog-section .page-numbers.next {\n          padding: 10px;\n         margin-top: 30px;\n     \n         \n     }\n}\n@media screen and  (max-width:366px){\n .gc-nav-link span.elementor-button-icon.elementor-align-icon-right{\n        display:none;\n}\n}\n\n\/**Map Marker**\/\n\n@media screen and (max-width:425px) and (min-width:381px){\n    .gc-footer-section .fa-map-marker-alt:before {\n    margin: 0px 0 0 30px;\n}\n    \n}\n@media screen and (max-width:380px){\n    .gc-footer-section .fa-map-marker-alt:before{\n            margin: 0 0 0 20px;\n\n    }\n}","template":"elementor_header_footer"}}