{"version":"0.4","title":"Restaurant Kit -Home","type":"page","content":[{"id":"4359da02","settings":{"content_width":{"unit":"px","size":1280,"sizes":[]},"slider_delay":"5000","z_index":1,"padding":{"unit":"px","top":"10","right":"0","bottom":"0","left":"0","isLinked":false},"_title":"Header","animation":"fadeIn","margin_tablet":{"unit":"px","top":"0","right":0,"bottom":"0","left":0,"isLinked":false},"padding_tablet":{"unit":"px","top":"0","right":"0","bottom":"0","left":"0","isLinked":false}},"elements":[{"id":"4ce6df9b","settings":{"_column_size":100,"slider_delay":"5000","padding":{"unit":"px","top":"0","right":"0","bottom":"0","left":"0","isLinked":false}},"elements":[{"id":"5bf13f2d","settings":{"layout":"full_width","structure":"30","slider_delay":"5000","css_classes":"gc-nav-link"},"elements":[{"id":"56e90aab","settings":{"_column_size":33,"_inline_size":36.09400000000000119371179607696831226348876953125,"content_position":"center","slider_delay":"5000","_inline_size_tablet":25,"_inline_size_mobile":30},"elements":[{"id":"58deb8cc","settings":{"image":{"url":"https:\/\/wpbuilt.co\/demo\/wp-content\/uploads\/2020\/02\/header-logo-resto.png","id":6081},"align":"left","link_to":"custom","link":{"url":"https:\/\/wpbuilt.co\/demo\/templatekit_restaurant\/","is_external":"","nofollow":""}},"elements":[],"isInner":false,"widgetType":"image","elType":"widget"}],"isInner":true,"elType":"column"},{"id":"1dbe07d4","settings":{"_column_size":33,"_inline_size":44.84400000000000119371179607696831226348876953125,"content_position":"center","slider_delay":"5000","_inline_size_tablet":35,"_inline_size_mobile":20},"elements":[{"id":"6d78fff1","settings":{"pointer":"none","indicator":"none","menu_typography_typography":"custom","menu_typography_font_family":"Poppins","menu_typography_font_size":{"unit":"px","size":18.230000000000000426325641456060111522674560546875,"sizes":[]},"menu_typography_font_weight":"400","menu_typography_text_transform":"uppercase","color_menu_item":"#666666","color_menu_item_hover":"#333334","color_menu_item_active":"#333334","padding_horizontal_menu_item":{"unit":"px","size":0,"sizes":[]},"padding_vertical_menu_item":{"unit":"px","size":0,"sizes":[]},"menu_space_between":{"unit":"px","size":60,"sizes":[]},"full_width":"stretch","toggle_align":"right","toggle_background_color":"rgba(0,0,0,0)","padding_horizontal_menu_item_tablet":{"unit":"px","size":0,"sizes":[]},"dropdown_typography_typography":"custom","dropdown_typography_font_size_tablet":{"unit":"px","size":17,"sizes":[]},"dropdown_typography_font_size_mobile":{"unit":"px","size":15,"sizes":[]},"dropdown_top_distance_tablet":{"unit":"px","size":20,"sizes":[]},"dropdown_top_distance_mobile":{"unit":"px","size":15,"sizes":[]}},"elements":[],"isInner":false,"widgetType":"nav-menu","elType":"widget"}],"isInner":true,"elType":"column"},{"id":"499409a6","settings":{"_column_size":33,"_inline_size":19.06099999999999994315658113919198513031005859375,"content_position":"center","slider_delay":"5000","margin":{"unit":"px","top":"0","right":"0","bottom":"0","left":"0","isLinked":false},"_inline_size_tablet":40,"_inline_size_mobile":50},"elements":[{"id":"1b7de2f1","settings":{"text":"book  a table","icon_align":"right","typography_typography":"custom","typography_font_family":"Poppins","typography_font_weight":"500","typography_text_transform":"uppercase","background_color":"#fc6d4f","hover_color":"#fc6d4f","button_background_hover_color":"#ffffff","border_border":"solid","border_width":{"unit":"px","top":"1","right":"1","bottom":"1","left":"1","isLinked":true},"border_color":"#fc6d4f","text_padding":{"unit":"px","top":"18","right":"20","bottom":"18","left":"20","isLinked":false},"selected_icon":{"value":{"url":"https:\/\/wpbuilt.co\/demo\/wp-content\/uploads\/2020\/01\/right-white.svg","id":4593},"library":"svg"},"icon_indent":{"unit":"px","size":15,"sizes":[]},"_css_classes":"gc-arrow-btn","typography_font_size":{"unit":"px","size":18,"sizes":[]},"border_radius":{"unit":"px","top":"0","right":"0","bottom":"0","left":"0","isLinked":false},"align_tablet":"justify","align_mobile":"justify","typography_font_size_mobile":{"unit":"px","size":15,"sizes":[]},"text_padding_mobile":{"unit":"px","top":"15","right":"15","bottom":"15","left":"15","isLinked":true},"typography_letter_spacing":{"unit":"px","size":1.600000000000000088817841970012523233890533447265625,"sizes":[]},"typography_letter_spacing_mobile":{"unit":"px","size":0.5,"sizes":[]}},"elements":[],"isInner":false,"widgetType":"button","elType":"widget"}],"isInner":true,"elType":"column"}],"isInner":true,"elType":"section"}],"isInner":false,"elType":"column"}],"isInner":false,"elType":"section"},{"id":"23f299cb","settings":{"content_width":{"unit":"px","size":1920,"sizes":[]},"background_background":"classic","background_image":{"url":"https:\/\/wpbuilt.co\/demo\/wp-content\/uploads\/2020\/02\/banner-bg-resto.png","id":6078},"background_position":"initial","background_size":"cover","slider_delay":"5000","margin":{"unit":"px","top":"-93","right":0,"bottom":"0","left":0,"isLinked":false},"padding":{"unit":"px","top":"260","right":"0","bottom":"280","left":"0","isLinked":false},"_title":"Banner","background_position_tablet":"center left","margin_tablet":{"unit":"px","top":"-150","right":0,"bottom":"0","left":0,"isLinked":false},"margin_mobile":{"unit":"px","top":"-200","right":0,"bottom":"0","left":0,"isLinked":false},"padding_tablet":{"unit":"px","top":"200","right":"0","bottom":"110","left":"0","isLinked":false},"padding_mobile":{"unit":"px","top":"150","right":"0","bottom":"50","left":"0","isLinked":false},"background_xpos":{"unit":"%","size":55,"sizes":[]},"background_ypos":{"unit":"%","size":0,"sizes":[]},"background_repeat":"no-repeat","background_bg_width":{"unit":"px","size":1920,"sizes":[]},"background_position_mobile":"top left","background_xpos_mobile":{"unit":"px","size":-300,"sizes":[]},"background_color":"#F9F9F9","css_classes":"gc-banner-section","background_image_mobile":{"url":"https:\/\/wpbuilt.co\/demo\/wp-content\/uploads\/2020\/02\/mobile-resto-bg.jpg","id":7188}},"elements":[{"id":"4b815959","settings":{"_column_size":100,"slider_delay":"5000","padding_mobile":{"unit":"px","top":"20","right":"0","bottom":"0","left":"0","isLinked":false},"content_position":"center"},"elements":[{"id":"2da1884a","settings":{"content_width":{"unit":"px","size":1280,"sizes":[]},"structure":"20","slider_delay":"5000","animation":"fadeIn","padding_mobile":{"unit":"px","top":"50","right":"0","bottom":"0","left":"0","isLinked":false}},"elements":[{"id":"2011b5d6","settings":{"_column_size":50,"_inline_size":46.30799999999999982946974341757595539093017578125,"slider_delay":"5000","_inline_size_tablet":100,"padding_mobile":{"unit":"px","top":"20","right":"20","bottom":"20","left":"20","isLinked":false}},"elements":[{"id":"711ebfe7","settings":{"editor":"<p>PREMIUM ASIAN CUISINE<\/p>","text_color":"#fc6d4f","typography_typography":"custom","typography_font_family":"Poppins","typography_font_size":{"unit":"px","size":12,"sizes":[]},"typography_font_weight":"300","typography_text_transform":"uppercase","typography_letter_spacing":{"unit":"px","size":1,"sizes":[]},"align_mobile":"center","align_tablet":"center"},"elements":[],"isInner":false,"widgetType":"text-editor","elType":"widget"},{"id":"6cdea83f","settings":{"title":"Oriental Cuisine in the West","title_color":"#1c1c1c","typography_typography":"custom","typography_font_family":"Lora","typography_font_size":{"unit":"px","size":59.93999999999999772626324556767940521240234375,"sizes":[]},"typography_font_weight":"400","typography_line_height":{"unit":"em","size":1.3000000000000000444089209850062616169452667236328125,"sizes":[]},"align_mobile":"center","typography_font_size_tablet":{"unit":"px","size":50,"sizes":[]},"typography_font_size_mobile":{"unit":"px","size":30,"sizes":[]},"header_size":"h1","align_tablet":"center"},"elements":[],"isInner":false,"widgetType":"heading","elType":"widget"},{"id":"310e788d","settings":{"editor":"<p>Experience the best Asian food available that is the most organic and fresh!<\/p>","text_color":"#666666","typography_typography":"custom","typography_font_family":"Poppins","typography_font_size":{"unit":"px","size":17.940000000000001278976924368180334568023681640625,"sizes":[]},"align_mobile":"center","align_tablet":"center","typography_font_size_tablet":{"unit":"px","size":17,"sizes":[]}},"elements":[],"isInner":false,"widgetType":"text-editor","elType":"widget"},{"id":"750891a8","settings":{"text":"book  a table","align":"left","icon_align":"right","icon_indent":{"unit":"px","size":15,"sizes":[]},"typography_typography":"custom","typography_font_family":"Poppins","typography_font_weight":"500","typography_text_transform":"uppercase","background_color":"#fc6d4f","hover_color":"#fc6d4f","button_background_hover_color":"#ffffff","border_border":"solid","border_width":{"unit":"px","top":"1","right":"1","bottom":"1","left":"1","isLinked":false},"border_color":"#fc6d4f","text_padding":{"unit":"px","top":"20","right":"24","bottom":"20","left":"20","isLinked":false},"selected_icon":{"value":{"url":"https:\/\/wpbuilt.co\/demo\/wp-content\/uploads\/2020\/01\/right-white.svg","id":4593},"library":"svg"},"_css_classes":"gc-arrow-btn","typography_font_size":{"unit":"px","size":17.980000000000000426325641456060111522674560546875,"sizes":[]},"border_radius":{"unit":"px","top":"0","right":"0","bottom":"0","left":"0","isLinked":false},"align_mobile":"center","align_tablet":"center","typography_letter_spacing":{"unit":"px","size":1.600000000000000088817841970012523233890533447265625,"sizes":[]},"text_padding_tablet":{"unit":"px","top":"20","right":"50","bottom":"20","left":"50","isLinked":false},"text_padding_mobile":{"unit":"px","top":"20","right":"50","bottom":"20","left":"50","isLinked":false}},"elements":[],"isInner":false,"widgetType":"button","elType":"widget"}],"isInner":true,"elType":"column"},{"id":"5625f278","settings":{"_column_size":50,"_inline_size":53.69200000000000017053025658242404460906982421875,"slider_delay":"5000","_inline_size_tablet":100,"hide_tablet":"hidden-tablet","hide_mobile":"hidden-phone"},"elements":[],"isInner":true,"elType":"column"}],"isInner":true,"elType":"section"}],"isInner":false,"elType":"column"}],"isInner":false,"elType":"section"},{"id":"2ebc7b86","settings":{"content_width":{"unit":"px","size":1920,"sizes":[]},"slider_delay":"5000","margin":{"unit":"px","top":"0","right":0,"bottom":"0","left":0,"isLinked":false},"padding":{"unit":"px","top":"150","right":"0","bottom":"0","left":"0","isLinked":false},"layout":"full_width","motion_fx_opacity_level":{"unit":"px","size":2,"sizes":[]},"padding_mobile":{"unit":"px","top":"0","right":"20","bottom":"0","left":"20","isLinked":false},"margin_mobile":{"unit":"px","top":"30","right":0,"bottom":"0","left":0,"isLinked":false},"padding_tablet":{"unit":"px","top":"20","right":"0","bottom":"0","left":"0","isLinked":false}},"elements":[{"id":"d269337","settings":{"_column_size":100,"_inline_size":null,"slider_delay":"5000","padding":{"unit":"px","top":"0","right":"0","bottom":"0","left":"0","isLinked":true},"padding_mobile":{"unit":"px","top":"0","right":"0","bottom":"0","left":"0","isLinked":false},"margin_mobile":{"unit":"px","top":"0","right":"0","bottom":"0","left":"0","isLinked":false}},"elements":[{"id":"4d15efed","settings":{"structure":"20","slider_delay":"5000","content_width":{"unit":"px","size":1400,"sizes":[]},"padding_mobile":{"unit":"px","top":"0","right":"0","bottom":"0","left":"0","isLinked":false},"reverse_order_tablet":"reverse-tablet"},"elements":[{"id":"58a04a3a","settings":{"_column_size":50,"_inline_size":null,"slider_delay":"5000","padding":{"unit":"px","top":"0","right":"0","bottom":"0","left":"0","isLinked":false},"_inline_size_tablet":100,"padding_tablet":{"unit":"px","top":"20","right":"150","bottom":"0","left":"150","isLinked":false},"padding_mobile":{"unit":"px","top":"0","right":"10","bottom":"0","left":"10","isLinked":false},"margin_mobile":{"unit":"px","top":"0","right":"0","bottom":"0","left":"0","isLinked":false}},"elements":[{"id":"1aa811bf","settings":{"image":{"url":"https:\/\/wpbuilt.co\/demo\/wp-content\/uploads\/2020\/02\/second-section-img.jpg","id":6112},"_animation":"fadeInLeft","_animation_mobile":"fadeIn"},"elements":[],"isInner":false,"widgetType":"image","elType":"widget"},{"id":"33ff468a","settings":{"image":{"url":"https:\/\/wpbuilt.co\/demo\/wp-content\/uploads\/2020\/02\/second-section-img2.jpg","id":6111},"_margin":{"unit":"px","top":"-270","right":"0","bottom":"0","left":"210","isLinked":false},"_padding":{"unit":"px","top":"0","right":"0","bottom":"0","left":"0","isLinked":false},"_css_classes":"gc-shadow-img","_margin_mobile":{"unit":"px","top":"-140","right":"-4","bottom":"0","left":"0","isLinked":false},"_padding_mobile":{"unit":"px","top":"30","right":"0","bottom":"0","left":"0","isLinked":false},"_animation":"fadeInUp","_animation_delay":300,"_animation_mobile":"fadeIn","_margin_tablet":{"unit":"px","top":"-320","right":"-120","bottom":"0","left":"0","isLinked":false},"hide_mobile":"hidden-phone"},"elements":[],"isInner":false,"widgetType":"image","elType":"widget"},{"id":"4b837f9c","settings":{"image":{"url":"https:\/\/wpbuilt.co\/demo\/wp-content\/uploads\/2020\/02\/Seeds.png","id":6093},"_position":"absolute","_offset_x":{"size":478,"unit":"px"},"_offset_y":{"size":-94,"unit":"px"},"_element_width":"initial","_element_custom_width":{"unit":"px","size":212},"_animation":"fadeIn","_offset_x_tablet":{"size":543,"unit":"px"},"_offset_y_tablet":{"size":-56,"unit":"px"},"hide_mobile":"hidden-phone","hide_tablet":"hidden-tablet"},"elements":[],"isInner":false,"widgetType":"image","elType":"widget"}],"isInner":true,"elType":"column"},{"id":"a359326","settings":{"_column_size":50,"_inline_size":null,"slider_delay":"5000","content_position":"top","align":"center","padding":{"unit":"px","top":"100","right":"50","bottom":"10","left":"20","isLinked":false},"_inline_size_tablet":100,"_inline_size_mobile":100,"padding_mobile":{"unit":"px","top":"30","right":"10","bottom":"0","left":"10","isLinked":false},"animation":"fadeIn","padding_tablet":{"unit":"px","top":"20","right":"10","bottom":"20","left":"20","isLinked":false}},"elements":[{"id":"46ec3a8b","settings":{"editor":"<p>welcome to the hub of best cuisines<\/p>","text_color":"#fc6d4f","typography_typography":"custom","typography_font_family":"Poppins","typography_font_size":{"unit":"px","size":12,"sizes":[]},"typography_font_weight":"300","typography_text_transform":"uppercase","typography_letter_spacing":{"unit":"px","size":1,"sizes":[]},"align_mobile":"center","align_tablet":"left"},"elements":[],"isInner":false,"widgetType":"text-editor","elType":"widget"},{"id":"5d3ec0c1","settings":{"title":"Serving the best North Asian Cuisine ","title_color":"#1c1c1c","typography_typography":"custom","typography_font_family":"Lora","typography_font_size":{"unit":"px","size":48.03999999999999914734871708787977695465087890625,"sizes":[]},"typography_font_weight":"400","typography_line_height":{"unit":"em","size":1.3000000000000000444089209850062616169452667236328125,"sizes":[]},"align_tablet":"center","typography_font_size_mobile":{"unit":"px","size":25,"sizes":[]},"_padding":{"unit":"px","top":"0","right":"0","bottom":"15","left":"0","isLinked":false}},"elements":[],"isInner":false,"widgetType":"heading","elType":"widget"},{"id":"628589d4","settings":{"editor":"<p>North Asian cuisine is often synonymous with Russian cuisine, due to all of Northern Asia being a part of the Russian Federation. However, some cultures or areas of Siberia have in-depth cuisine, such as the Yakuts (or Sakha) and Yamal cuisine. Buryats also have their own cuisine, although it is very similar to that of the related Mongolians.<\/p><p>In Siberia, pelmeni is frozen outdoors to preserve the meat inside throughout the long winter.\u00a0<\/p>","text_color":"#666666","typography_typography":"custom","typography_font_family":"Poppins","typography_font_size":{"unit":"px","size":18,"sizes":[]},"align_mobile":"center","typography_font_size_mobile":{"unit":"px","size":15,"sizes":[]},"align_tablet":"left"},"elements":[],"isInner":false,"widgetType":"text-editor","elType":"widget"},{"id":"f81847c","settings":{"image":{"url":"https:\/\/wpbuilt.co\/demo\/wp-content\/uploads\/2020\/02\/testimonial-chef.png","id":6102},"title_text":"Jonathan Doe","description_text":"bistro's no. 1 chef","position":"left","image_space":{"unit":"px","size":5,"sizes":[]},"title_bottom_space":{"unit":"px","size":0,"sizes":[]},"title_color":"#fc6d4f","title_typography_typography":"custom","title_typography_font_family":"RomeoFans","title_typography_font_size":{"unit":"px","size":24,"sizes":[]},"description_color":"#666666","description_typography_typography":"custom","description_typography_font_family":"Poppins","description_typography_font_size":{"unit":"px","size":12.0099999999999997868371792719699442386627197265625,"sizes":[]},"description_typography_font_weight":"300","description_typography_text_transform":"uppercase","title_size":"h4","content_vertical_alignment":"middle","image_size":{"unit":"%","size":20,"sizes":[]},"description_typography_letter_spacing":{"unit":"px","size":1.3000000000000000444089209850062616169452667236328125,"sizes":[]},"title_typography_font_weight":"400","_padding":{"unit":"px","top":"30","right":"0","bottom":"0","left":"0","isLinked":false},"image_space_tablet":{"unit":"px","size":0,"sizes":[]},"image_size_tablet":{"unit":"%","size":15,"sizes":[]},"text_align_tablet":"left","text_align_mobile":"center"},"elements":[],"isInner":false,"widgetType":"image-box","elType":"widget"}],"isInner":true,"elType":"column"}],"isInner":true,"elType":"section"},{"id":"1bcb053d","settings":{"image":{"url":"https:\/\/wpbuilt.co\/demo\/wp-content\/uploads\/2020\/02\/Eggs.png","id":6080},"align":"left","_element_width":"auto","_position":"absolute","_offset_x":{"size":-88,"unit":"px"},"_offset_y":{"size":491,"unit":"px"},"_animation":"fadeIn","_element_width_tablet":"initial","_element_custom_width_tablet":{"unit":"%","size":50,"sizes":[]},"_offset_x_tablet":{"size":-102,"unit":"px"},"_offset_x_mobile":{"size":-37,"unit":"px"},"_offset_y_tablet":{"size":1163,"unit":"px"},"_offset_y_mobile":{"size":388,"unit":"px"},"hide_mobile":"hidden-phone","hide_tablet":"hidden-tablet"},"elements":[],"isInner":false,"widgetType":"image","elType":"widget"}],"isInner":false,"elType":"column"}],"isInner":false,"elType":"section"},{"id":"69e9cfed","settings":{"layout":"full_width","slider_delay":"5000","padding":{"unit":"px","top":"100","right":"0","bottom":"140","left":"0","isLinked":false},"motion_fx_opacity_level":{"unit":"px","size":4,"sizes":[]},"padding_tablet":{"unit":"px","top":"30","right":"0","bottom":"150","left":"0","isLinked":false},"css_classes":"gc-offer-section","motion_fx_devices":["desktop"],"padding_mobile":{"unit":"px","top":"30","right":"0","bottom":"0","left":"0","isLinked":false}},"elements":[{"id":"4a782d27","settings":{"_column_size":100,"slider_delay":"5000","padding":{"unit":"px","top":"0","right":"0","bottom":"0","left":"0","isLinked":false}},"elements":[{"id":"3f6bdb41","settings":{"layout":"full_width","structure":"33","slider_delay":"5000","animation":"fadeIn","padding_mobile":{"unit":"px","top":"0","right":"0","bottom":"0","left":"0","isLinked":false},"padding_tablet":{"unit":"px","top":"0","right":"0","bottom":"0","left":"0","isLinked":false}},"elements":[{"id":"31c8bd4","settings":{"_column_size":25,"_inline_size":null,"content_position":"center","slider_delay":"5000","padding":{"unit":"px","top":"0","right":"0","bottom":"0","left":"0","isLinked":false},"_inline_size_tablet":100,"hide_tablet":"hidden-tablet","hide_mobile":"hidden-phone"},"elements":[{"id":"4318d3d5","settings":{"text":"Divider","gap":{"unit":"px","size":2,"sizes":[]},"_margin":{"unit":"px","top":"0","right":"0","bottom":"0","left":"0","isLinked":false},"_padding":{"unit":"px","top":"15","right":"0","bottom":"0","left":"0","isLinked":false},"color":"#bdbebd"},"elements":[],"isInner":false,"widgetType":"divider","elType":"widget"}],"isInner":true,"elType":"column"},{"id":"67fff62c","settings":{"_column_size":50,"_inline_size":null,"slider_delay":"5000","_inline_size_tablet":100,"padding_mobile":{"unit":"px","top":"30","right":"10","bottom":"0","left":"10","isLinked":false}},"elements":[{"id":"6774dbbc","settings":{"editor":"<p>what we can offer<\/p>","text_color":"#fc6d4f","typography_typography":"custom","typography_font_family":"Poppins","typography_font_size":{"unit":"px","size":12,"sizes":[]},"typography_font_weight":"300","typography_text_transform":"uppercase","typography_letter_spacing":{"unit":"px","size":1,"sizes":[]},"align":"center"},"elements":[],"isInner":false,"widgetType":"text-editor","elType":"widget"},{"id":"57b2cf88","settings":{"title":"Choose From a Variety of Asian Cuisine","align":"center","title_color":"#1c1c1c","typography_typography":"custom","typography_font_family":"Lora","typography_font_size":{"unit":"px","size":48,"sizes":[]},"typography_font_weight":"400","typography_line_height":{"unit":"em","size":1.1999999999999999555910790149937383830547332763671875,"sizes":[]},"typography_font_size_tablet":{"unit":"px","size":28,"sizes":[]},"typography_font_size_mobile":{"unit":"px","size":25,"sizes":[]},"typography_line_height_mobile":{"unit":"em","size":1.3000000000000000444089209850062616169452667236328125,"sizes":[]}},"elements":[],"isInner":false,"widgetType":"heading","elType":"widget"}],"isInner":true,"elType":"column"},{"id":"29e7aa4b","settings":{"_column_size":25,"_inline_size":null,"content_position":"center","slider_delay":"5000","padding":{"unit":"px","top":"0","right":"0","bottom":"0","left":"0","isLinked":false},"_inline_size_tablet":100,"animation_mobile":"fadeIn","hide_tablet":"hidden-tablet","hide_mobile":"hidden-phone"},"elements":[{"id":"1da6218b","settings":{"text":"Divider","gap":{"unit":"px","size":2,"sizes":[]},"_margin":{"unit":"px","top":"0","right":"0","bottom":"0","left":"0","isLinked":false},"_padding":{"unit":"px","top":"15","right":"0","bottom":"0","left":"0","isLinked":false},"color":"#bdbebd"},"elements":[],"isInner":false,"widgetType":"divider","elType":"widget"}],"isInner":true,"elType":"column"}],"isInner":true,"elType":"section"},{"id":"24d52c4","settings":{"image":{"url":"https:\/\/wpbuilt.co\/demo\/wp-content\/uploads\/2020\/02\/bay-leaf.png","id":6079},"_element_width":"auto","_position":"absolute","_offset_orientation_h":"end","_offset_x_end":{"size":70,"unit":"px"},"_offset_y":{"size":300,"unit":"px"},"_animation":"fadeIn","_offset_x_end_tablet":{"size":-1,"unit":"px"},"_offset_x_end_mobile":{"size":0,"unit":"px"},"_offset_y_tablet":{"size":136,"unit":"px"},"_offset_y_mobile":{"size":-30,"unit":"px"},"hide_mobile":"hidden-phone","_css_classes":"gc-home-leaf"},"elements":[],"isInner":false,"widgetType":"image","elType":"widget"},{"id":"f394065","settings":{"content_width":{"unit":"px","size":1320,"sizes":[]},"structure":"30","slider_delay":"5000","padding":{"unit":"px","top":"60","right":"0","bottom":"0","left":"0","isLinked":false},"padding_mobile":{"unit":"px","top":"20","right":"0","bottom":"20","left":"0","isLinked":false}},"elements":[{"id":"73cb673","settings":{"_column_size":33,"_inline_size":null,"slider_delay":"5000","animation":"zoomIn","animation_mobile":"fadeIn"},"elements":[{"id":"3e85b6e2","settings":{"image":{"url":"https:\/\/wpbuilt.co\/demo\/wp-content\/uploads\/2020\/02\/offer-image-1.jpg","id":6087}},"elements":[],"isInner":false,"widgetType":"image","elType":"widget"},{"id":"3626534b","settings":{"title":"Fresh Egg Benedict","align":"center","title_color":"#1c1c1c","typography_typography":"custom","typography_font_family":"Lora","typography_font_size":{"unit":"px","size":30,"sizes":[]},"typography_font_weight":"400","typography_font_size_mobile":{"unit":"px","size":25,"sizes":[]},"typography_font_size_tablet":{"unit":"px","size":25,"sizes":[]}},"elements":[],"isInner":false,"widgetType":"heading","elType":"widget"},{"id":"72dcf4c3","settings":{"editor":"<p>The unpredictable diet of free-range hens will produce likewise, unpredictable egg flavors.<\/p>","align":"center","text_color":"#666666","typography_typography":"custom","typography_font_family":"Poppins","typography_font_size":{"unit":"px","size":18,"sizes":[]},"typography_font_size_mobile":{"unit":"px","size":15,"sizes":[]},"typography_font_size_tablet":{"unit":"px","size":18,"sizes":[]}},"elements":[],"isInner":false,"widgetType":"text-editor","elType":"widget"}],"isInner":true,"elType":"column"},{"id":"737a530d","settings":{"_column_size":33,"_inline_size":null,"slider_delay":"5000","animation":"zoomIn","animation_mobile":"fadeIn","animation_delay":200},"elements":[{"id":"50156fa1","settings":{"image":{"url":"https:\/\/wpbuilt.co\/demo\/wp-content\/uploads\/2020\/02\/offer-image-2.jpg","id":6088}},"elements":[],"isInner":false,"widgetType":"image","elType":"widget"},{"id":"78a846b5","settings":{"title":"Strawberry Pseudo","align":"center","title_color":"#1c1c1c","typography_typography":"custom","typography_font_family":"Lora","typography_font_size":{"unit":"px","size":30,"sizes":[]},"typography_font_weight":"400","typography_font_size_mobile":{"unit":"px","size":25,"sizes":[]},"typography_font_size_tablet":{"unit":"px","size":25,"sizes":[]}},"elements":[],"isInner":false,"widgetType":"heading","elType":"widget"},{"id":"49a1e698","settings":{"editor":"<p>You'll be amazed that just five ingredients can create something so spectacular! This chilled strawberry soup is certain to become a new summertime favorite.<\/p>","align":"center","text_color":"#666666","typography_typography":"custom","typography_font_family":"Poppins","typography_font_size":{"unit":"px","size":18,"sizes":[]},"typography_font_size_mobile":{"unit":"px","size":15,"sizes":[]},"typography_font_size_tablet":{"unit":"px","size":18,"sizes":[]}},"elements":[],"isInner":false,"widgetType":"text-editor","elType":"widget"}],"isInner":true,"elType":"column"},{"id":"12abb0b5","settings":{"_column_size":33,"_inline_size":null,"slider_delay":"5000","animation":"zoomIn","animation_mobile":"fadeIn","animation_delay":300},"elements":[{"id":"17f807ba","settings":{"image":{"url":"https:\/\/wpbuilt.co\/demo\/wp-content\/uploads\/2020\/02\/offer-image-3.jpg","id":6089}},"elements":[],"isInner":false,"widgetType":"image","elType":"widget"},{"id":"6d0f3780","settings":{"title":"Minimalist Morning Toast","align":"center","title_color":"#1c1c1c","typography_typography":"custom","typography_font_family":"Lora","typography_font_size":{"unit":"px","size":30,"sizes":[]},"typography_font_weight":"400","typography_font_size_mobile":{"unit":"px","size":25,"sizes":[]},"typography_font_size_tablet":{"unit":"px","size":25,"sizes":[]}},"elements":[],"isInner":false,"widgetType":"heading","elType":"widget"},{"id":"360bbbc8","settings":{"editor":"<p>No body knows who invented this food, and how it tastes so questionable good is beyond everyone and is a complete mystery!<\/p>","align":"center","text_color":"#666666","typography_typography":"custom","typography_font_family":"Poppins","typography_font_size":{"unit":"px","size":18,"sizes":[]},"typography_font_size_mobile":{"unit":"px","size":15,"sizes":[]},"typography_font_size_tablet":{"unit":"px","size":18,"sizes":[]}},"elements":[],"isInner":false,"widgetType":"text-editor","elType":"widget"}],"isInner":true,"elType":"column"}],"isInner":true,"elType":"section"},{"id":"34b3e113","settings":{"image":{"url":"https:\/\/wpbuilt.co\/demo\/wp-content\/uploads\/2020\/02\/Tomato-ws.png","id":6105},"_element_width":"auto","_position":"absolute","_offset_x":{"size":80,"unit":"px"},"_offset_orientation_v":"end","_offset_y_end":{"size":-56,"unit":"px"},"_animation":"zoomInLeft","_offset_x_tablet":{"size":3,"unit":"px"},"_offset_y_end_tablet":{"size":-126.828000000000002955857780762016773223876953125,"unit":"px"},"hide_mobile":"hidden-phone","_css_classes":"gc-home-tomato"},"elements":[],"isInner":false,"widgetType":"image","elType":"widget"}],"isInner":false,"elType":"column"}],"isInner":false,"elType":"section"},{"id":"208a76d1","settings":{"layout":"full_width","background_background":"classic","background_color":"#fc6d4f","slider_delay":"5000","margin":{"unit":"px","top":"0","right":0,"bottom":"0","left":0,"isLinked":false},"padding":{"unit":"px","top":"75","right":"0","bottom":"75","left":"0","isLinked":false},"animation":"fadeIn","padding_mobile":{"unit":"px","top":"30","right":"50","bottom":"30","left":"50","isLinked":false},"padding_tablet":{"unit":"px","top":"50","right":"30","bottom":"50","left":"30","isLinked":false}},"elements":[{"id":"528e6d68","settings":{"_column_size":100,"slider_delay":"5000","padding":{"unit":"px","top":"0","right":"0","bottom":"0","left":"0","isLinked":false}},"elements":[{"id":"7fd5f28b","settings":{"content_width":{"unit":"px","size":1360,"sizes":[]},"structure":"40","slider_delay":"5000"},"elements":[{"id":"78f38c92","settings":{"_column_size":25,"_inline_size":null,"slider_delay":"5000","_inline_size_mobile":100},"elements":[{"id":"6de177a5","settings":{"ending_number":78,"title":"Cuisines","number_color":"#ffffff","typography_number_typography":"custom","typography_number_font_family":"Lora","typography_number_font_size":{"unit":"px","size":60,"sizes":[]},"typography_number_font_weight":"400","title_color":"#ffffff","typography_title_typography":"custom","typography_title_font_family":"Poppins","typography_title_font_size":{"unit":"px","size":20,"sizes":[]},"typography_number_font_size_mobile":{"unit":"px","size":50,"sizes":[]},"typography_title_font_size_mobile":{"unit":"px","size":16,"sizes":[]}},"elements":[],"isInner":false,"widgetType":"counter","elType":"widget"}],"isInner":true,"elType":"column"},{"id":"4c0ae8cd","settings":{"_column_size":25,"_inline_size":null,"slider_delay":"5000","_inline_size_mobile":100},"elements":[{"id":"38922b47","settings":{"ending_number":42800,"title":"Plates served","number_color":"#ffffff","typography_number_typography":"custom","typography_number_font_family":"Lora","typography_number_font_size":{"unit":"px","size":60,"sizes":[]},"typography_number_font_weight":"400","title_color":"#ffffff","typography_title_typography":"custom","typography_title_font_family":"Poppins","typography_title_font_size":{"unit":"px","size":20,"sizes":[]},"typography_number_font_size_mobile":{"unit":"px","size":50,"sizes":[]},"typography_title_font_size_mobile":{"unit":"px","size":16,"sizes":[]}},"elements":[],"isInner":false,"widgetType":"counter","elType":"widget"}],"isInner":true,"elType":"column"},{"id":"4c57b6fc","settings":{"_column_size":25,"_inline_size":null,"slider_delay":"5000","_inline_size_mobile":100},"elements":[{"id":"7b67fb2b","settings":{"ending_number":12,"title":"Suppliers","number_color":"#ffffff","typography_number_typography":"custom","typography_number_font_family":"Lora","typography_number_font_size":{"unit":"px","size":60,"sizes":[]},"typography_number_font_weight":"400","title_color":"#ffffff","typography_title_typography":"custom","typography_title_font_family":"Poppins","typography_title_font_size":{"unit":"px","size":20,"sizes":[]},"typography_number_font_size_mobile":{"unit":"px","size":50,"sizes":[]},"typography_title_font_size_mobile":{"unit":"px","size":16,"sizes":[]}},"elements":[],"isInner":false,"widgetType":"counter","elType":"widget"}],"isInner":true,"elType":"column"},{"id":"1152d958","settings":{"_column_size":25,"_inline_size":null,"slider_delay":"5000","_inline_size_mobile":100},"elements":[{"id":"5fc59dfa","settings":{"ending_number":25,"title":"Organic Farms","number_color":"#ffffff","typography_number_typography":"custom","typography_number_font_family":"Lora","typography_number_font_size":{"unit":"px","size":60,"sizes":[]},"typography_number_font_weight":"400","title_color":"#ffffff","typography_title_typography":"custom","typography_title_font_family":"Poppins","typography_title_font_size":{"unit":"px","size":20,"sizes":[]},"typography_number_font_size_mobile":{"unit":"px","size":50,"sizes":[]},"typography_title_font_size_mobile":{"unit":"px","size":16,"sizes":[]}},"elements":[],"isInner":false,"widgetType":"counter","elType":"widget"}],"isInner":true,"elType":"column"}],"isInner":true,"elType":"section"}],"isInner":false,"elType":"column"}],"isInner":false,"elType":"section"},{"id":"313a00fd","settings":{"layout":"full_width","slider_delay":"5000","padding":{"unit":"px","top":"130","right":"0","bottom":"0","left":"0","isLinked":false},"padding_mobile":{"unit":"px","top":"10","right":"0","bottom":"0","left":"0","isLinked":false},"motion_fx_opacity_level":{"unit":"px","size":2,"sizes":[]},"motion_fx_devices":["desktop"],"padding_tablet":{"unit":"px","top":"30","right":"0","bottom":"30","left":"0","isLinked":false}},"elements":[{"id":"5cbd117b","settings":{"_column_size":100,"slider_delay":"5000"},"elements":[{"id":"6e026190","settings":{"content_width":{"unit":"px","size":1480,"sizes":[]},"structure":"20","slider_delay":"5000","padding":{"unit":"px","top":"0","right":"0","bottom":"30","left":"0","isLinked":false},"padding_mobile":{"unit":"px","top":"0","right":"0","bottom":"0","left":"0","isLinked":false}},"elements":[{"id":"219f9fba","settings":{"_column_size":50,"_inline_size":48.73899999999999721467247582040727138519287109375,"content_position":"top","slider_delay":"5000","padding":{"unit":"px","top":"100","right":"10","bottom":"10","left":"13","isLinked":false},"_inline_size_tablet":100,"animation":"fadeIn","padding_tablet":{"unit":"px","top":"10","right":"10","bottom":"10","left":"10","isLinked":true}},"elements":[{"id":"272ee578","settings":{"editor":"<p>SERVED WITH LOVE<\/p>","text_color":"#fc6d4f","typography_typography":"custom","typography_font_family":"Poppins","typography_font_size":{"unit":"px","size":12,"sizes":[]},"typography_font_weight":"300","typography_text_transform":"uppercase","typography_letter_spacing":{"unit":"px","size":1,"sizes":[]},"align":"left","align_mobile":"center"},"elements":[],"isInner":false,"widgetType":"text-editor","elType":"widget"},{"id":"7053268e","settings":{"title":" Your Food Is Our Food, But Better","title_color":"#1c1c1c","typography_typography":"custom","typography_font_family":"Lora","typography_font_size":{"unit":"px","size":48.03999999999999914734871708787977695465087890625,"sizes":[]},"typography_font_weight":"400","typography_line_height":{"unit":"em","size":1.3000000000000000444089209850062616169452667236328125,"sizes":[]},"align_tablet":"center","typography_font_size_mobile":{"unit":"px","size":26,"sizes":[]},"align_mobile":"center","_margin_mobile":{"unit":"px","top":"0","right":"0","bottom":"0","left":"0","isLinked":true},"_padding_mobile":{"unit":"px","top":"0","right":"0","bottom":"0","left":"0","isLinked":false}},"elements":[],"isInner":false,"widgetType":"heading","elType":"widget"},{"id":"22b9917","settings":{"editor":"<p>The importance of food is obvious and essential. Healthy food provides us the nutrients and energy to develop and grow, be active and healthy, to move, play, work, think and learn.\u00a0<\/p><p>Foods are directly related to our body and mental and social health because each food or liquid contains particular nutrition such as carbohydrates, protein, vitamins, minerals, fats, etc, which are very necessary for our physical and mental growth.\u00a0\u00a0<\/p>","text_color":"#666666","typography_typography":"custom","typography_font_family":"Poppins","typography_font_size":{"unit":"px","size":18,"sizes":[]},"align_mobile":"center","typography_font_size_mobile":{"unit":"px","size":15,"sizes":[]}},"elements":[],"isInner":false,"widgetType":"text-editor","elType":"widget"},{"id":"11d9d71c","settings":{"text":"learn more","align":"left","icon_align":"right","icon_indent":{"unit":"px","size":15,"sizes":[]},"typography_typography":"custom","typography_font_family":"Poppins","typography_font_weight":"500","typography_text_transform":"uppercase","background_color":"#fc6d4f","hover_color":"#fc6d4f","button_background_hover_color":"#ffffff","border_border":"solid","border_width":{"unit":"px","top":"1","right":"1","bottom":"1","left":"1","isLinked":true},"border_color":"#fc6d4f","text_padding":{"unit":"px","top":"20","right":"24","bottom":"20","left":"20","isLinked":false},"selected_icon":{"value":{"url":"https:\/\/wpbuilt.co\/demo\/wp-content\/uploads\/2020\/01\/right-white.svg","id":4593},"library":"svg"},"_css_classes":"gc-arrow-btn","typography_font_size":{"unit":"px","size":17.980000000000000426325641456060111522674560546875,"sizes":[]},"border_radius":{"unit":"px","top":"0","right":"0","bottom":"0","left":"0","isLinked":false},"align_tablet":"center","typography_letter_spacing":{"unit":"px","size":1.600000000000000088817841970012523233890533447265625,"sizes":[]},"link":{"url":"https:\/\/wpbuilt.co\/demo\/templatekit-restaurant-about\/","is_external":"","nofollow":"","custom_attributes":""}},"elements":[],"isInner":false,"widgetType":"button","elType":"widget"}],"isInner":true,"elType":"column"},{"id":"4cbb3d5b","settings":{"_column_size":50,"_inline_size":52.1809999999999973852027324028313159942626953125,"slider_delay":"5000","margin":{"unit":"px","top":"0","right":"0","bottom":"0","left":"0","isLinked":false},"_inline_size_tablet":100,"padding_tablet":{"unit":"px","top":"30","right":"150","bottom":"0","left":"150","isLinked":false},"animation_mobile":"fadeIn","padding_mobile":{"unit":"px","top":"30","right":"10","bottom":"0","left":"10","isLinked":false}},"elements":[{"id":"1f31092","settings":{"image":{"url":"https:\/\/wpbuilt.co\/demo\/wp-content\/uploads\/2020\/02\/subheading-img-1.jpg","id":6117},"_animation":"zoomInRight","_animation_mobile":"fadeIn"},"elements":[],"isInner":false,"widgetType":"image","elType":"widget"},{"id":"7b7f04dc","settings":{"image":{"url":"https:\/\/wpbuilt.co\/demo\/wp-content\/uploads\/2020\/02\/subheading-img-2.jpg","id":6118},"_margin":{"unit":"px","top":"-285","right":"220","bottom":"0","left":"0","isLinked":false},"_padding":{"unit":"px","top":"0","right":"0","bottom":"0","left":"0","isLinked":false},"_css_classes":"gc-shadow-img-2","_margin_mobile":{"unit":"px","top":"-46","right":"0","bottom":"0","left":"0","isLinked":false},"_padding_mobile":{"unit":"px","top":"0","right":"0","bottom":"0","left":"0","isLinked":false},"_animation":"zoomInLeft","_animation_delay":300,"_animation_mobile":"fadeIn","_margin_tablet":{"unit":"px","top":"-300","right":"0","bottom":"0","left":"-82","isLinked":false},"_padding_tablet":{"unit":"px","top":"0","right":"0","bottom":"0","left":"0","isLinked":false}},"elements":[],"isInner":false,"widgetType":"image","elType":"widget"},{"id":"2cc9ed23","settings":{"image":{"url":"https:\/\/wpbuilt.co\/demo\/wp-content\/uploads\/2020\/02\/spat.png","id":6119},"_margin":{"unit":"px","top":"-670","right":"0","bottom":"0","left":"500","isLinked":false},"_animation":"fadeIn","_animation_delay":300,"hide_mobile":"hidden-phone","hide_tablet":"hidden-tablet"},"elements":[],"isInner":false,"widgetType":"image","elType":"widget"}],"isInner":true,"elType":"column"}],"isInner":true,"elType":"section"}],"isInner":false,"elType":"column"}],"isInner":false,"elType":"section"},{"id":"560e371a","settings":{"content_width":{"unit":"px","size":1800,"sizes":[]},"background_background":"classic","background_image":{"url":"https:\/\/wpbuilt.co\/demo\/wp-content\/uploads\/2020\/02\/menu-bg.png","id":6085},"background_position":"top center","background_repeat":"no-repeat","background_size":"cover","slider_delay":"5000","padding":{"unit":"px","top":"0","right":"0","bottom":"0","left":"0","isLinked":false},"z_index":1,"padding_tablet":{"unit":"px","top":"0","right":"0","bottom":"0","left":"0","isLinked":false},"motion_fx_opacity_effect":"yes","motion_fx_opacity_level":{"unit":"px","size":2,"sizes":[]}},"elements":[{"id":"7ff2e674","settings":{"_column_size":100,"slider_delay":"5000","padding":{"unit":"px","top":"350","right":"0","bottom":"0","left":"0","isLinked":false},"background_background":"classic","background_position":"top center","margin_tablet":{"unit":"px","top":"0","right":"0","bottom":"0","left":"0","isLinked":false},"padding_tablet":{"unit":"px","top":"0","right":"0","bottom":"0","left":"0","isLinked":false}},"elements":[{"id":"67107453","settings":{"content_width":{"unit":"px","size":1280,"sizes":[]},"background_background":"classic","slider_delay":"5000","padding":{"unit":"px","top":"0","right":"0","bottom":"0","left":"0","isLinked":false},"margin":{"unit":"px","top":"0","right":0,"bottom":"-125","left":0,"isLinked":false},"z_index":1,"animation":"fadeIn"},"elements":[{"id":"6db2ebc0","settings":{"_column_size":100,"_inline_size":null,"background_background":"classic","background_image":{"url":"https:\/\/wpbuilt.co\/demo\/wp-content\/uploads\/2020\/02\/Menu-BG1.png","id":6120},"background_size":"cover","slider_delay":"5000","margin":{"unit":"px","top":"0","right":"0","bottom":"0","left":"0","isLinked":false},"padding":{"unit":"px","top":"85","right":"60","bottom":"0","left":"60","isLinked":false},"padding_tablet":{"unit":"px","top":"30","right":"20","bottom":"0","left":"20","isLinked":false}},"elements":[{"id":"5c453836","settings":{"layout":"full_width","content_width":{"unit":"px","size":1280,"sizes":[]},"slider_delay":"5000"},"elements":[{"id":"5ab65904","settings":{"_column_size":100,"_inline_size":null,"slider_delay":"5000","padding_tablet":{"unit":"px","top":"10","right":"10","bottom":"10","left":"10","isLinked":true}},"elements":[{"id":"5a1c7baf","settings":{"editor":"<p>enjoy the best cuisine<\/p>","text_color":"#fc6d4f","typography_typography":"custom","typography_font_family":"Poppins","typography_font_size":{"unit":"px","size":12,"sizes":[]},"typography_font_weight":"400","typography_text_transform":"uppercase","typography_letter_spacing":{"unit":"px","size":1,"sizes":[]},"align":"center"},"elements":[],"isInner":false,"widgetType":"text-editor","elType":"widget"},{"id":"14125c5a","settings":{"title":"CHOOSE FROM THE \nBEST ORIENTAL CUISINES","title_color":"#1c1c1c","typography_typography":"custom","typography_font_family":"Lora","typography_font_size":{"unit":"px","size":48.03999999999999914734871708787977695465087890625,"sizes":[]},"typography_font_weight":"400","typography_line_height":{"unit":"em","size":1.3000000000000000444089209850062616169452667236328125,"sizes":[]},"align":"center","typography_font_size_mobile":{"unit":"px","size":26,"sizes":[]}},"elements":[],"isInner":false,"widgetType":"heading","elType":"widget"}],"isInner":true,"elType":"column"}],"isInner":true,"elType":"section"},{"id":"3d3609fb","settings":{"layout":"full_width","content_width":{"unit":"px","size":1280,"sizes":[]},"structure":"30","slider_delay":"5000","padding":{"unit":"px","top":"40","right":"0","bottom":"0","left":"0","isLinked":false}},"elements":[{"id":"148ca20b","settings":{"_column_size":33,"_inline_size":48.10300000000000153477230924181640148162841796875,"slider_delay":"5000"},"elements":[{"id":"29c6b82e","settings":{"title":"Starters","title_color":"#fc6d4f","typography_typography":"custom","typography_font_family":"Lora","typography_font_size":{"unit":"px","size":30,"sizes":[]},"typography_font_weight":"400","align_mobile":"center"},"elements":[],"isInner":false,"widgetType":"heading","elType":"widget"},{"id":"6413fc0e","settings":{"price_list":[{"title":"Beef Noodle Soup","item_description":"The combination of slowly braised beef with a tangle of slurpable noodles seems so fundamental, it\u2019s hard to believe any one culture can lay claim to it.","price":"$325.99","link":{"url":"#"},"_id":"508e8d8","image":{"url":"","id":""}}],"heading_color":"#1c1c1c","heading_typography_typography":"custom","heading_typography_font_family":"Poppins","heading_typography_font_size":{"unit":"px","size":18,"sizes":[]},"description_color":"#666666","description_typography_typography":"custom","description_typography_font_family":"Poppins","description_typography_font_size":{"unit":"px","size":14,"sizes":[]},"description_typography_font_weight":"300","description_typography_font_style":"italic","separator_style":"none","_padding":{"unit":"px","top":"0","right":"0","bottom":"30","left":"0","isLinked":false},"heading_typography_font_size_tablet":{"unit":"px","size":15,"sizes":[]},"description_typography_font_size_tablet":{"unit":"px","size":13,"sizes":[]},"heading_typography_font_weight":"400"},"elements":[],"isInner":false,"widgetType":"price-list","elType":"widget"},{"id":"55c78439","settings":{"price_list":[{"title":"Hot Pot","item_description":"Retrieve your desired bite from the broth with chopsticks or tongs, and dip it into a savory sauce you customize yourself with sesame oil, sha cha sauce, soy sauce, garlic, freshly chopped scallions, black vinegar, sugar, or chile sauce.","price":"$99.99","link":{"url":"#"},"_id":"508e8d8","image":{"url":"","id":""}}],"heading_color":"#1c1c1c","heading_typography_typography":"custom","heading_typography_font_family":"Poppins","heading_typography_font_size":{"unit":"px","size":18,"sizes":[]},"description_color":"#666666","description_typography_typography":"custom","description_typography_font_family":"Poppins","description_typography_font_size":{"unit":"px","size":14,"sizes":[]},"description_typography_font_weight":"300","description_typography_font_style":"italic","separator_style":"none","_padding":{"unit":"px","top":"0","right":"0","bottom":"30","left":"0","isLinked":false},"heading_typography_font_size_tablet":{"unit":"px","size":15,"sizes":[]},"description_typography_font_size_tablet":{"unit":"px","size":13,"sizes":[]},"heading_typography_font_weight":"400"},"elements":[],"isInner":false,"widgetType":"price-list","elType":"widget"},{"id":"65a3b9da","settings":{"price_list":[{"title":"Gua bao, or the Taiwanese Hamburger","item_description":"Features puffy mantou steamed buns that are generously stuffed with slabs of sweet, fatty pork belly that\u2019s been braised in a mixture of a rice wine, soy sauce, and Chinese five-spice powder, and topped with crushed peanuts, pickled mustard greens, and cilantro.","price":"$49.99","link":{"url":"#"},"_id":"508e8d8","image":{"url":"","id":""}}],"heading_color":"#1c1c1c","heading_typography_typography":"custom","heading_typography_font_family":"Poppins","heading_typography_font_size":{"unit":"px","size":18,"sizes":[]},"description_color":"#666666","description_typography_typography":"custom","description_typography_font_family":"Poppins","description_typography_font_size":{"unit":"px","size":14,"sizes":[]},"description_typography_font_weight":"300","description_typography_font_style":"italic","separator_style":"none","_padding":{"unit":"px","top":"0","right":"0","bottom":"30","left":"0","isLinked":false},"heading_typography_font_size_tablet":{"unit":"px","size":15,"sizes":[]},"description_typography_font_size_tablet":{"unit":"px","size":13,"sizes":[]},"heading_typography_font_weight":"400"},"elements":[],"isInner":false,"widgetType":"price-list","elType":"widget"}],"isInner":true,"elType":"column"},{"id":"7825ab95","settings":{"_column_size":33,"_inline_size":4.48299999999999965183405947755090892314910888671875,"slider_delay":"5000"},"elements":[],"isInner":true,"elType":"column"},{"id":"6c31c251","settings":{"_column_size":33,"_inline_size":47.409999999999996589394868351519107818603515625,"slider_delay":"5000"},"elements":[{"id":"4934d843","settings":{"title":"Deluxe","title_color":"#fc6d4f","typography_typography":"custom","typography_font_family":"Lora","typography_font_size":{"unit":"px","size":30,"sizes":[]},"typography_font_weight":"400","align_mobile":"center"},"elements":[],"isInner":false,"widgetType":"heading","elType":"widget"},{"id":"144a3765","settings":{"price_list":[{"title":"Oyster Vermicelli Noodles","item_description":"This soup is made from a stock that\u2019s perfectly geng, meaning thickened, usually with starch, giving it a smooth and slimy texture that\u2019s rounded out by fleshy oyster chunks and chewy bits of pig intestine.","price":"$99.99","link":{"url":"#"},"_id":"508e8d8","image":{"url":"","id":""}}],"heading_color":"#1c1c1c","heading_typography_typography":"custom","heading_typography_font_family":"Poppins","heading_typography_font_size":{"unit":"px","size":18,"sizes":[]},"description_color":"#666666","description_typography_typography":"custom","description_typography_font_family":"Poppins","description_typography_font_size":{"unit":"px","size":14,"sizes":[]},"description_typography_font_weight":"300","description_typography_font_style":"italic","separator_style":"none","_padding":{"unit":"px","top":"0","right":"0","bottom":"30","left":"0","isLinked":false},"heading_typography_font_size_tablet":{"unit":"px","size":15,"sizes":[]},"description_typography_font_size_tablet":{"unit":"px","size":13,"sizes":[]},"heading_typography_font_weight":"400"},"elements":[],"isInner":false,"widgetType":"price-list","elType":"widget"},{"id":"27fb230c","settings":{"price_list":[{"title":"Scallion Pancake","item_description":"Eat one on its own, or wrapped around eggs, basil leaves, cheese, seared beef, ham, corn, and more.","price":"$99.99","link":{"url":"#"},"_id":"508e8d8","image":{"url":"","id":""}}],"heading_color":"#1c1c1c","heading_typography_typography":"custom","heading_typography_font_family":"Poppins","heading_typography_font_size":{"unit":"px","size":18,"sizes":[]},"description_color":"#666666","description_typography_typography":"custom","description_typography_font_family":"Poppins","description_typography_font_size":{"unit":"px","size":14,"sizes":[]},"description_typography_font_weight":"300","description_typography_font_style":"italic","separator_style":"none","_padding":{"unit":"px","top":"0","right":"0","bottom":"30","left":"0","isLinked":false},"heading_typography_font_size_tablet":{"unit":"px","size":15,"sizes":[]},"description_typography_font_size_tablet":{"unit":"px","size":13,"sizes":[]},"heading_typography_font_weight":"400"},"elements":[],"isInner":false,"widgetType":"price-list","elType":"widget"},{"id":"4f4a6af1","settings":{"price_list":[{"title":"Xiao Long Bao, or Soup Dumplings","item_description":"Grab one straight out of the steamer, pop it in your mouth, scald your tongue, and grimace as you continue to scarf the remaining contents of the bamboo steamer while wishing you\u2019d had more patience.","price":"$99.99","link":{"url":"#"},"_id":"508e8d8","image":{"url":"","id":""}}],"heading_color":"#1c1c1c","heading_typography_typography":"custom","heading_typography_font_family":"Poppins","heading_typography_font_size":{"unit":"px","size":18,"sizes":[]},"description_color":"#666666","description_typography_typography":"custom","description_typography_font_family":"Poppins","description_typography_font_size":{"unit":"px","size":14,"sizes":[]},"description_typography_font_weight":"300","description_typography_font_style":"italic","separator_style":"none","_padding":{"unit":"px","top":"0","right":"0","bottom":"30","left":"0","isLinked":false},"heading_typography_font_size_tablet":{"unit":"px","size":15,"sizes":[]},"description_typography_font_size_tablet":{"unit":"px","size":13,"sizes":[]},"heading_typography_font_weight":"400"},"elements":[],"isInner":false,"widgetType":"price-list","elType":"widget"}],"isInner":true,"elType":"column"}],"isInner":true,"elType":"section"},{"id":"68fe607e","settings":{"layout":"full_width","content_width":{"unit":"px","size":1280,"sizes":[]},"slider_delay":"5000","padding":{"unit":"px","top":"10","right":"0","bottom":"0","left":"0","isLinked":false},"margin":{"unit":"px","top":"0","right":0,"bottom":"0","left":0,"isLinked":false},"margin_tablet":{"unit":"px","top":"0","right":0,"bottom":"25","left":0,"isLinked":false},"padding_tablet":{"unit":"px","top":"0","right":"0","bottom":"0","left":"0","isLinked":false}},"elements":[{"id":"25f46837","settings":{"_column_size":100,"slider_delay":"5000"},"elements":[{"id":"4ab1822e","settings":{"text":"view full menu","align":"center","typography_typography":"custom","typography_font_family":"Poppins","typography_font_size":{"unit":"px","size":18,"sizes":[]},"typography_font_weight":"500","typography_text_transform":"uppercase","background_color":"#fc6d4f","hover_color":"#fc6d4f","button_background_hover_color":"#ffffff","border_border":"solid","border_width":{"unit":"px","top":"1","right":"1","bottom":"1","left":"1","isLinked":true},"border_color":"#fc6d4f","text_padding":{"unit":"px","top":"19","right":"25","bottom":"19","left":"025","isLinked":false},"_margin":{"unit":"px","top":"0","right":"0","bottom":"-19","left":"0","isLinked":false},"_padding":{"unit":"px","top":"0","right":"0","bottom":"0","left":"0","isLinked":false},"selected_icon":{"value":{"url":"https:\/\/wpbuilt.co\/demo\/wp-content\/uploads\/2020\/01\/right-white.svg","id":4593},"library":"svg"},"icon_align":"right","icon_indent":{"unit":"px","size":15,"sizes":[]},"_css_classes":"gc-arrow-btn","_margin_tablet":{"unit":"px","top":"0","right":"0","bottom":"0","left":"0","isLinked":false},"_padding_tablet":{"unit":"px","top":"0","right":"0","bottom":"0","left":"0","isLinked":false},"border_radius":{"unit":"px","top":"0","right":"0","bottom":"0","left":"0","isLinked":false},"typography_letter_spacing":{"unit":"px","size":1.600000000000000088817841970012523233890533447265625,"sizes":[]},"link":{"url":"https:\/\/wpbuilt.co\/demo\/template-kit-menu\/","is_external":"","nofollow":"","custom_attributes":""}},"elements":[],"isInner":false,"widgetType":"button","elType":"widget"}],"isInner":true,"elType":"column"}],"isInner":true,"elType":"section"}],"isInner":true,"elType":"column"}],"isInner":true,"elType":"section"}],"isInner":false,"elType":"column"}],"isInner":false,"elType":"section"},{"id":"3bc285da","settings":{"layout":"full_width","background_background":"classic","background_color":"#f9f9f9","slider_delay":"5000","padding":{"unit":"px","top":"240","right":"0","bottom":"0","left":"0","isLinked":false},"padding_mobile":{"unit":"px","top":"148","right":"0","bottom":"0","left":"0","isLinked":false}},"elements":[{"id":"6e74cef","settings":{"_column_size":100,"_inline_size":null,"slider_delay":"5000"},"elements":[{"id":"4d38fbfb","settings":{"content_width":{"unit":"px","size":1280,"sizes":[]},"structure":"20","slider_delay":"5000","padding":{"unit":"px","top":"0","right":"0","bottom":"100","left":"0","isLinked":false},"padding_mobile":{"unit":"px","top":"0","right":"0","bottom":"30","left":"0","isLinked":false}},"elements":[{"id":"a845200","settings":{"_column_size":50,"_inline_size":null,"slider_delay":"5000","_inline_size_tablet":100},"elements":[{"id":"a7be11a","settings":{"editor":"<p>stories about us<\/p>","text_color":"#fc6d4f","typography_typography":"custom","typography_font_family":"Poppins","typography_font_size":{"unit":"px","size":12,"sizes":[]},"typography_font_weight":"300","typography_text_transform":"uppercase","typography_letter_spacing":{"unit":"px","size":1,"sizes":[]},"align":"left","align_mobile":"center"},"elements":[],"isInner":false,"widgetType":"text-editor","elType":"widget"},{"id":"60e3a317","settings":{"title":"Best Asian Food in New York, no doubt about it!","header_size":"h3","title_color":"#1c1c1c","typography_typography":"custom","typography_font_family":"Lora","typography_font_size":{"unit":"px","size":48.18999999999999772626324556767940521240234375,"sizes":[]},"typography_font_weight":"400","typography_line_height":{"unit":"em","size":1.3000000000000000444089209850062616169452667236328125,"sizes":[]},"align_tablet":"center","typography_font_size_tablet":{"unit":"px","size":40,"sizes":[]},"typography_font_size_mobile":{"unit":"px","size":26,"sizes":[]}},"elements":[],"isInner":false,"widgetType":"heading","elType":"widget"}],"isInner":true,"elType":"column"},{"id":"1a3243e0","settings":{"_column_size":50,"_inline_size":null,"slider_delay":"5000","_inline_size_tablet":100},"elements":[{"id":"3eecc2af","settings":{"image":{"url":"https:\/\/wpbuilt.co\/demo\/wp-content\/uploads\/2020\/02\/icon_quotations_resto.png","id":6129},"_element_width":"auto","_margin_tablet":{"unit":"px","top":"0","right":"0","bottom":"0","left":"0","isLinked":false},"_padding_tablet":{"unit":"px","top":"0","right":"0","bottom":"0","left":"0","isLinked":false},"_css_classes":"gc-quote"},"elements":[],"isInner":false,"widgetType":"image","elType":"widget"},{"id":"2e22f9d5","settings":{"width":{"unit":"%","size":80,"sizes":[]},"align":"left","text":"Divider","color":"#e2e2e2","_margin":{"unit":"px","top":"0","right":"0","bottom":"0","left":"0","isLinked":false},"_padding":{"unit":"px","top":"0","right":"0","bottom":"0","left":"35","isLinked":false},"_element_width":"initial","_element_custom_width":{"unit":"px","size":560,"sizes":[]},"width_mobile":{"unit":"%","size":100,"sizes":[]},"align_tablet":"center","align_mobile":"left","_element_width_tablet":"initial","_element_custom_width_tablet":{"unit":"px","size":675,"sizes":[]},"_element_vertical_align_tablet":"center","_padding_mobile":{"unit":"px","top":"0","right":"0","bottom":"0","left":"0","isLinked":false}},"elements":[],"isInner":false,"widgetType":"divider","elType":"widget"},{"id":"7d0bbae4","settings":{"editor":"<p>Not only that they can be praised for their polished oriental interior design, but their food are so delicious and addicting. Everything tastes so fresh and warm to the stomach!<\/p>","text_color":"#666666","typography_typography":"custom","typography_font_family":"Poppins","typography_font_size":{"unit":"px","size":18,"sizes":[]},"typography_font_weight":"300","typography_font_style":"italic","_margin":{"unit":"px","top":"0","right":"0","bottom":"0","left":"0","isLinked":false},"_padding":{"unit":"px","top":"40","right":"100","bottom":"0","left":"0","isLinked":false},"align_tablet":"center","_margin_tablet":{"unit":"px","top":"0","right":"0","bottom":"0","left":"0","isLinked":false},"_padding_tablet":{"unit":"px","top":"30","right":"0","bottom":"0","left":"0","isLinked":false},"typography_font_size_mobile":{"unit":"px","size":17,"sizes":[]}},"elements":[],"isInner":false,"widgetType":"text-editor","elType":"widget"},{"id":"4602404f","settings":{"image":{"url":"https:\/\/wpbuilt.co\/demo\/wp-content\/uploads\/2020\/02\/testimonial-customer.png","id":6103},"title_text":"Kate Smith","description_text":"Satisfied Customer","position":"left","image_space":{"unit":"px","size":5,"sizes":[]},"image_size":{"unit":"%","size":20,"sizes":[]},"content_vertical_alignment":"middle","title_bottom_space":{"unit":"px","size":0,"sizes":[]},"title_color":"#fc6d4f","title_typography_typography":"custom","title_typography_font_family":"RomeoFans","title_typography_font_size":{"unit":"px","size":24,"sizes":[]},"description_color":"#666666","description_typography_typography":"custom","description_typography_font_family":"Poppins","description_typography_font_size":{"unit":"px","size":12.0099999999999997868371792719699442386627197265625,"sizes":[]},"description_typography_font_weight":"300","description_typography_text_transform":"uppercase","description_typography_letter_spacing":{"unit":"px","size":1.3000000000000000444089209850062616169452667236328125,"sizes":[]},"title_typography_font_weight":"400"},"elements":[],"isInner":false,"widgetType":"image-box","elType":"widget"}],"isInner":true,"elType":"column"}],"isInner":true,"elType":"section"}],"isInner":false,"elType":"column"}],"isInner":false,"elType":"section"},{"id":"542adf0a","settings":{"layout":"full_width","slider_delay":"5000","padding":{"unit":"px","top":"0","right":"0","bottom":"60","left":"0","isLinked":false},"padding_tablet":{"unit":"px","top":"0","right":"0","bottom":"30","left":"0","isLinked":false},"padding_mobile":{"unit":"px","top":"0","right":"0","bottom":"20","left":"0","isLinked":false}},"elements":[{"id":"379e6120","settings":{"_column_size":100,"slider_delay":"5000","padding_tablet":{"unit":"px","top":"15","right":"10","bottom":"10","left":"10","isLinked":false}},"elements":[{"id":"4727f2f6","settings":{"content_width":{"unit":"px","size":1360,"sizes":[]},"slider_delay":"5000","animation":"fadeIn","padding":{"unit":"px","top":"90","right":"0","bottom":"40","left":"0","isLinked":false},"padding_tablet":{"unit":"px","top":"0","right":"20","bottom":"20","left":"20","isLinked":false},"padding_mobile":{"unit":"px","top":"0","right":"0","bottom":"0","left":"0","isLinked":false}},"elements":[{"id":"1c0d0165","settings":{"_column_size":100,"_inline_size":null,"slider_delay":"5000"},"elements":[{"id":"5e272627","settings":{"editor":"<p>latest news<\/p>","text_color":"#fc6d4f","typography_typography":"custom","typography_font_family":"Poppins","typography_font_size":{"unit":"px","size":12,"sizes":[]},"typography_font_weight":"300","typography_text_transform":"uppercase","typography_letter_spacing":{"unit":"px","size":1,"sizes":[]},"align":"center"},"elements":[],"isInner":false,"widgetType":"text-editor","elType":"widget"},{"id":"3de9595","settings":{"title":"Most trending articles about\nAsian Cuisine in America","align":"center","title_color":"#1c1c1c","typography_typography":"custom","typography_font_family":"Lora","typography_font_size":{"unit":"px","size":48.18999999999999772626324556767940521240234375,"sizes":[]},"typography_font_weight":"400","typography_line_height":{"unit":"em","size":1.3000000000000000444089209850062616169452667236328125,"sizes":[]},"typography_font_size_tablet":{"unit":"px","size":40,"sizes":[]},"typography_font_size_mobile":{"unit":"px","size":26,"sizes":[]}},"elements":[],"isInner":false,"widgetType":"heading","elType":"widget"}],"isInner":true,"elType":"column"}],"isInner":true,"elType":"section"},{"id":"598355d6","settings":{"content_width":{"unit":"px","size":1360,"sizes":[]},"structure":"30","slider_delay":"5000"},"elements":[{"id":"255515e2","settings":{"_column_size":33,"_inline_size":null,"slider_delay":"5000","css_classes":"gc-latest-news","animation":"zoomIn","animation_mobile":"fadeIn","animation_delay":100},"elements":[{"id":"4ab1f6f2","settings":{"image":{"url":"https:\/\/wpbuilt.co\/demo\/wp-content\/uploads\/2020\/02\/latest-news-img-1-1.jpg","id":6138}},"elements":[],"isInner":false,"widgetType":"image","elType":"widget"},{"id":"5a4b2686","settings":{"text":" ","align":"right","selected_icon":{"value":{"url":"https:\/\/wpbuilt.co\/demo\/wp-content\/uploads\/2020\/01\/right-white.svg","id":4593},"library":"svg"},"background_color":"#fc6d4f","border_radius":{"unit":"px","top":"0","right":"0","bottom":"0","left":"0","isLinked":false},"text_padding":{"unit":"px","top":"20","right":"20","bottom":"20","left":"20","isLinked":true},"_css_classes":"gc-arrow-btn , arrow-diagonal","_element_vertical_align":"flex-start","_offset_x":{"size":328,"unit":"px"},"_offset_y":{"size":292,"unit":"px"},"text_padding_tablet":{"unit":"px","top":"10","right":"10","bottom":"10","left":"10","isLinked":true},"_offset_x_tablet":{"size":183,"unit":"px"},"_offset_x_mobile":{"size":263,"unit":"px"},"_offset_y_tablet":{"size":164,"unit":"px"},"_offset_y_mobile":{"size":234,"unit":"px"},"_margin":{"unit":"px","top":"-77","right":"16","bottom":"0","left":"0","isLinked":false},"_margin_tablet":{"unit":"px","top":"-58","right":"0","bottom":"0","left":"0","isLinked":false},"_padding":{"unit":"px","top":"0","right":"0","bottom":"0","left":"0","isLinked":false},"_padding_tablet":{"unit":"px","top":"0","right":"0","bottom":"0","left":"0","isLinked":true},"hide_tablet":"hidden-tablet","hide_mobile":"hidden-phone"},"elements":[],"isInner":false,"widgetType":"button","elType":"widget"},{"id":"5e5cc2f7","settings":{"title":"Food and Cooking in Thai TV Dramas, Love Destiny, 17th","title_color":"#1c1c1c","typography_typography":"custom","typography_font_family":"Lora","typography_font_size":{"unit":"px","size":24,"sizes":[]},"typography_font_weight":"300","typography_line_height":{"unit":"em","size":1.5,"sizes":[]},"_padding":{"unit":"px","top":"0","right":"0","bottom":"0","left":"15","isLinked":false},"typography_font_size_tablet":{"unit":"px","size":16,"sizes":[]}},"elements":[],"isInner":false,"widgetType":"heading","elType":"widget"},{"id":"20196910","settings":{"editor":"<p>For a country that takes such great pride in its cuisine, Thailand, surprisingly, very enthusiastic about spotlighting its food in its cinematic endeavors<\/p>","text_color":"#666666","typography_typography":"custom","typography_font_family":"Poppins","typography_font_size":{"unit":"px","size":18,"sizes":[]},"_padding":{"unit":"px","top":"0","right":"0","bottom":"0","left":"15","isLinked":false},"typography_font_size_tablet":{"unit":"px","size":15,"sizes":[]}},"elements":[],"isInner":false,"widgetType":"text-editor","elType":"widget"}],"isInner":true,"elType":"column"},{"id":"4d824dc2","settings":{"_column_size":33,"_inline_size":null,"slider_delay":"5000","css_classes":"gc-latest-news","animation":"zoomIn","animation_mobile":"fadeIn","animation_delay":200},"elements":[{"id":"50a6382c","settings":{"image":{"url":"https:\/\/wpbuilt.co\/demo\/wp-content\/uploads\/2020\/02\/latest-news-img-2.jpg","id":6134}},"elements":[],"isInner":false,"widgetType":"image","elType":"widget"},{"id":"6912632","settings":{"text":" ","align":"right","selected_icon":{"value":{"url":"https:\/\/wpbuilt.co\/demo\/wp-content\/uploads\/2020\/01\/right-white.svg","id":4593},"library":"svg"},"background_color":"#fc6d4f","border_radius":{"unit":"px","top":"0","right":"0","bottom":"0","left":"0","isLinked":false},"text_padding":{"unit":"px","top":"20","right":"20","bottom":"20","left":"20","isLinked":true},"_css_classes":"gc-arrow-btn , arrow-diagonal","_element_vertical_align":"flex-start","_offset_x":{"size":328,"unit":"px"},"_offset_y":{"size":292,"unit":"px"},"text_padding_tablet":{"unit":"px","top":"10","right":"10","bottom":"10","left":"10","isLinked":true},"_offset_x_tablet":{"size":183,"unit":"px"},"_offset_x_mobile":{"size":263,"unit":"px"},"_offset_y_tablet":{"size":164,"unit":"px"},"_offset_y_mobile":{"size":234,"unit":"px"},"_margin":{"unit":"px","top":"-77","right":"16","bottom":"0","left":"0","isLinked":false},"_margin_tablet":{"unit":"px","top":"-58","right":"0","bottom":"0","left":"0","isLinked":false},"_padding":{"unit":"px","top":"0","right":"0","bottom":"0","left":"0","isLinked":false},"_padding_tablet":{"unit":"px","top":"0","right":"0","bottom":"0","left":"0","isLinked":true},"hide_tablet":"hidden-tablet","hide_mobile":"hidden-phone"},"elements":[],"isInner":false,"widgetType":"button","elType":"widget"},{"id":"443a8bee","settings":{"title":"A Simple Thai Dipping Sauce","title_color":"#1c1c1c","typography_typography":"custom","typography_font_family":"Lora","typography_font_size":{"unit":"px","size":24,"sizes":[]},"typography_font_weight":"300","typography_line_height":{"unit":"em","size":1.5,"sizes":[]},"_padding":{"unit":"px","top":"0","right":"0","bottom":"0","left":"15","isLinked":false},"typography_font_size_tablet":{"unit":"px","size":16,"sizes":[]}},"elements":[],"isInner":false,"widgetType":"heading","elType":"widget"},{"id":"200b1b63","settings":{"editor":"<p>Here\u2019s a simple dipping sauce that I made the other day just as I\u2019ve done hundreds of times in my life. It\u2019s very easy to make; it doesn\u2019t require special ingredients; it is extremely versatile.<\/p>","text_color":"#666666","typography_typography":"custom","typography_font_family":"Poppins","typography_font_size":{"unit":"px","size":18,"sizes":[]},"_padding":{"unit":"px","top":"0","right":"0","bottom":"0","left":"15","isLinked":false},"typography_font_size_tablet":{"unit":"px","size":15,"sizes":[]}},"elements":[],"isInner":false,"widgetType":"text-editor","elType":"widget"}],"isInner":true,"elType":"column"},{"id":"129490ce","settings":{"_column_size":33,"_inline_size":null,"slider_delay":"5000","css_classes":"gc-latest-news","animation":"zoomIn","animation_mobile":"fadeIn","animation_delay":300},"elements":[{"id":"790aacc","settings":{"image":{"url":"https:\/\/wpbuilt.co\/demo\/wp-content\/uploads\/2020\/02\/latest-news-img-3.jpg","id":6135}},"elements":[],"isInner":false,"widgetType":"image","elType":"widget"},{"id":"6839a98e","settings":{"text":" ","align":"right","selected_icon":{"value":{"url":"https:\/\/wpbuilt.co\/demo\/wp-content\/uploads\/2020\/01\/right-white.svg","id":4593},"library":"svg"},"background_color":"#fc6d4f","border_radius":{"unit":"px","top":"0","right":"0","bottom":"0","left":"0","isLinked":false},"text_padding":{"unit":"px","top":"20","right":"20","bottom":"20","left":"20","isLinked":true},"_css_classes":"gc-arrow-btn , arrow-diagonal","_element_vertical_align":"flex-start","_offset_x":{"size":328,"unit":"px"},"_offset_y":{"size":292,"unit":"px"},"text_padding_tablet":{"unit":"px","top":"10","right":"10","bottom":"10","left":"10","isLinked":true},"_offset_x_tablet":{"size":183,"unit":"px"},"_offset_x_mobile":{"size":263,"unit":"px"},"_offset_y_tablet":{"size":164,"unit":"px"},"_offset_y_mobile":{"size":234,"unit":"px"},"_margin":{"unit":"px","top":"-77","right":"16","bottom":"0","left":"0","isLinked":false},"_margin_tablet":{"unit":"px","top":"-58","right":"0","bottom":"0","left":"0","isLinked":false},"_padding":{"unit":"px","top":"0","right":"0","bottom":"0","left":"0","isLinked":false},"_padding_tablet":{"unit":"px","top":"0","right":"0","bottom":"0","left":"0","isLinked":true},"hide_tablet":"hidden-tablet","hide_mobile":"hidden-phone"},"elements":[],"isInner":false,"widgetType":"button","elType":"widget"},{"id":"77916604","settings":{"title":"How to Prepare Rice Vermicelli (Khanom Jin) from Dried Noodles","title_color":"#1c1c1c","typography_typography":"custom","typography_font_family":"Lora","typography_font_size":{"unit":"px","size":24,"sizes":[]},"typography_font_weight":"300","typography_line_height":{"unit":"em","size":1.5,"sizes":[]},"_padding":{"unit":"px","top":"0","right":"0","bottom":"0","left":"15","isLinked":false},"typography_font_size_tablet":{"unit":"px","size":16,"sizes":[]}},"elements":[],"isInner":false,"widgetType":"heading","elType":"widget"},{"id":"5106b568","settings":{"editor":"<p>The noodles weren\u2019t available anywhere, which is understandable considering how difficult it is to make them at all let alone on a large scale commercially.<\/p>","text_color":"#666666","typography_typography":"custom","typography_font_family":"Poppins","typography_font_size":{"unit":"px","size":18,"sizes":[]},"_padding":{"unit":"px","top":"0","right":"0","bottom":"0","left":"15","isLinked":false},"typography_font_size_tablet":{"unit":"px","size":15,"sizes":[]}},"elements":[],"isInner":false,"widgetType":"text-editor","elType":"widget"}],"isInner":true,"elType":"column"}],"isInner":true,"elType":"section"}],"isInner":false,"elType":"column"}],"isInner":false,"elType":"section"},{"id":"149c63e0","settings":{"layout":"full_width","slider_delay":"5000"},"elements":[{"id":"823b80c","settings":{"_column_size":100,"slider_delay":"5000","padding":{"unit":"px","top":"0","right":"0","bottom":"0","left":"0","isLinked":false},"margin":{"unit":"px","top":"0","right":"0","bottom":"0","left":"0","isLinked":false}},"elements":[{"id":"7cac11b8","settings":{"content_width":{"unit":"px","size":1980,"sizes":[]},"structure":"40","slider_delay":"5000","custom_height_inner":{"unit":"px","size":"","sizes":[]},"margin":{"unit":"px","top":"0","right":0,"bottom":"0","left":0,"isLinked":false},"padding":{"unit":"px","top":"0","right":"0","bottom":"0","left":"0","isLinked":false}},"elements":[{"id":"6313ae67","settings":{"_column_size":25,"_inline_size":17.39999999999999857891452847979962825775146484375,"slider_delay":"5000","background_background":"classic","padding":{"unit":"px","top":"0","right":"0","bottom":"0","left":"0","isLinked":false},"_inline_size_tablet":50,"_inline_size_mobile":100,"css_classes":"gc-cta-col"},"elements":[{"id":"10311385","settings":{"space":{"unit":"px","size":320,"sizes":[]},"_background_background":"classic","_background_image":{"url":"https:\/\/wpbuilt.co\/demo\/wp-content\/uploads\/2020\/02\/stay-connected-img-1.jpg","id":6094},"_background_size":"cover","space_tablet":{"unit":"px","size":320,"sizes":[]},"_animation":"zoomInLeft","_animation_mobile":"fadeIn","_margin_mobile":{"unit":"px","top":"0","right":"10","bottom":"0","left":"10","isLinked":false}},"elements":[],"isInner":false,"widgetType":"spacer","elType":"widget"},{"id":"17b19e52","settings":{"space":{"unit":"px","size":320,"sizes":[]},"_margin":{"unit":"px","top":"-20","right":"0","bottom":"0","left":"0","isLinked":false},"_padding":{"unit":"px","top":"0","right":"0","bottom":"0","left":"0","isLinked":false},"_background_background":"classic","_background_image":{"url":"https:\/\/wpbuilt.co\/demo\/wp-content\/uploads\/2020\/02\/stay-connected-img-2.jpg","id":6095},"_background_size":"cover","_animation":"zoomInLeft","_animation_delay":200,"_margin_mobile":{"unit":"px","top":"0","right":"10","bottom":"0","left":"10","isLinked":false},"_animation_mobile":"fadeIn"},"elements":[],"isInner":false,"widgetType":"spacer","elType":"widget"}],"isInner":true,"elType":"column"},{"id":"24eb8e9b","settings":{"_column_size":25,"_inline_size":32.60000000000000142108547152020037174224853515625,"slider_delay":"5000","background_background":"classic","padding":{"unit":"px","top":"0","right":"0","bottom":"0","left":"0","isLinked":false},"_inline_size_tablet":50,"_inline_size_mobile":100,"margin_mobile":{"unit":"px","top":"20","right":"10","bottom":"0","left":"10","isLinked":false},"padding_mobile":{"unit":"px","top":"0","right":"0","bottom":"0","left":"0","isLinked":false}},"elements":[{"id":"21c1f1dd","settings":{"space":{"unit":"px","size":640,"sizes":[]},"_background_background":"classic","_background_image":{"url":"https:\/\/wpbuilt.co\/demo\/wp-content\/uploads\/2020\/02\/stay-connected-img-3.jpg","id":6096},"_background_position":"center center","_background_repeat":"no-repeat","_background_size":"cover","_animation":"zoomIn","space_mobile":{"unit":"px","size":320,"sizes":[]},"_animation_mobile":"fadeIn"},"elements":[],"isInner":false,"widgetType":"spacer","elType":"widget"}],"isInner":true,"elType":"column"},{"id":"7df3962e","settings":{"_column_size":25,"_inline_size":32.60000000000000142108547152020037174224853515625,"slider_delay":"5000","background_background":"classic","background_color":"#f9f9f9","padding":{"unit":"px","top":"155","right":"60","bottom":"105","left":"60","isLinked":false},"_inline_size_tablet":50,"content_position_tablet":"center","padding_tablet":{"unit":"px","top":"0","right":"0","bottom":"0","left":"0","isLinked":false},"padding_mobile":{"unit":"px","top":"20","right":"10","bottom":"20","left":"10","isLinked":false},"animation":"fadeIn","margin_mobile":{"unit":"px","top":"20","right":"10","bottom":"20","left":"10","isLinked":false}},"elements":[{"id":"52eb456a","settings":{"editor":"<p>Stay connected<\/p>","text_color":"#fc6d4f","typography_typography":"custom","typography_font_family":"Poppins","typography_font_size":{"unit":"px","size":12,"sizes":[]},"typography_font_weight":"300","typography_text_transform":"uppercase","typography_letter_spacing":{"unit":"px","size":1,"sizes":[]},"align":"center"},"elements":[],"isInner":false,"widgetType":"text-editor","elType":"widget"},{"id":"21f45f50","settings":{"title":"Follow @bistro on for free cuisines!","align":"center","title_color":"#1c1c1c","typography_typography":"custom","typography_font_family":"Lora","typography_font_size":{"unit":"px","size":48.18999999999999772626324556767940521240234375,"sizes":[]},"typography_font_weight":"400","typography_line_height":{"unit":"em","size":1.3000000000000000444089209850062616169452667236328125,"sizes":[]},"_margin":{"unit":"px","top":"0","right":"0","bottom":"0","left":"0","isLinked":false},"_padding":{"unit":"px","top":"0","right":"0","bottom":"50","left":"0","isLinked":false},"typography_font_size_mobile":{"unit":"px","size":28,"sizes":[]}},"elements":[],"isInner":false,"widgetType":"heading","elType":"widget"},{"id":"7607dedf","settings":{"text":"Follow us on Instagram","align":"center","selected_icon":{"value":{"url":"https:\/\/wpbuilt.co\/demo\/wp-content\/uploads\/2020\/01\/right-white.svg","id":4593},"library":"svg"},"icon_align":"right","typography_typography":"custom","typography_font_family":"Poppins","typography_font_size":{"unit":"px","size":18,"sizes":[]},"typography_font_weight":"600","typography_text_transform":"uppercase","background_color":"#fc6d4f","hover_color":"#fc6d4f","button_background_hover_color":"rgba(255,255,255,0)","border_border":"solid","border_width":{"unit":"px","top":"1","right":"1","bottom":"1","left":"1","isLinked":true},"border_color":"#fc6d4f","text_padding":{"unit":"px","top":"20","right":"40","bottom":"20","left":"40","isLinked":false},"_css_classes":"gc-arrow-btn","typography_font_size_mobile":{"unit":"px","size":13,"sizes":[]},"link":{"url":"https:\/\/www.instagram.com\/","is_external":"on","nofollow":"","custom_attributes":""},"typography_letter_spacing":{"unit":"px","size":1.600000000000000088817841970012523233890533447265625,"sizes":[]},"border_radius":{"unit":"px","top":"0","right":"0","bottom":"0","left":"0","isLinked":false},"text_padding_tablet":{"unit":"px","top":"15","right":"20","bottom":"15","left":"20","isLinked":false}},"elements":[],"isInner":false,"widgetType":"button","elType":"widget"}],"isInner":true,"elType":"column"},{"id":"3e6dca94","settings":{"_column_size":25,"_inline_size":17.39999999999999857891452847979962825775146484375,"slider_delay":"5000","padding":{"unit":"px","top":"0","right":"0","bottom":"0","left":"0","isLinked":false},"_inline_size_tablet":50,"_inline_size_mobile":100,"css_classes":"gc-cta-col"},"elements":[{"id":"10b648b","settings":{"space":{"unit":"px","size":320,"sizes":[]},"_background_background":"classic","_background_image":{"url":"https:\/\/wpbuilt.co\/demo\/wp-content\/uploads\/2020\/02\/stay-connected-img-4.jpg","id":6097},"_background_position":"center center","_background_size":"cover","_animation":"zoomInRight","_animation_delay":200,"_animation_mobile":"fadeIn","_margin_mobile":{"unit":"px","top":"20","right":"10","bottom":"0","left":"10","isLinked":false},"_padding_mobile":{"unit":"px","top":"0","right":"0","bottom":"0","left":"0","isLinked":false}},"elements":[],"isInner":false,"widgetType":"spacer","elType":"widget"},{"id":"5ab0684","settings":{"space":{"unit":"px","size":320,"sizes":[]},"_margin":{"unit":"px","top":"-20","right":"0","bottom":"0","left":"0","isLinked":false},"_background_background":"classic","_background_image":{"url":"https:\/\/wpbuilt.co\/demo\/wp-content\/uploads\/2020\/02\/stay-connected-img-5.jpg","id":6098},"_margin_mobile":{"unit":"px","top":"0","right":"10","bottom":"0","left":"10","isLinked":false},"_padding_mobile":{"unit":"px","top":"0","right":"0","bottom":"0","left":"0","isLinked":false},"_animation":"zoomInRight","_background_repeat":"no-repeat","_animation_mobile":"fadeIn","_background_size_tablet":"cover","_background_size_mobile":"cover","_background_size":"cover"},"elements":[],"isInner":false,"widgetType":"spacer","elType":"widget"}],"isInner":true,"elType":"column"}],"isInner":true,"elType":"section"}],"isInner":false,"elType":"column"}],"isInner":false,"elType":"section"},{"id":"2c4a06a7","settings":{"layout":"full_width","slider_delay":"5000","padding":{"unit":"px","top":"55","right":"0","bottom":"95","left":"0","isLinked":false},"padding_tablet":{"unit":"px","top":"30","right":"0","bottom":"0","left":"0","isLinked":false},"animation":"fadeIn","css_classes":"gc-footer-section","padding_mobile":{"unit":"px","top":"10","right":"0","bottom":"0","left":"0","isLinked":false}},"elements":[{"id":"7bb80b08","settings":{"_column_size":100,"slider_delay":"5000"},"elements":[{"id":"67d3b0b8","settings":{"content_width":{"unit":"px","size":1220,"sizes":[]},"structure":"40","slider_delay":"5000","padding_tablet":{"unit":"px","top":"0","right":"20","bottom":"0","left":"20","isLinked":false}},"elements":[{"id":"68592203","settings":{"_column_size":25,"_inline_size":null,"slider_delay":"5000","_inline_size_tablet":50},"elements":[{"id":"3a3088d7","settings":{"image":{"url":"https:\/\/wpbuilt.co\/demo\/wp-content\/uploads\/2020\/02\/header-logo-resto.png","id":6081},"align":"left","link_to":"custom","link":{"url":"https:\/\/wpbuilt.co\/demo\/templatekit_restaurant\/","is_external":"","nofollow":""},"_padding":{"unit":"px","top":"0","right":"0","bottom":"20","left":"0","isLinked":false},"align_mobile":"center"},"elements":[],"isInner":false,"widgetType":"image","elType":"widget"},{"id":"3ac638c5","settings":{"social_icon_list":[{"social_icon":{"value":{"url":"https:\/\/wpbuilt.co\/demo\/wp-content\/uploads\/2020\/03\/facebook-f-brands.svg","id":6599},"library":"svg"},"_id":"f78288e","link":{"url":"https:\/\/www.facebook.com\/","is_external":"true","nofollow":""},"item_icon_color":"custom","item_icon_primary_color":"","item_icon_secondary_color":""},{"social_icon":{"value":"fab fa-twitter","library":"fa-brands"},"_id":"1eec998","link":{"url":"https:\/\/www.twitter.com\/","is_external":"true","nofollow":""},"item_icon_color":"default","item_icon_primary_color":"","item_icon_secondary_color":""},{"social_icon":{"value":"fab fa-instagram","library":"fa-brands"},"_id":"583e55f","link":{"url":"https:\/\/www.instagram.com\/","is_external":"true","nofollow":""},"item_icon_color":"default","item_icon_primary_color":"","item_icon_secondary_color":""},{"social_icon":{"value":{"url":"https:\/\/wpbuilt.co\/demo\/wp-content\/uploads\/2020\/03\/linkedin-in-brands.svg","id":6598},"library":"svg"},"_id":"6a5f062","link":{"url":"https:\/\/www.linkedin.com\/","is_external":"true","nofollow":""},"item_icon_color":"default","item_icon_primary_color":"","item_icon_secondary_color":""}],"shape":"square","align":"left","icon_color":"custom","icon_primary_color":"#F9F9F9","icon_secondary_color":"#FC6D4F","icon_spacing":{"unit":"px","size":10,"sizes":[]},"align_mobile":"center","icon_size_tablet":{"unit":"px","size":20,"sizes":[]}},"elements":[],"isInner":false,"widgetType":"social-icons","elType":"widget"}],"isInner":true,"elType":"column"},{"id":"7046037b","settings":{"_column_size":25,"_inline_size":23.52499999999999857891452847979962825775146484375,"slider_delay":"5000","_inline_size_tablet":50},"elements":[{"id":"2f0cf987","settings":{"title":"Quick Links","header_size":"h3","title_color":"#1c1c1c","typography_typography":"custom","typography_font_family":"Poppins","typography_font_size":{"unit":"px","size":18.21000000000000085265128291212022304534912109375,"sizes":[]},"typography_font_weight":"500","typography_text_transform":"uppercase","_padding":{"unit":"px","top":"0","right":"0","bottom":"20","left":"0","isLinked":false},"align_mobile":"center"},"elements":[],"isInner":false,"widgetType":"heading","elType":"widget"},{"id":"7a0b01a1","settings":{"icon_list":[{"text":"Home","selected_icon":{"value":"","library":""},"_id":"062708b","link":{"url":"https:\/\/wpbuilt.co\/demo\/templatekit_restaurant\/","is_external":"","nofollow":""}},{"text":"About","selected_icon":{"value":"","library":""},"_id":"44b5dd0","link":{"url":"https:\/\/wpbuilt.co\/demo\/templatekit-restaurant-about\/","is_external":"","nofollow":""}},{"text":"Menu","selected_icon":{"value":"","library":""},"_id":"4743780","link":{"url":"https:\/\/wpbuilt.co\/demo\/template-kit-menu\/","is_external":"","nofollow":""}},{"text":"News","selected_icon":{"value":"","library":""},"_id":"ffc1d7f","link":{"url":"https:\/\/wpbuilt.co\/demo\/template-kit-blogs\/","is_external":"","nofollow":""}},{"text":"Contact","selected_icon":{"value":"","library":""},"_id":"526615d","link":{"url":"https:\/\/wpbuilt.co\/demo\/template_kit-contact\/","is_external":"","nofollow":""}}],"space_between":{"unit":"px","size":5,"sizes":[]},"text_color":"#666666","text_color_hover":"#1c1c1c","text_indent":{"unit":"px","size":0,"sizes":[]},"icon_typography_typography":"custom","icon_typography_font_family":"Poppins","icon_typography_font_size":{"unit":"px","size":18,"sizes":[]},"icon_typography_font_weight":"400","icon_align_mobile":"center","icon_typography_font_size_tablet":{"unit":"px","size":16,"sizes":[]}},"elements":[],"isInner":false,"widgetType":"icon-list","elType":"widget"}],"isInner":true,"elType":"column"},{"id":"1f30cdd8","settings":{"_column_size":25,"_inline_size":26.47500000000000142108547152020037174224853515625,"slider_delay":"5000","_inline_size_tablet":50},"elements":[{"id":"5b6cfcd0","settings":{"title":"Have a questions?","header_size":"h3","title_color":"#1c1c1c","typography_typography":"custom","typography_font_family":"Poppins","typography_font_size":{"unit":"px","size":18.21000000000000085265128291212022304534912109375,"sizes":[]},"typography_font_weight":"500","typography_text_transform":"uppercase","_padding":{"unit":"px","top":"0","right":"0","bottom":"20","left":"0","isLinked":false},"align_mobile":"center"},"elements":[],"isInner":false,"widgetType":"heading","elType":"widget"},{"id":"1a94e9ad","settings":{"icon_list":[{"text":"143 Dummy St.  San Francisco, California, USA","selected_icon":{"value":"fas fa-map-marker-alt","library":"fa-solid"},"_id":"7530322","link":{"url":"https:\/\/goo.gl\/maps\/mxbL3JjxuubCqbhL6","is_external":"on","nofollow":""}},{"text":"+ 123 456 7890","selected_icon":{"value":"fas fa-phone-alt","library":"fa-solid"},"_id":"20389a6","link":{"url":"tel:+ 123 456 7890","is_external":"","nofollow":""}},{"text":"info@bistro.com","selected_icon":{"value":"fas fa-envelope","library":"fa-solid"},"_id":"a3196ec","link":{"url":"mailto:info@bistro.com","is_external":"","nofollow":""}}],"space_between":{"unit":"px","size":25,"sizes":[]},"icon_color":"#fc6d4f","icon_size":{"unit":"px","size":27,"sizes":[]},"icon_self_align":"left","text_color":"#666666","text_color_hover":"#1c1c1c","text_indent":{"unit":"px","size":0,"sizes":[]},"icon_typography_typography":"custom","icon_typography_font_family":"Poppins","icon_typography_font_size":{"unit":"px","size":18,"sizes":[]},"icon_typography_font_weight":"400","icon_align_mobile":"center","icon_typography_font_size_tablet":{"unit":"px","size":16,"sizes":[]}},"elements":[],"isInner":false,"widgetType":"icon-list","elType":"widget"}],"isInner":true,"elType":"column"},{"id":"64dfa2ee","settings":{"_column_size":25,"_inline_size":null,"slider_delay":"5000","_inline_size_tablet":50},"elements":[{"id":"5e7f642f","settings":{"title":"opening hours","header_size":"h3","title_color":"#1c1c1c","typography_typography":"custom","typography_font_family":"Poppins","typography_font_size":{"unit":"px","size":18.21000000000000085265128291212022304534912109375,"sizes":[]},"typography_font_weight":"500","typography_text_transform":"uppercase","_padding":{"unit":"px","top":"0","right":"0","bottom":"20","left":"0","isLinked":false},"align_mobile":"center"},"elements":[],"isInner":false,"widgetType":"heading","elType":"widget"},{"id":"3e7725f6","settings":{"icon_list":[{"text":"Mon to Fri : 8:00 AM - 9:00 PM","selected_icon":{"value":"","library":""},"_id":"0fe29cf","link":{"url":"","is_external":"","nofollow":""}},{"text":"Saturday :\t8:00 AM - 11:00 PM","selected_icon":{"value":"","library":""},"_id":"7e89066","link":{"url":"","is_external":"","nofollow":""}},{"text":"Holidays:\t10:00 AM - 12:00 PM","selected_icon":{"value":"","library":""},"_id":"54e8fc8","link":{"url":"","is_external":"","nofollow":""}}],"text_color":"#666666","icon_typography_typography":"custom","icon_typography_font_family":"Poppins","icon_typography_font_size":{"unit":"px","size":18,"sizes":[]},"icon_align_mobile":"center","icon_typography_font_size_tablet":{"unit":"px","size":16,"sizes":[]}},"elements":[],"isInner":false,"widgetType":"icon-list","elType":"widget"}],"isInner":true,"elType":"column"}],"isInner":true,"elType":"section"}],"isInner":false,"elType":"column"}],"isInner":false,"elType":"section"},{"id":"4dacf9ac","settings":{"content_width":{"unit":"px","size":1920,"sizes":[]},"border_border":"solid","border_width":{"unit":"px","top":"1","right":"0","bottom":"0","left":"0","isLinked":false},"border_color":"#bdbebd","border_radius":{"unit":"px","top":"0","right":"0","bottom":"0","left":"0","isLinked":false},"slider_delay":"5000","padding":{"unit":"px","top":"25","right":"0","bottom":"25","left":"0","isLinked":false},"animation":"fadeInUp"},"elements":[{"id":"21a4f569","settings":{"_column_size":100,"slider_delay":"5000"},"elements":[{"id":"7098bfef","settings":{"title":"\u00a9 bistro 2020.all rights reserved.","header_size":"h3","align":"center","title_color":"#666666","typography_typography":"custom","typography_font_family":"Poppins","typography_font_size":{"unit":"px","size":18.21000000000000085265128291212022304534912109375,"sizes":[]},"typography_font_weight":"400","typography_text_transform":"uppercase","typography_letter_spacing":{"unit":"px","size":1.100000000000000088817841970012523233890533447265625,"sizes":[]},"typography_font_size_mobile":{"unit":"px","size":15,"sizes":[]}},"elements":[],"isInner":false,"widgetType":"heading","elType":"widget"}],"isInner":false,"elType":"column"}],"isInner":false,"elType":"section"}],"page_settings":{"custom_css":".gc-arrow-btn svg {\n    height: auto;\n}\n.arrow-diagonal svg {\n    transform: rotate(-45deg);\n}\n.gc-nav-link a:hover{\n    font-weight: 500;\n    color: #000;\n}\n.gc-shadow-img img{\n    box-shadow: 26px 20px 20px -3px rgba(0, 0, 0, 0.28);\n}\n.gc-shadow-img-2 img{\n    box-shadow: -30px 18px 20px -3px rgba(0, 0, 0, 0.15)\n}\n.arrow-diagonal{\n    opacity: 0;\n}\n.gc-latest-news:hover .arrow-diagonal{\n    opacity: 1;\n    \n}\n.gc-footer-section path{\n    color: #FC6D4F;\n}\n\n\/**Responsive Here**\/\n@media screen and (max-width:1620px){\n    .gc-home-leaf img,.gc-home-tomato img{\n        display:none !important;\n    }\n}\n@media screen and (max-width:1025px) and (min-width:768px) {\n    .gc-offer-section {\n        padding:80px 0px 60px 0px !important\n}\n .elementor-6067 .elementor-element.elementor-element-b4ff10a:not(.elementor-motion-effects-element-type-background){\n         background-image:none;\n\n }\n}\n@media screen and (max-width:1025px){\n    br{\n    display:none;\n}\n}\n @media screen and (max-width:767px){\n    .gc-banner-section{\n        background-image:none !important;\n        background-color:#f9f9f9 !important;\n    }\n}\n@media screen and  (max-width:680px){\n    .gc-quote img {\n        display:none !important;\n    }\n}\n@media screen and (max-width:767px) and (min-width:568px){\n    .elementor-6067 .elementor-element.elementor-element-f05e5ad > .elementor-element-populated,.elementor-6067 .elementor-element.elementor-element-2e215f3 > .elementor-element-populated{\n            padding: 40px 130px 0px 130px;\n    } \n}\n\n@media screen and (max-width:767px) and (min-width:480px){\n\n    .gc-cta-col .elementor-widget-wrap>.elementor-element{\n            width:50%;\n}\n.elementor-6067 .elementor-element.elementor-element-f95a6da > .elementor-element-populated,.elementor-6067 .elementor-element.elementor-element-76c5322 > .elementor-widget-container{\n    margin: 0 10px 0 10px ;\n}\n}\n@media screen and (max-width:480px){\n    .gc-shadow-img-2 img{\n        display:none !important;\n    }\n}\n@media screen and  (max-width:366px){\n .gc-nav-link span.elementor-button-icon.elementor-align-icon-right{\n        display:none;\n}\n.elementor-6067 .elementor-element.elementor-element-788f03a > .elementor-element-populated{\n    margin:20px 10px 0 10px;\n}\n}\n\/**Map Marker**\/\n\n@media screen and (max-width:425px) and (min-width:381px){\n    .gc-footer-section .fa-map-marker-alt:before {\n    margin: 0px 0 0 30px;\n}\n    \n}\n@media screen and (max-width:380px){\n    .gc-footer-section .fa-map-marker-alt:before{\n            margin: 0 0 0 20px;\n\n    }\n}","template":"elementor_header_footer"}}