{
    "version": "0.4",
    "title": "404 Page",
    "type": "section",
    "metadata": {
        "template_type": "single-404",
        "include_in_zip": "1",
        "elementor_pro_required": null,
        "wp_page_template": "elementor_canvas"
    },
    "content": [
        {
            "id": "161af48e",
            "settings": {
                "content_width": {
                    "unit": "px",
                    "size": 1300,
                    "sizes": []
                },
                "gap": "no",
                "padding": {
                    "unit": "px",
                    "top": "20",
                    "right": "50",
                    "bottom": "50",
                    "left": "50",
                    "isLinked": false
                },
                "padding_tablet": {
                    "unit": "px",
                    "top": "20",
                    "right": "10",
                    "bottom": "50",
                    "left": "10",
                    "isLinked": false
                }
            },
            "elements": [
                {
                    "id": "7816bdff",
                    "settings": {
                        "_column_size": 100,
                        "_inline_size": null,
                        "background_background": "classic",
                        "background_image": {
                            "url": "https:\/\/templatekit.jegtheme.com\/ristera\/wp-content\/uploads\/sites\/211\/2021\/11\/restaurant.jpg",
                            "id": 598,
                            "alt": "restaurant",
                            "source": "library"
                        },
                        "background_position": "center center",
                        "background_size": "cover",
                        "background_overlay_background": "classic",
                        "background_overlay_color": "#000000",
                        "background_overlay_opacity": {
                            "unit": "px",
                            "size": 0.7,
                            "sizes": []
                        },
                        "border_radius": {
                            "unit": "px",
                            "top": "10",
                            "right": "10",
                            "bottom": "10",
                            "left": "10",
                            "isLinked": true
                        },
                        "padding": {
                            "unit": "px",
                            "top": "250",
                            "right": "0",
                            "bottom": "250",
                            "left": "0",
                            "isLinked": false
                        },
                        "__globals__": {
                            "background_color": "globals\/colors?id=69960d1"
                        },
                        "padding_tablet": {
                            "unit": "px",
                            "top": "250",
                            "right": "10",
                            "bottom": "250",
                            "left": "10",
                            "isLinked": false
                        },
                        "padding_mobile": {
                            "unit": "px",
                            "top": "150",
                            "right": "10",
                            "bottom": "150",
                            "left": "10",
                            "isLinked": false
                        }
                    },
                    "elements": [
                        {
                            "id": "5ec87195",
                            "settings": {
                                "content_width": {
                                    "unit": "px",
                                    "size": 900,
                                    "sizes": []
                                },
                                "gap": "no",
                                "structure": "20"
                            },
                            "elements": [
                                {
                                    "id": "630b40f9",
                                    "settings": {
                                        "_column_size": 50,
                                        "_inline_size": null,
                                        "content_position": "center",
                                        "margin": {
                                            "unit": "px",
                                            "top": "0",
                                            "right": "30",
                                            "bottom": "0",
                                            "left": "0",
                                            "isLinked": false
                                        },
                                        "margin_mobile": {
                                            "unit": "px",
                                            "top": "0",
                                            "right": "0",
                                            "bottom": "0",
                                            "left": "0",
                                            "isLinked": false
                                        }
                                    },
                                    "elements": [
                                        {
                                            "id": "713193e9",
                                            "settings": {
                                                "title": "404",
                                                "align": "right",
                                                "title_color": "#FFFFFF",
                                                "align_mobile": "center",
                                                "__globals__": {
                                                    "typography_typography": "globals\/typography?id=95b4abf"
                                                },
                                                "_margin": {
                                                    "unit": "px",
                                                    "top": "-25",
                                                    "right": "0",
                                                    "bottom": "-25",
                                                    "left": "0",
                                                    "isLinked": false
                                                }
                                            },
                                            "elements": [],
                                            "isInner": false,
                                            "widgetType": "heading",
                                            "elType": "widget"
                                        }
                                    ],
                                    "isInner": true,
                                    "elType": "column"
                                },
                                {
                                    "id": "2787a619",
                                    "settings": {
                                        "_column_size": 50,
                                        "_inline_size": null,
                                        "border_border": "solid",
                                        "border_width": {
                                            "unit": "px",
                                            "top": "0",
                                            "right": "0",
                                            "bottom": "0",
                                            "left": "1",
                                            "isLinked": false
                                        },
                                        "margin": {
                                            "unit": "px",
                                            "top": "0",
                                            "right": "0",
                                            "bottom": "0",
                                            "left": "0",
                                            "isLinked": false
                                        },
                                        "padding": {
                                            "unit": "px",
                                            "top": "0",
                                            "right": "0",
                                            "bottom": "0",
                                            "left": "30",
                                            "isLinked": false
                                        },
                                        "__globals__": {
                                            "border_color": "globals\/colors?id=752b75c"
                                        },
                                        "border_width_mobile": {
                                            "unit": "px",
                                            "top": "0",
                                            "right": "0",
                                            "bottom": "0",
                                            "left": "0",
                                            "isLinked": false
                                        },
                                        "margin_mobile": {
                                            "unit": "px",
                                            "top": "40",
                                            "right": "0",
                                            "bottom": "0",
                                            "left": "0",
                                            "isLinked": false
                                        },
                                        "padding_mobile": {
                                            "unit": "px",
                                            "top": "0",
                                            "right": "0",
                                            "bottom": "0",
                                            "left": "0",
                                            "isLinked": false
                                        },
                                        "content_position": "center",
                                        "align_mobile": "center"
                                    },
                                    "elements": [
                                        {
                                            "id": "66e054ae",
                                            "settings": {
                                                "title": "Page Not Found",
                                                "align": "left",
                                                "title_color": "#FFFFFF",
                                                "_margin": {
                                                    "unit": "px",
                                                    "top": "0",
                                                    "right": "0",
                                                    "bottom": "0",
                                                    "left": "0",
                                                    "isLinked": false
                                                },
                                                "__globals__": {
                                                    "typography_typography": "globals\/typography?id=5e33d32",
                                                    "title_color": ""
                                                },
                                                "_margin_mobile": {
                                                    "unit": "px",
                                                    "top": "-10",
                                                    "right": "0",
                                                    "bottom": "-10",
                                                    "left": "0",
                                                    "isLinked": false
                                                },
                                                "align_mobile": "center"
                                            },
                                            "elements": [],
                                            "isInner": false,
                                            "widgetType": "heading",
                                            "elType": "widget"
                                        },
                                        {
                                            "id": "7f789e3c",
                                            "settings": {
                                                "editor": "Lorem ipsum dolor sit amet, consectetur adipiscing elit, sed do eiusmod tempor incididunt ut labore.",
                                                "__globals__": {
                                                    "text_color": "",
                                                    "typography_typography": "globals\/typography?id=text"
                                                },
                                                "text_color": "#FFFFFF",
                                                "align_mobile": "center",
                                                "typography_line_height": {
                                                    "unit": "em",
                                                    "size": "",
                                                    "sizes": []
                                                },
                                                "drop_cap_typography_line_height": {
                                                    "unit": "em",
                                                    "size": "",
                                                    "sizes": []
                                                }
                                            },
                                            "elements": [],
                                            "isInner": false,
                                            "widgetType": "text-editor",
                                            "elType": "widget"
                                        },
                                        {
                                            "id": "570ff3bc",
                                            "settings": {
                                                "sg_content_label": "Back to Home",
                                                "sg_content_icon_enable": "",
                                                "sg_content_icon": {
                                                    "value": "fas fa-phone-alt",
                                                    "library": "fa-solid"
                                                },
                                                "st_button_width_responsive": {
                                                    "unit": "%",
                                                    "size": 100,
                                                    "sizes": []
                                                },
                                                "st_button_padding_responsive": {
                                                    "unit": "px",
                                                    "top": "16",
                                                    "right": "40",
                                                    "bottom": "16",
                                                    "left": "40",
                                                    "isLinked": false
                                                },
                                                "st_button_normal_color_responsive": "#FFFFFF",
                                                "st_button_normal_background_background_background": "gradient",
                                                "st_button_hover_background_background_background": "gradient",
                                                "st_border_normal_border_border_width": {
                                                    "unit": "px",
                                                    "top": "1",
                                                    "right": "1",
                                                    "bottom": "1",
                                                    "left": "1",
                                                    "isLinked": true
                                                },
                                                "st_border_normal_border_border_color": "#194B81",
                                                "st_border_normal_border_radius_responsive": {
                                                    "unit": "px",
                                                    "top": "50",
                                                    "right": "50",
                                                    "bottom": "50",
                                                    "left": "50",
                                                    "isLinked": true
                                                },
                                                "st_icon_size_responsive": {
                                                    "unit": "px",
                                                    "size": 14,
                                                    "sizes": []
                                                },
                                                "st_icon_spacing_responsive": {
                                                    "unit": "px",
                                                    "size": 10,
                                                    "sizes": []
                                                },
                                                "st_icon_vertical_position_responsive": {
                                                    "unit": "px",
                                                    "size": -1,
                                                    "sizes": []
                                                },
                                                "_element_width": "auto",
                                                "__globals__": {
                                                    "st_button_typography_content_typography_typography": "globals\/typography?id=7ebb5c9",
                                                    "st_button_normal_background_background_color": "globals\/colors?id=a745ffd",
                                                    "st_button_hover_background_background_color": "globals\/colors?id=752b75c",
                                                    "st_button_normal_background_background_color_b": "globals\/colors?id=e1d46cd",
                                                    "st_button_hover_background_background_color_b": "globals\/colors?id=752b75c"
                                                },
                                                "st_button_typography_content_typography_typography": "custom",
                                                "st_button_typography_content_typography_font_family": "DM Sans",
                                                "st_button_typography_content_typography_font_size": {
                                                    "unit": "px",
                                                    "size": 16,
                                                    "sizes": []
                                                },
                                                "st_button_typography_content_typography_font_weight": "400",
                                                "st_button_typography_content_typography_line_height": {
                                                    "unit": "em",
                                                    "size": "",
                                                    "sizes": []
                                                },
                                                "st_button_normal_background_background_color_b_stop": {
                                                    "unit": "%",
                                                    "size": 75,
                                                    "sizes": []
                                                },
                                                "st_button_normal_background_background_gradient_angle": {
                                                    "unit": "deg",
                                                    "size": 190,
                                                    "sizes": []
                                                }
                                            },
                                            "elements": [],
                                            "isInner": false,
                                            "widgetType": "jkit_button",
                                            "elType": "widget"
                                        }
                                    ],
                                    "isInner": true,
                                    "elType": "column"
                                }
                            ],
                            "isInner": true,
                            "elType": "section"
                        }
                    ],
                    "isInner": false,
                    "elType": "column"
                }
            ],
            "isInner": false,
            "elType": "section"
        }
    ]
}