{
    "version": "0.4",
    "title": "Blog",
    "type": "page",
    "metadata": {
        "template_type": "single-page",
        "include_in_zip": "1",
        "elementor_pro_required": null,
        "wp_page_template": "elementor_canvas"
    },
    "content": [
        {
            "id": "5c362b63",
            "settings": {
                "content_width": {
                    "unit": "px",
                    "size": 1300,
                    "sizes": []
                },
                "gap": "no",
                "padding": {
                    "unit": "px",
                    "top": "20",
                    "right": "50",
                    "bottom": "30",
                    "left": "50",
                    "isLinked": false
                },
                "padding_tablet": {
                    "unit": "px",
                    "top": "20",
                    "right": "10",
                    "bottom": "30",
                    "left": "10",
                    "isLinked": false
                },
                "padding_mobile": {
                    "unit": "px",
                    "top": "20",
                    "right": "10",
                    "bottom": "30",
                    "left": "10",
                    "isLinked": false
                }
            },
            "elements": [
                {
                    "id": "48148ed4",
                    "settings": {
                        "_column_size": 100,
                        "_inline_size": null,
                        "background_background": "classic",
                        "border_radius": {
                            "unit": "px",
                            "top": "10",
                            "right": "10",
                            "bottom": "10",
                            "left": "10",
                            "isLinked": true
                        },
                        "__globals__": {
                            "background_color": ""
                        },
                        "background_color": "#F7F6F2",
                        "background_image": {
                            "url": "https:\/\/templatekit.jegtheme.com\/ristera\/wp-content\/uploads\/sites\/211\/2021\/11\/two-women-eating-and-talking-in-a-restaurant.jpg",
                            "id": 794,
                            "alt": "Two women eating and talking in a restaurant",
                            "source": "library"
                        },
                        "background_position": "center center",
                        "background_size": "cover",
                        "background_overlay_background": "classic",
                        "background_overlay_color": "#000000",
                        "background_overlay_opacity": {
                            "unit": "px",
                            "size": 0.7,
                            "sizes": []
                        },
                        "padding": {
                            "unit": "px",
                            "top": "130",
                            "right": "0",
                            "bottom": "130",
                            "left": "60",
                            "isLinked": false
                        },
                        "padding_tablet": {
                            "unit": "px",
                            "top": "130",
                            "right": "0",
                            "bottom": "130",
                            "left": "0",
                            "isLinked": false
                        }
                    },
                    "elements": [
                        {
                            "id": "33121de1",
                            "settings": {
                                "title": "Blog",
                                "_margin": {
                                    "unit": "px",
                                    "top": "0",
                                    "right": "0",
                                    "bottom": "0",
                                    "left": "0",
                                    "isLinked": false
                                },
                                "__globals__": {
                                    "typography_typography": "globals\/typography?id=4641087",
                                    "title_color": ""
                                },
                                "_margin_mobile": {
                                    "unit": "px",
                                    "top": "-10",
                                    "right": "0",
                                    "bottom": "-10",
                                    "left": "0",
                                    "isLinked": false
                                },
                                "title_color": "#FFFFFF",
                                "align_tablet": "center"
                            },
                            "elements": [],
                            "isInner": false,
                            "widgetType": "heading",
                            "elType": "widget"
                        },
                        {
                            "id": "761cbc32",
                            "settings": {
                                "view": "inline",
                                "icon_list": [
                                    {
                                        "text": "Home ",
                                        "selected_icon": {
                                            "value": "",
                                            "library": ""
                                        },
                                        "_id": "94fb3ff"
                                    },
                                    {
                                        "text": "Blog",
                                        "selected_icon": {
                                            "value": "fas fa-chevron-right",
                                            "library": "fa-solid"
                                        },
                                        "_id": "c03ff5a"
                                    }
                                ],
                                "space_between": {
                                    "unit": "px",
                                    "size": 5,
                                    "sizes": []
                                },
                                "icon_size": {
                                    "unit": "px",
                                    "size": 18,
                                    "sizes": []
                                },
                                "icon_self_align": "center",
                                "text_color": "#FFFFFF",
                                "__globals__": {
                                    "icon_color": "globals\/colors?id=752b75c",
                                    "text_color_hover": "globals\/colors?id=752b75c"
                                },
                                "icon_align_tablet": "center"
                            },
                            "elements": [],
                            "isInner": false,
                            "widgetType": "icon-list",
                            "elType": "widget"
                        }
                    ],
                    "isInner": false,
                    "elType": "column"
                }
            ],
            "isInner": false,
            "elType": "section"
        },
        {
            "id": "67983f4c",
            "settings": {
                "padding": {
                    "unit": "px",
                    "top": "100",
                    "right": "0",
                    "bottom": "120",
                    "left": "0",
                    "isLinked": false
                },
                "__globals__": {
                    "background_color": ""
                },
                "background_color": "#EFF7FF",
                "padding_tablet": {
                    "unit": "px",
                    "top": "80",
                    "right": "10",
                    "bottom": "120",
                    "left": "10",
                    "isLinked": false
                },
                "padding_mobile": {
                    "unit": "px",
                    "top": "50",
                    "right": "10",
                    "bottom": "100",
                    "left": "10",
                    "isLinked": false
                },
                "content_width": {
                    "unit": "px",
                    "size": 1180,
                    "sizes": []
                },
                "gap": "no"
            },
            "elements": [
                {
                    "id": "23a882fa",
                    "settings": {
                        "_column_size": 100,
                        "_inline_size": null,
                        "align": "center",
                        "padding_tablet": {
                            "unit": "px",
                            "top": "0",
                            "right": "10",
                            "bottom": "0",
                            "left": "10",
                            "isLinked": false
                        },
                        "padding_mobile": {
                            "unit": "px",
                            "top": "0",
                            "right": "0",
                            "bottom": "0",
                            "left": "0",
                            "isLinked": true
                        }
                    },
                    "elements": [
                        {
                            "id": "54bfa986",
                            "settings": {
                                "sg_content_postblock_type": "type-3",
                                "sg_content_image_size_imagesize_size": "full",
                                "sg_content_column_responsive": {
                                    "unit": "px",
                                    "size": 3,
                                    "sizes": []
                                },
                                "sg_content_excerpt_more": "...",
                                "sg_content_readmore_text": "Read More",
                                "sg_content_comment_enable": "",
                                "sg_content_meta_enable": "",
                                "sg_content_meta_author_enable": "",
                                "sg_content_meta_author_by_text": "by",
                                "sg_content_meta_date_enable": "",
                                "sg_content_meta_date_format_custom": "F j, Y",
                                "pagination_loadmore_text": "Load More",
                                "pagination_loading_text": "Loading...",
                                "__globals__": {
                                    "st_title_normal_typography_content_typography_typography": "globals\/typography?id=1e21614",
                                    "st_title_normal_color_responsive": "globals\/colors?id=primary",
                                    "st_category_typography_content_typography_typography": "globals\/typography?id=text",
                                    "st_category_color_responsive": "globals\/colors?id=752b75c",
                                    "st_excerpt_typography_content_typography_typography": "globals\/typography?id=text",
                                    "st_excerpt_color_responsive": "globals\/colors?id=text",
                                    "st_readmore_typography_content_typography_typography": "globals\/typography?id=7ebb5c9",
                                    "st_readmore_normal_color_responsive": "",
                                    "st_readmore_hover_color_responsive": "globals\/colors?id=752b75c",
                                    "st_category_background_background_color": "globals\/colors?id=69960d1"
                                },
                                "st_wrapper_padding_responsive": {
                                    "unit": "px",
                                    "top": "0",
                                    "right": "0",
                                    "bottom": "0",
                                    "left": "0",
                                    "isLinked": false
                                },
                                "st_wrapper_margin_responsive": {
                                    "unit": "px",
                                    "top": "0",
                                    "right": "0",
                                    "bottom": "0",
                                    "left": "0",
                                    "isLinked": false
                                },
                                "st_wrapper_border_radius_responsive": {
                                    "unit": "px",
                                    "top": "0",
                                    "right": "0",
                                    "bottom": "0",
                                    "left": "0",
                                    "isLinked": false
                                },
                                "st_post_item_gap_responsive": {
                                    "unit": "px",
                                    "size": 30,
                                    "sizes": []
                                },
                                "st_post_item_padding_responsive": {
                                    "unit": "px",
                                    "top": "0",
                                    "right": "0",
                                    "bottom": "0",
                                    "left": "0",
                                    "isLinked": false
                                },
                                "st_post_item_margin_responsive": {
                                    "unit": "px",
                                    "top": "0",
                                    "right": "0",
                                    "bottom": "30",
                                    "left": "0",
                                    "isLinked": false
                                },
                                "st_post_item_border_radius_responsive": {
                                    "unit": "px",
                                    "top": "0",
                                    "right": "0",
                                    "bottom": "0",
                                    "left": "0",
                                    "isLinked": false
                                },
                                "st_thumbnail_container_height_responsive": {
                                    "unit": "px",
                                    "size": 250,
                                    "sizes": []
                                },
                                "st_category_padding_responsive": {
                                    "unit": "px",
                                    "top": "10",
                                    "right": "18",
                                    "bottom": "10",
                                    "left": "18",
                                    "isLinked": false
                                },
                                "st_category_margin_responsive": {
                                    "unit": "px",
                                    "top": "0",
                                    "right": "0",
                                    "bottom": "20",
                                    "left": "20",
                                    "isLinked": false
                                },
                                "st_category_border_radius_responsive": {
                                    "unit": "px",
                                    "top": "10",
                                    "right": "10",
                                    "bottom": "10",
                                    "left": "10",
                                    "isLinked": true
                                },
                                "st_title_margin_responsive": {
                                    "unit": "px",
                                    "top": "17",
                                    "right": "0",
                                    "bottom": "0",
                                    "left": "0",
                                    "isLinked": false
                                },
                                "st_readmore_padding_responsive": {
                                    "unit": "px",
                                    "top": "0",
                                    "right": "0",
                                    "bottom": "0",
                                    "left": "0",
                                    "isLinked": false
                                },
                                "st_readmore_margin_responsive": {
                                    "unit": "px",
                                    "top": "0",
                                    "right": "0",
                                    "bottom": "0",
                                    "left": "0",
                                    "isLinked": false
                                },
                                "st_readmore_icon_spacing_responsive": {
                                    "unit": "px",
                                    "size": 10,
                                    "sizes": []
                                },
                                "st_readmore_normal_background_background_background": "classic",
                                "st_readmore_normal_background_background_color": "#02010100",
                                "st_meta_bottom_alignment_responsive": "flex-start",
                                "sg_content_title_html_tag": "h4",
                                "st_thumbnail_container_background_background_background": "classic",
                                "st_thumbnail_border_radius_responsive": {
                                    "unit": "px",
                                    "top": "8",
                                    "right": "8",
                                    "bottom": "8",
                                    "left": "8",
                                    "isLinked": true
                                },
                                "st_nocontent_text": "No Content Available",
                                "sg_content_excerpt_length": {
                                    "unit": "px",
                                    "size": 17,
                                    "sizes": []
                                },
                                "sg_content_readmore_icon": {
                                    "value": "jki jki-right-arrow1-light",
                                    "library": "jkiticon"
                                },
                                "st_thumbnail_margin_responsive": {
                                    "unit": "px",
                                    "top": "0",
                                    "right": "0",
                                    "bottom": "0",
                                    "left": "0",
                                    "isLinked": false
                                },
                                "st_category_position": "left",
                                "st_category_background_background_background": "classic",
                                "st_readmore_normal_color_responsive": "#61CE70",
                                "st_post_item_margin_responsive_tablet": {
                                    "unit": "px",
                                    "top": "0",
                                    "right": "0",
                                    "bottom": "20",
                                    "left": "0",
                                    "isLinked": false
                                },
                                "st_post_item_margin_responsive_mobile": {
                                    "unit": "px",
                                    "top": "0",
                                    "right": "0",
                                    "bottom": "30",
                                    "left": "0",
                                    "isLinked": false
                                },
                                "st_excerpt_margin_responsive": {
                                    "unit": "px",
                                    "top": "10",
                                    "right": "0",
                                    "bottom": "-10",
                                    "left": "0",
                                    "isLinked": false
                                },
                                "number_post": {
                                    "unit": "px",
                                    "size": 6,
                                    "sizes": []
                                }
                            },
                            "elements": [],
                            "isInner": false,
                            "widgetType": "jkit_post_block",
                            "elType": "widget"
                        }
                    ],
                    "isInner": false,
                    "elType": "column"
                }
            ],
            "isInner": false,
            "elType": "section"
        }
    ]
}