{
    "version": "0.4",
    "title": "Contact Us",
    "type": "page",
    "metadata": {
        "template_type": "single-page",
        "include_in_zip": "1",
        "elementor_pro_required": null,
        "wp_page_template": "elementor_canvas"
    },
    "content": [
        {
            "id": "3bb721be",
            "settings": {
                "content_width": {
                    "unit": "px",
                    "size": 1300,
                    "sizes": []
                },
                "gap": "no",
                "padding": {
                    "unit": "px",
                    "top": "20",
                    "right": "50",
                    "bottom": "30",
                    "left": "50",
                    "isLinked": false
                },
                "padding_tablet": {
                    "unit": "px",
                    "top": "20",
                    "right": "10",
                    "bottom": "30",
                    "left": "10",
                    "isLinked": false
                },
                "padding_mobile": {
                    "unit": "px",
                    "top": "20",
                    "right": "10",
                    "bottom": "30",
                    "left": "10",
                    "isLinked": false
                }
            },
            "elements": [
                {
                    "id": "7d72629c",
                    "settings": {
                        "_column_size": 100,
                        "_inline_size": null,
                        "background_background": "classic",
                        "border_radius": {
                            "unit": "px",
                            "top": "10",
                            "right": "10",
                            "bottom": "10",
                            "left": "10",
                            "isLinked": true
                        },
                        "__globals__": {
                            "background_color": ""
                        },
                        "background_color": "#F7F6F2",
                        "background_image": {
                            "url": "https:\/\/templatekit.jegtheme.com\/ristera\/wp-content\/uploads\/sites\/211\/2021\/11\/waiter-bartender-small-business-owner-checking-bill-before-printing-it-on-digital-cash-register-.jpg",
                            "id": 467,
                            "alt": "Waiter bartender small business owner checking bill before printing it on digital cash register.",
                            "source": "library"
                        },
                        "background_position": "center center",
                        "background_size": "cover",
                        "background_overlay_background": "classic",
                        "background_overlay_color": "#000000",
                        "background_overlay_opacity": {
                            "unit": "px",
                            "size": 0.7,
                            "sizes": []
                        },
                        "padding": {
                            "unit": "px",
                            "top": "130",
                            "right": "0",
                            "bottom": "130",
                            "left": "60",
                            "isLinked": false
                        },
                        "padding_tablet": {
                            "unit": "px",
                            "top": "130",
                            "right": "0",
                            "bottom": "130",
                            "left": "0",
                            "isLinked": false
                        }
                    },
                    "elements": [
                        {
                            "id": "60203c63",
                            "settings": {
                                "title": "Contact Us",
                                "_margin": {
                                    "unit": "px",
                                    "top": "0",
                                    "right": "0",
                                    "bottom": "0",
                                    "left": "0",
                                    "isLinked": false
                                },
                                "__globals__": {
                                    "typography_typography": "globals\/typography?id=4641087",
                                    "title_color": ""
                                },
                                "_margin_mobile": {
                                    "unit": "px",
                                    "top": "-10",
                                    "right": "0",
                                    "bottom": "-10",
                                    "left": "0",
                                    "isLinked": false
                                },
                                "title_color": "#FFFFFF",
                                "align_tablet": "center"
                            },
                            "elements": [],
                            "isInner": false,
                            "widgetType": "heading",
                            "elType": "widget"
                        },
                        {
                            "id": "638357ae",
                            "settings": {
                                "view": "inline",
                                "icon_list": [
                                    {
                                        "text": "Home ",
                                        "selected_icon": {
                                            "value": "",
                                            "library": ""
                                        },
                                        "_id": "94fb3ff"
                                    },
                                    {
                                        "text": "Contact Us",
                                        "selected_icon": {
                                            "value": "fas fa-chevron-right",
                                            "library": "fa-solid"
                                        },
                                        "_id": "c03ff5a"
                                    }
                                ],
                                "space_between": {
                                    "unit": "px",
                                    "size": 5,
                                    "sizes": []
                                },
                                "icon_size": {
                                    "unit": "px",
                                    "size": 18,
                                    "sizes": []
                                },
                                "icon_self_align": "center",
                                "text_color": "#FFFFFF",
                                "__globals__": {
                                    "icon_color": "globals\/colors?id=752b75c",
                                    "text_color_hover": "globals\/colors?id=752b75c"
                                },
                                "icon_align_tablet": "center"
                            },
                            "elements": [],
                            "isInner": false,
                            "widgetType": "icon-list",
                            "elType": "widget"
                        }
                    ],
                    "isInner": false,
                    "elType": "column"
                }
            ],
            "isInner": false,
            "elType": "section"
        },
        {
            "id": "3ad1b9ff",
            "settings": {
                "padding": {
                    "unit": "px",
                    "top": "80",
                    "right": "0",
                    "bottom": "80",
                    "left": "0",
                    "isLinked": false
                },
                "content_position": "middle",
                "structure": "20",
                "padding_tablet": {
                    "unit": "px",
                    "top": "50",
                    "right": "0",
                    "bottom": "60",
                    "left": "0",
                    "isLinked": false
                },
                "padding_mobile": {
                    "unit": "px",
                    "top": "0",
                    "right": "0",
                    "bottom": "50",
                    "left": "0",
                    "isLinked": false
                },
                "background_color": "#000000",
                "background_color_b": "#020202",
                "shape_divider_top_color": "#1D1D1D",
                "shape_divider_top_width": {
                    "unit": "%",
                    "size": 185,
                    "sizes": []
                },
                "shape_divider_top_height": {
                    "unit": "px",
                    "size": 80,
                    "sizes": []
                },
                "shape_divider_top_flip": "yes",
                "shape_divider_bottom_color": "#1D1D1D",
                "shape_divider_bottom_height": {
                    "unit": "px",
                    "size": 85,
                    "sizes": []
                },
                "shape_divider_bottom_flip": "yes",
                "__globals__": {
                    "background_color_b": ""
                },
                "gap": "no",
                "ekit_has_onepagescroll": "",
                "ekit_control_get_pro": "1",
                "content_width": {
                    "unit": "px",
                    "size": 1180,
                    "sizes": []
                }
            },
            "elements": [
                {
                    "id": "745cb1cc",
                    "settings": {
                        "_column_size": 50,
                        "_inline_size": 55,
                        "_inline_size_tablet": 100,
                        "margin": {
                            "unit": "px",
                            "top": "0",
                            "right": "50",
                            "bottom": "0",
                            "left": "0",
                            "isLinked": false
                        },
                        "margin_tablet": {
                            "unit": "px",
                            "top": "0",
                            "right": "10",
                            "bottom": "30",
                            "left": "10",
                            "isLinked": false
                        },
                        "margin_mobile": {
                            "unit": "px",
                            "top": "0",
                            "right": "10",
                            "bottom": "30",
                            "left": "10",
                            "isLinked": false
                        }
                    },
                    "elements": [
                        {
                            "id": "3512219a",
                            "settings": {
                                "title": "Contact Us",
                                "header_size": "h5",
                                "align": "left",
                                "__globals__": {
                                    "title_color": "globals\/colors?id=752b75c",
                                    "typography_typography": "globals\/typography?id=0cea60b"
                                },
                                "title_color": "#D88C7C"
                            },
                            "elements": [],
                            "isInner": false,
                            "widgetType": "heading",
                            "elType": "widget"
                        },
                        {
                            "id": "3e91892a",
                            "settings": {
                                "title": "Get closer",
                                "_margin": {
                                    "unit": "px",
                                    "top": "-7",
                                    "right": "0",
                                    "bottom": "0",
                                    "left": "0",
                                    "isLinked": false
                                },
                                "__globals__": {
                                    "typography_typography": "globals\/typography?id=4641087",
                                    "title_color": "globals\/colors?id=primary"
                                },
                                "_margin_mobile": {
                                    "unit": "px",
                                    "top": "-10",
                                    "right": "0",
                                    "bottom": "-10",
                                    "left": "0",
                                    "isLinked": false
                                }
                            },
                            "elements": [],
                            "isInner": false,
                            "widgetType": "heading",
                            "elType": "widget"
                        },
                        {
                            "id": "27e118df",
                            "settings": {
                                "__globals__": {
                                    "text_color": ""
                                },
                                "typography_line_height": {
                                    "unit": "em",
                                    "size": "",
                                    "sizes": []
                                },
                                "drop_cap_typography_line_height": {
                                    "unit": "em",
                                    "size": "",
                                    "sizes": []
                                }
                            },
                            "elements": [],
                            "isInner": false,
                            "widgetType": "text-editor",
                            "elType": "widget"
                        },
                        {
                            "id": "24800729",
                            "settings": {
                                "gap": "no",
                                "structure": "20",
                                "ekit_has_onepagescroll": "",
                                "ekit_control_get_pro": "1"
                            },
                            "elements": [
                                {
                                    "id": "484a1196",
                                    "settings": {
                                        "_column_size": 50,
                                        "_inline_size": null,
                                        "margin": {
                                            "unit": "px",
                                            "top": "0",
                                            "right": "15",
                                            "bottom": "0",
                                            "left": "0",
                                            "isLinked": false
                                        },
                                        "margin_mobile": {
                                            "unit": "px",
                                            "top": "0",
                                            "right": "0",
                                            "bottom": "20",
                                            "left": "0",
                                            "isLinked": false
                                        }
                                    },
                                    "elements": [
                                        {
                                            "id": "3a93e77",
                                            "settings": {
                                                "selected_icon": {
                                                    "value": "jki jki-map-line",
                                                    "library": "jkiticon"
                                                },
                                                "view": "framed",
                                                "shape": "square",
                                                "title_text": "Location",
                                                "description_text": "Jl. Pantai Kuta No.34, Badung, Bali",
                                                "position": "left",
                                                "icon_size": {
                                                    "unit": "px",
                                                    "size": 40,
                                                    "sizes": []
                                                },
                                                "border_width": {
                                                    "unit": "px",
                                                    "top": "0",
                                                    "right": "0",
                                                    "bottom": "0",
                                                    "left": "0",
                                                    "isLinked": true
                                                },
                                                "content_vertical_alignment": "middle",
                                                "title_bottom_space": {
                                                    "unit": "px",
                                                    "size": 5,
                                                    "sizes": []
                                                },
                                                "__globals__": {
                                                    "primary_color": "globals\/colors?id=69960d1",
                                                    "description_color": "",
                                                    "hover_secondary_color": "globals\/colors?id=752b75c",
                                                    "title_typography_typography": "globals\/typography?id=1e21614",
                                                    "secondary_color": "globals\/colors?id=e1d46cd",
                                                    "hover_primary_color": "globals\/colors?id=69960d1",
                                                    "title_color": "globals\/colors?id=primary"
                                                },
                                                "border_radius": {
                                                    "unit": "px",
                                                    "top": "5",
                                                    "right": "5",
                                                    "bottom": "5",
                                                    "left": "5",
                                                    "isLinked": true
                                                },
                                                "hover_animation": "shrink",
                                                "description_typography_line_height": {
                                                    "unit": "em",
                                                    "size": "",
                                                    "sizes": []
                                                },
                                                "primary_color": "#2CA65D",
                                                "secondary_color": "#2CA65D"
                                            },
                                            "elements": [],
                                            "isInner": false,
                                            "widgetType": "icon-box",
                                            "elType": "widget"
                                        }
                                    ],
                                    "isInner": true,
                                    "elType": "column"
                                },
                                {
                                    "id": "1b72f9dd",
                                    "settings": {
                                        "_column_size": 50,
                                        "_inline_size": null,
                                        "margin": {
                                            "unit": "px",
                                            "top": "0",
                                            "right": "0",
                                            "bottom": "0",
                                            "left": "15",
                                            "isLinked": false
                                        },
                                        "margin_mobile": {
                                            "unit": "px",
                                            "top": "0",
                                            "right": "0",
                                            "bottom": "0",
                                            "left": "0",
                                            "isLinked": false
                                        },
                                        "content_position": "center"
                                    },
                                    "elements": [
                                        {
                                            "id": "ee5b9ae",
                                            "settings": {
                                                "selected_icon": {
                                                    "value": "jki jki-paper-plane-light",
                                                    "library": "jkiticon"
                                                },
                                                "view": "framed",
                                                "shape": "square",
                                                "title_text": "Email",
                                                "description_text": "contact@ristera.com",
                                                "position": "left",
                                                "icon_size": {
                                                    "unit": "px",
                                                    "size": 40,
                                                    "sizes": []
                                                },
                                                "border_width": {
                                                    "unit": "px",
                                                    "top": "0",
                                                    "right": "0",
                                                    "bottom": "0",
                                                    "left": "0",
                                                    "isLinked": true
                                                },
                                                "content_vertical_alignment": "middle",
                                                "title_bottom_space": {
                                                    "unit": "px",
                                                    "size": 5,
                                                    "sizes": []
                                                },
                                                "__globals__": {
                                                    "primary_color": "globals\/colors?id=69960d1",
                                                    "description_color": "",
                                                    "hover_secondary_color": "globals\/colors?id=752b75c",
                                                    "title_typography_typography": "globals\/typography?id=1e21614",
                                                    "secondary_color": "globals\/colors?id=e1d46cd",
                                                    "hover_primary_color": "globals\/colors?id=69960d1",
                                                    "title_color": "globals\/colors?id=primary"
                                                },
                                                "border_radius": {
                                                    "unit": "px",
                                                    "top": "5",
                                                    "right": "5",
                                                    "bottom": "5",
                                                    "left": "5",
                                                    "isLinked": true
                                                },
                                                "hover_animation": "shrink",
                                                "description_typography_line_height": {
                                                    "unit": "em",
                                                    "size": "",
                                                    "sizes": []
                                                },
                                                "primary_color": "#2CA65D",
                                                "secondary_color": "#2CA65D"
                                            },
                                            "elements": [],
                                            "isInner": false,
                                            "widgetType": "icon-box",
                                            "elType": "widget"
                                        }
                                    ],
                                    "isInner": true,
                                    "elType": "column"
                                }
                            ],
                            "isInner": true,
                            "elType": "section"
                        },
                        {
                            "id": "7fbfaf6f",
                            "settings": {
                                "gap": "no",
                                "structure": "20",
                                "margin": {
                                    "unit": "px",
                                    "top": "20",
                                    "right": 0,
                                    "bottom": "15",
                                    "left": 0,
                                    "isLinked": false
                                },
                                "margin_mobile": {
                                    "unit": "px",
                                    "top": "20",
                                    "right": 0,
                                    "bottom": "25",
                                    "left": 0,
                                    "isLinked": false
                                },
                                "ekit_has_onepagescroll": "",
                                "ekit_control_get_pro": "1"
                            },
                            "elements": [
                                {
                                    "id": "5996597c",
                                    "settings": {
                                        "_column_size": 50,
                                        "_inline_size": null,
                                        "margin": {
                                            "unit": "px",
                                            "top": "0",
                                            "right": "15",
                                            "bottom": "0",
                                            "left": "0",
                                            "isLinked": false
                                        },
                                        "margin_mobile": {
                                            "unit": "px",
                                            "top": "0",
                                            "right": "0",
                                            "bottom": "20",
                                            "left": "0",
                                            "isLinked": false
                                        }
                                    },
                                    "elements": [
                                        {
                                            "id": "331b3569",
                                            "settings": {
                                                "selected_icon": {
                                                    "value": "jki jki-phone-call2-light",
                                                    "library": "jkiticon"
                                                },
                                                "view": "framed",
                                                "shape": "square",
                                                "title_text": "Phone",
                                                "description_text": "+62831-2864-3491",
                                                "position": "left",
                                                "icon_size": {
                                                    "unit": "px",
                                                    "size": 40,
                                                    "sizes": []
                                                },
                                                "border_width": {
                                                    "unit": "px",
                                                    "top": "0",
                                                    "right": "0",
                                                    "bottom": "0",
                                                    "left": "0",
                                                    "isLinked": true
                                                },
                                                "content_vertical_alignment": "middle",
                                                "title_bottom_space": {
                                                    "unit": "px",
                                                    "size": 5,
                                                    "sizes": []
                                                },
                                                "__globals__": {
                                                    "primary_color": "globals\/colors?id=69960d1",
                                                    "description_color": "",
                                                    "hover_secondary_color": "globals\/colors?id=752b75c",
                                                    "title_typography_typography": "globals\/typography?id=1e21614",
                                                    "secondary_color": "globals\/colors?id=e1d46cd",
                                                    "hover_primary_color": "globals\/colors?id=69960d1",
                                                    "title_color": "globals\/colors?id=primary"
                                                },
                                                "border_radius": {
                                                    "unit": "px",
                                                    "top": "5",
                                                    "right": "5",
                                                    "bottom": "5",
                                                    "left": "5",
                                                    "isLinked": true
                                                },
                                                "hover_animation": "shrink",
                                                "description_typography_line_height": {
                                                    "unit": "em",
                                                    "size": "",
                                                    "sizes": []
                                                },
                                                "primary_color": "#2CA65D",
                                                "secondary_color": "#2CA65D"
                                            },
                                            "elements": [],
                                            "isInner": false,
                                            "widgetType": "icon-box",
                                            "elType": "widget"
                                        }
                                    ],
                                    "isInner": true,
                                    "elType": "column"
                                },
                                {
                                    "id": "54d47f00",
                                    "settings": {
                                        "_column_size": 50,
                                        "_inline_size": null,
                                        "margin": {
                                            "unit": "px",
                                            "top": "0",
                                            "right": "0",
                                            "bottom": "0",
                                            "left": "15",
                                            "isLinked": false
                                        },
                                        "margin_mobile": {
                                            "unit": "px",
                                            "top": "0",
                                            "right": "0",
                                            "bottom": "0",
                                            "left": "0",
                                            "isLinked": false
                                        }
                                    },
                                    "elements": [
                                        {
                                            "id": "17f3503d",
                                            "settings": {
                                                "selected_icon": {
                                                    "value": "jki jki-map-light",
                                                    "library": "jkiticon"
                                                },
                                                "view": "framed",
                                                "shape": "square",
                                                "title_text": "Open Hour",
                                                "description_text": "10.00 am - 09.00 pm",
                                                "position": "left",
                                                "icon_size": {
                                                    "unit": "px",
                                                    "size": 40,
                                                    "sizes": []
                                                },
                                                "border_width": {
                                                    "unit": "px",
                                                    "top": "0",
                                                    "right": "0",
                                                    "bottom": "0",
                                                    "left": "0",
                                                    "isLinked": true
                                                },
                                                "content_vertical_alignment": "middle",
                                                "title_bottom_space": {
                                                    "unit": "px",
                                                    "size": 5,
                                                    "sizes": []
                                                },
                                                "__globals__": {
                                                    "primary_color": "globals\/colors?id=69960d1",
                                                    "description_color": "",
                                                    "hover_secondary_color": "globals\/colors?id=752b75c",
                                                    "title_typography_typography": "globals\/typography?id=1e21614",
                                                    "secondary_color": "globals\/colors?id=e1d46cd",
                                                    "hover_primary_color": "globals\/colors?id=69960d1",
                                                    "title_color": "globals\/colors?id=primary"
                                                },
                                                "border_radius": {
                                                    "unit": "px",
                                                    "top": "5",
                                                    "right": "5",
                                                    "bottom": "5",
                                                    "left": "5",
                                                    "isLinked": true
                                                },
                                                "hover_animation": "shrink",
                                                "description_typography_line_height": {
                                                    "unit": "em",
                                                    "size": "",
                                                    "sizes": []
                                                },
                                                "primary_color": "#2CA65D",
                                                "secondary_color": "#2CA65D"
                                            },
                                            "elements": [],
                                            "isInner": false,
                                            "widgetType": "icon-box",
                                            "elType": "widget"
                                        }
                                    ],
                                    "isInner": true,
                                    "elType": "column"
                                }
                            ],
                            "isInner": true,
                            "elType": "section"
                        },
                        {
                            "id": "2a1c0dbf",
                            "settings": {
                                "text": "Divider",
                                "weight": {
                                    "unit": "px",
                                    "size": 2,
                                    "sizes": []
                                },
                                "gap": {
                                    "unit": "px",
                                    "size": 10,
                                    "sizes": []
                                },
                                "__globals__": {
                                    "color": ""
                                },
                                "align": "left",
                                "typography_line_height": {
                                    "unit": "em",
                                    "size": "",
                                    "sizes": []
                                },
                                "color": "#F2F2F2",
                                "_margin": {
                                    "unit": "px",
                                    "top": "15",
                                    "right": "0",
                                    "bottom": "0",
                                    "left": "0",
                                    "isLinked": false
                                }
                            },
                            "elements": [],
                            "isInner": false,
                            "widgetType": "divider",
                            "elType": "widget"
                        },
                        {
                            "id": "7a4debb4",
                            "settings": {
                                "gap": "no",
                                "structure": "20",
                                "ekit_has_onepagescroll": "",
                                "ekit_control_get_pro": "1"
                            },
                            "elements": [
                                {
                                    "id": "cac1bf6",
                                    "settings": {
                                        "_column_size": 50,
                                        "_inline_size": null,
                                        "content_position": "center",
                                        "margin_mobile": {
                                            "unit": "px",
                                            "top": "0",
                                            "right": "0",
                                            "bottom": "20",
                                            "left": "0",
                                            "isLinked": false
                                        }
                                    },
                                    "elements": [
                                        {
                                            "id": "576e287a",
                                            "settings": {
                                                "title": "Our Social Media",
                                                "__globals__": {
                                                    "title_color": "globals\/colors?id=primary",
                                                    "typography_typography": "globals\/typography?id=5845402"
                                                },
                                                "align": "left",
                                                "_margin": {
                                                    "unit": "px",
                                                    "top": "0",
                                                    "right": "0",
                                                    "bottom": "0",
                                                    "left": "0",
                                                    "isLinked": false
                                                },
                                                "align_mobile": "center"
                                            },
                                            "elements": [],
                                            "isInner": false,
                                            "widgetType": "heading",
                                            "elType": "widget"
                                        }
                                    ],
                                    "isInner": true,
                                    "elType": "column"
                                },
                                {
                                    "id": "4a94e4e3",
                                    "settings": {
                                        "_column_size": 50,
                                        "_inline_size": null
                                    },
                                    "elements": [
                                        {
                                            "id": "3c7a792",
                                            "settings": {
                                                "social_icon_list": [
                                                    {
                                                        "social_icon": {
                                                            "value": "fab fa-facebook-f",
                                                            "library": "fa-brands"
                                                        },
                                                        "_id": "39d4ce0"
                                                    },
                                                    {
                                                        "social_icon": {
                                                            "value": "fab fa-instagram",
                                                            "library": "fa-brands"
                                                        },
                                                        "_id": "d987f65"
                                                    },
                                                    {
                                                        "social_icon": {
                                                            "value": "fab fa-twitter",
                                                            "library": "fa-brands"
                                                        },
                                                        "_id": "9401d2e"
                                                    },
                                                    {
                                                        "social_icon": {
                                                            "value": "fab fa-youtube",
                                                            "library": "fa-brands"
                                                        },
                                                        "_id": "f9bb04a"
                                                    }
                                                ],
                                                "align": "right",
                                                "icon_color": "custom",
                                                "icon_size": {
                                                    "unit": "px",
                                                    "size": 20,
                                                    "sizes": []
                                                },
                                                "icon_spacing": {
                                                    "unit": "px",
                                                    "size": 15,
                                                    "sizes": []
                                                },
                                                "hover_animation": "shrink",
                                                "__globals__": {
                                                    "icon_secondary_color": "globals\/colors?id=69960d1",
                                                    "icon_primary_color": "globals\/colors?id=752b75c",
                                                    "hover_primary_color": "globals\/colors?id=e1d46cd",
                                                    "hover_secondary_color": "globals\/colors?id=69960d1"
                                                },
                                                "align_mobile": "center"
                                            },
                                            "elements": [],
                                            "isInner": false,
                                            "widgetType": "social-icons",
                                            "elType": "widget"
                                        }
                                    ],
                                    "isInner": true,
                                    "elType": "column"
                                }
                            ],
                            "isInner": true,
                            "elType": "section"
                        }
                    ],
                    "isInner": false,
                    "elType": "column"
                },
                {
                    "id": "54779ad3",
                    "settings": {
                        "_column_size": 50,
                        "_inline_size": 45,
                        "_inline_size_tablet": 100,
                        "margin_tablet": {
                            "unit": "px",
                            "top": "40",
                            "right": "10",
                            "bottom": "0",
                            "left": "10",
                            "isLinked": false
                        },
                        "content_position": "center",
                        "margin": {
                            "unit": "px",
                            "top": "0",
                            "right": "0",
                            "bottom": "0",
                            "left": "30",
                            "isLinked": false
                        },
                        "margin_mobile": {
                            "unit": "px",
                            "top": "0",
                            "right": "10",
                            "bottom": "0",
                            "left": "10",
                            "isLinked": false
                        }
                    },
                    "elements": [
                        {
                            "id": "2bbafe54",
                            "settings": {
                                "mf_form_id": "478***1638100711328"
                            },
                            "elements": [],
                            "isInner": false,
                            "widgetType": "metform",
                            "elType": "widget"
                        }
                    ],
                    "isInner": false,
                    "elType": "column"
                }
            ],
            "isInner": false,
            "elType": "section"
        },
        {
            "id": "7bb41bdb",
            "settings": {
                "gap": "no",
                "background_color": "#000000",
                "padding": {
                    "unit": "px",
                    "top": "30",
                    "right": "0",
                    "bottom": "120",
                    "left": "0",
                    "isLinked": false
                },
                "padding_tablet": {
                    "unit": "px",
                    "top": "10",
                    "right": "10",
                    "bottom": "120",
                    "left": "10",
                    "isLinked": false
                },
                "content_width": {
                    "unit": "px",
                    "size": 1180,
                    "sizes": []
                }
            },
            "elements": [
                {
                    "id": "69e0784f",
                    "settings": {
                        "_column_size": 100,
                        "_inline_size": null
                    },
                    "elements": [
                        {
                            "id": "719b74d8",
                            "settings": {
                                "address": "jalan pantai kuta",
                                "zoom": {
                                    "unit": "px",
                                    "size": 16,
                                    "sizes": []
                                },
                                "height": {
                                    "unit": "px",
                                    "size": 400,
                                    "sizes": []
                                },
                                "_border_radius": {
                                    "unit": "px",
                                    "top": "5",
                                    "right": "5",
                                    "bottom": "5",
                                    "left": "5",
                                    "isLinked": true
                                }
                            },
                            "elements": [],
                            "isInner": false,
                            "widgetType": "google_maps",
                            "elType": "widget"
                        }
                    ],
                    "isInner": false,
                    "elType": "column"
                }
            ],
            "isInner": false,
            "elType": "section"
        }
    ]
}