{
    "version": "0.4",
    "title": "Global Kit Styles",
    "type": "section",
    "metadata": {
        "template_type": "global-styles",
        "include_in_zip": "1",
        "elementor_pro_required": null,
        "additional_template_information": [
            "These are the global theme styles configured through the Elementor Theme Styles area."
        ],
        "wp_page_template": "default"
    },
    "content": [],
    "page_settings": {
        "custom_colors": [
            {
                "_id": "e1d46cd",
                "title": "green",
                "color": "#2CA65D"
            },
            {
                "_id": "752b75c",
                "title": "red accent",
                "color": "#FFB136"
            },
            {
                "_id": "69960d1",
                "title": "light green",
                "color": "#F7F6F2"
            },
            {
                "_id": "a745ffd",
                "title": "light green",
                "color": "#27D16B"
            }
        ],
        "system_colors": [
            {
                "_id": "primary",
                "title": "Primary",
                "color": "#001A07"
            },
            {
                "_id": "secondary",
                "title": "Secondary",
                "color": "#2CA65D"
            },
            {
                "_id": "text",
                "title": "Text",
                "color": "#959595"
            },
            {
                "_id": "accent",
                "title": "Accent",
                "color": "#27D16B"
            }
        ],
        "system_typography": [
            {
                "_id": "primary",
                "title": "Primary",
                "typography_typography": "custom",
                "typography_font_family": "Roboto",
                "typography_font_weight": "600"
            },
            {
                "_id": "secondary",
                "title": "Secondary",
                "typography_typography": "custom",
                "typography_font_family": "Roboto Slab",
                "typography_font_weight": "400"
            },
            {
                "_id": "text",
                "title": "Text",
                "typography_typography": "custom",
                "typography_font_family": "DM Sans",
                "typography_font_weight": "400",
                "typography_font_size": {
                    "unit": "px",
                    "size": 16,
                    "sizes": []
                }
            },
            {
                "_id": "accent",
                "title": "Accent",
                "typography_typography": "custom",
                "typography_font_family": "DM Sans",
                "typography_font_weight": "400",
                "typography_font_size": {
                    "unit": "px",
                    "size": 14,
                    "sizes": []
                }
            }
        ],
        "custom_typography": [
            {
                "typography_typography": "custom",
                "typography_font_family": "DM Sans",
                "typography_font_size": {
                    "unit": "px",
                    "size": 16,
                    "sizes": []
                },
                "typography_font_weight": "400",
                "_id": "7ebb5c9",
                "title": "button"
            },
            {
                "typography_typography": "custom",
                "typography_font_family": "Rubik",
                "typography_font_size": {
                    "unit": "px",
                    "size": 22,
                    "sizes": []
                },
                "typography_font_weight": "500",
                "_id": "1e21614",
                "title": "h5 22",
                "typography_line_height": {
                    "unit": "em",
                    "size": 1.2,
                    "sizes": []
                }
            },
            {
                "typography_typography": "custom",
                "typography_font_family": "Rubik",
                "typography_font_size": {
                    "unit": "px",
                    "size": 18,
                    "sizes": []
                },
                "typography_font_weight": "400",
                "typography_line_height": {
                    "unit": "em",
                    "size": 1,
                    "sizes": []
                },
                "_id": "0cea60b",
                "title": "subtitle"
            },
            {
                "typography_typography": "custom",
                "typography_font_family": "Rubik",
                "typography_font_size": {
                    "unit": "px",
                    "size": 24,
                    "sizes": []
                },
                "typography_font_weight": "500",
                "_id": "5845402",
                "title": "h5 24",
                "typography_line_height": {
                    "unit": "em",
                    "size": 1,
                    "sizes": []
                }
            },
            {
                "typography_typography": "custom",
                "typography_font_family": "Rubik",
                "typography_font_size": {
                    "unit": "px",
                    "size": 46,
                    "sizes": []
                },
                "typography_font_weight": "500",
                "typography_line_height": {
                    "unit": "em",
                    "size": 1,
                    "sizes": []
                },
                "_id": "4641087",
                "title": "h2",
                "typography_font_size_mobile": {
                    "unit": "px",
                    "size": 38,
                    "sizes": []
                }
            },
            {
                "typography_typography": "custom",
                "typography_font_family": "Rubik",
                "typography_font_size": {
                    "unit": "px",
                    "size": 52,
                    "sizes": []
                },
                "typography_font_size_mobile": {
                    "unit": "px",
                    "size": 46,
                    "sizes": []
                },
                "typography_font_weight": "600",
                "typography_line_height": {
                    "unit": "em",
                    "size": 1,
                    "sizes": []
                },
                "_id": "7b80eeb",
                "title": "h1"
            },
            {
                "typography_typography": "custom",
                "typography_font_family": "Rubik",
                "typography_font_size": {
                    "unit": "px",
                    "size": 28,
                    "sizes": []
                },
                "typography_font_weight": "500",
                "typography_line_height": {
                    "unit": "em",
                    "size": 1,
                    "sizes": []
                },
                "_id": "88dc7ae",
                "title": "h4 28"
            },
            {
                "typography_typography": "custom",
                "typography_font_family": "DM Sans",
                "typography_font_size": {
                    "unit": "px",
                    "size": 16,
                    "sizes": []
                },
                "typography_font_weight": "500",
                "_id": "1a4d0d7",
                "title": "text bold"
            },
            {
                "typography_typography": "custom",
                "typography_font_family": "Rubik",
                "typography_font_size": {
                    "unit": "px",
                    "size": 190,
                    "sizes": []
                },
                "typography_font_size_tablet": {
                    "unit": "px",
                    "size": 160,
                    "sizes": []
                },
                "typography_font_size_mobile": {
                    "unit": "px",
                    "size": 120,
                    "sizes": []
                },
                "typography_font_weight": "500",
                "typography_line_height": {
                    "unit": "em",
                    "size": "",
                    "sizes": []
                },
                "_id": "95b4abf",
                "title": "404"
            },
            {
                "typography_typography": "custom",
                "typography_font_family": "Rubik",
                "typography_font_size": {
                    "unit": "px",
                    "size": 32,
                    "sizes": []
                },
                "typography_font_weight": "600",
                "typography_line_height": {
                    "unit": "em",
                    "size": 1,
                    "sizes": []
                },
                "_id": "5e33d32",
                "title": "h3"
            },
            {
                "typography_typography": "custom",
                "typography_font_family": "Rubik",
                "typography_font_size": {
                    "unit": "px",
                    "size": 18,
                    "sizes": []
                },
                "typography_font_weight": "500",
                "typography_line_height": {
                    "unit": "em",
                    "size": 1,
                    "sizes": []
                },
                "_id": "b7f7d10",
                "title": "h6 18"
            }
        ],
        "default_generic_fonts": "Sans-serif",
        "page_title_selector": "h1.entry-title",
        "activeItemIndex": 1,
        "viewport_md": 768,
        "viewport_lg": 1025,
        "button_typography_typography": "custom",
        "button_typography_font_family": "DM Sans",
        "button_typography_font_size": {
            "unit": "px",
            "size": 16,
            "sizes": []
        },
        "button_typography_font_weight": "400",
        "button_typography_line_height": {
            "unit": "em",
            "size": "",
            "sizes": []
        },
        "button_text_color": "#FFFFFF",
        "button_background_background": "gradient",
        "button_background_color": "#27D16B",
        "button_background_color_b": "#2CA65D",
        "button_border_border": "solid",
        "button_border_width": {
            "unit": "px",
            "top": "0",
            "right": "0",
            "bottom": "0",
            "left": "0",
            "isLinked": true
        },
        "button_border_radius": {
            "unit": "px",
            "top": "50",
            "right": "50",
            "bottom": "50",
            "left": "50",
            "isLinked": true
        },
        "button_hover_text_color": "#FFFFFF",
        "button_hover_background_background": "gradient",
        "button_hover_background_color": "#FFB136",
        "button_hover_background_color_b": "#FFB136",
        "button_padding": {
            "unit": "px",
            "top": "16",
            "right": "40",
            "bottom": "16",
            "left": "40",
            "isLinked": false
        },
        "form_label_color": "#001A07",
        "form_label_typography_typography": "custom",
        "form_label_typography_font_family": "DM Sans",
        "form_label_typography_font_size": {
            "unit": "px",
            "size": 16,
            "sizes": []
        },
        "form_label_typography_font_weight": "500",
        "form_label_typography_line_height": {
            "unit": "em",
            "size": 2.4,
            "sizes": []
        },
        "form_field_typography_typography": "custom",
        "form_field_typography_font_family": "DM Sans",
        "form_field_typography_font_size": {
            "unit": "px",
            "size": 16,
            "sizes": []
        },
        "form_field_typography_font_weight": "400",
        "form_field_text_color": "#959595",
        "form_field_border_border": "solid",
        "form_field_border_width": {
            "unit": "px",
            "top": "1",
            "right": "1",
            "bottom": "1",
            "left": "1",
            "isLinked": true
        },
        "form_field_border_color": "#EBEBEB",
        "form_field_border_radius": {
            "unit": "px",
            "top": "10",
            "right": "10",
            "bottom": "10",
            "left": "10",
            "isLinked": true
        },
        "__globals__": {
            "button_typography_typography": "globals\/typography?id=7ebb5c9",
            "button_background_color": "globals\/colors?id=a745ffd",
            "button_background_color_b": "",
            "button_hover_background_color": "globals\/colors?id=752b75c",
            "button_hover_background_color_b": "globals\/colors?id=752b75c",
            "form_label_typography_typography": "",
            "form_label_color": "globals\/colors?id=primary",
            "form_field_typography_typography": "globals\/typography?id=text",
            "form_field_text_color": "globals\/colors?id=text",
            "body_color": "globals\/colors?id=text",
            "body_typography_typography": "globals\/typography?id=text",
            "link_normal_color": "globals\/colors?id=752b75c",
            "link_hover_color": "globals\/colors?id=e1d46cd",
            "h1_color": "globals\/colors?id=primary",
            "h1_typography_typography": "globals\/typography?id=7b80eeb",
            "h2_color": "globals\/colors?id=primary",
            "h2_typography_typography": "globals\/typography?id=4641087",
            "h3_color": "globals\/colors?id=primary",
            "h3_typography_typography": "globals\/typography?id=5e33d32",
            "h4_color": "globals\/colors?id=primary",
            "h4_typography_typography": "globals\/typography?id=88dc7ae",
            "h5_color": "globals\/colors?id=primary",
            "h5_typography_typography": "globals\/typography?id=5845402",
            "h6_color": "globals\/colors?id=primary",
            "h6_typography_typography": "globals\/typography?id=b7f7d10"
        }
    }
}