{
    "version": "0.4",
    "title": "Header",
    "type": "section",
    "metadata": {
        "template_type": "section-header",
        "include_in_zip": "1",
        "elementor_pro_required": null,
        "wp_page_template": "elementor_canvas"
    },
    "content": [
        {
            "id": "6ce7b946",
            "settings": {
                "content_position": "middle",
                "structure": "33",
                "margin": {
                    "unit": "px",
                    "top": "",
                    "right": 0,
                    "bottom": "",
                    "left": 0,
                    "isLinked": true
                },
                "z_index": 2,
                "padding_tablet": {
                    "unit": "px",
                    "top": "10",
                    "right": "20",
                    "bottom": "10",
                    "left": "20",
                    "isLinked": false
                },
                "padding": {
                    "unit": "px",
                    "top": "10",
                    "right": "0",
                    "bottom": "10",
                    "left": "0",
                    "isLinked": false
                },
                "__globals__": {
                    "background_color": "",
                    "background_overlay_color_b": ""
                },
                "background_overlay_color": "#02010100",
                "background_overlay_color_b": "#000CDD",
                "background_overlay_gradient_angle": {
                    "unit": "deg",
                    "size": 0,
                    "sizes": []
                },
                "background_overlay_opacity": {
                    "unit": "px",
                    "size": 0.4,
                    "sizes": []
                },
                "background_position": "top center",
                "background_size": "cover",
                "border_border": "solid",
                "border_width": {
                    "unit": "px",
                    "top": "0",
                    "right": "0",
                    "bottom": "1",
                    "left": "0",
                    "isLinked": false
                },
                "border_color": "#FFFFFF29",
                "content_width": {
                    "unit": "px",
                    "size": 1180,
                    "sizes": []
                },
                "background_color": "#2065AE",
                "background_color_stop": {
                    "unit": "%",
                    "size": 37,
                    "sizes": []
                },
                "background_color_b": "#42A6EF",
                "background_color_b_stop": {
                    "unit": "%",
                    "size": 37,
                    "sizes": []
                },
                "background_gradient_angle": {
                    "unit": "deg",
                    "size": 270,
                    "sizes": []
                },
                "padding_mobile": {
                    "unit": "px",
                    "top": "10",
                    "right": "15",
                    "bottom": "10",
                    "left": "15",
                    "isLinked": false
                },
                "gap": "no"
            },
            "elements": [
                {
                    "id": "5b72ce65",
                    "settings": {
                        "_column_size": 25,
                        "_inline_size": 20,
                        "_inline_size_mobile": 50,
                        "_inline_size_tablet": 30,
                        "content_position": "center",
                        "padding_tablet": {
                            "unit": "px",
                            "top": "10",
                            "right": "10",
                            "bottom": "10",
                            "left": "0",
                            "isLinked": false
                        }
                    },
                    "elements": [
                        {
                            "id": "757c750d",
                            "settings": {
                                "image": {
                                    "id": 376,
                                    "url": "https:\/\/templatekit.jegtheme.com\/ristera\/wp-content\/uploads\/sites\/211\/2021\/11\/ristera-logo.png",
                                    "alt": "",
                                    "source": "library"
                                },
                                "align": "left",
                                "width": {
                                    "unit": "%",
                                    "size": 65,
                                    "sizes": []
                                },
                                "width_mobile": {
                                    "unit": "%",
                                    "size": 93,
                                    "sizes": []
                                },
                                "_element_custom_width": {
                                    "unit": "px",
                                    "size": 175,
                                    "sizes": []
                                }
                            },
                            "elements": [],
                            "isInner": false,
                            "widgetType": "image",
                            "elType": "widget"
                        }
                    ],
                    "isInner": false,
                    "elType": "column"
                },
                {
                    "id": "7d7d609f",
                    "settings": {
                        "_column_size": 50,
                        "_inline_size": 60,
                        "_inline_size_mobile": 50,
                        "_inline_size_tablet": 70,
                        "padding": {
                            "unit": "px",
                            "top": "0",
                            "right": "0",
                            "bottom": "0",
                            "left": "0",
                            "isLinked": false
                        },
                        "margin_tablet": {
                            "unit": "px",
                            "top": "0",
                            "right": "0",
                            "bottom": "0",
                            "left": "0",
                            "isLinked": false
                        },
                        "padding_tablet": {
                            "unit": "px",
                            "top": "0",
                            "right": "0",
                            "bottom": "0",
                            "left": "0",
                            "isLinked": false
                        },
                        "align": "flex-end"
                    },
                    "elements": [
                        {
                            "id": "1713949",
                            "settings": {
                                "sg_menu_choose": "menu-1",
                                "sg_mobile_menu_logo": {
                                    "id": 376,
                                    "url": "https:\/\/templatekit.jegtheme.com\/ristera\/wp-content\/uploads\/sites\/211\/2021\/11\/ristera-logo.png",
                                    "alt": "",
                                    "source": "library"
                                },
                                "sg_mobile_menu_logo_size_imagesize_size": "full",
                                "sg_mobile_menu_icon": {
                                    "value": "jki jki-menu-11-light",
                                    "library": "jkiticon"
                                },
                                "st_menu_wrapper_padding_responsive": {
                                    "unit": "px",
                                    "top": "0",
                                    "right": "0",
                                    "bottom": "0",
                                    "left": "0",
                                    "isLinked": false
                                },
                                "st_menu_wrapper_padding_responsive_tablet": {
                                    "unit": "px",
                                    "top": "20",
                                    "right": "20",
                                    "bottom": "0",
                                    "left": "20",
                                    "isLinked": false
                                },
                                "st_menu_wrapper_margin_responsive": {
                                    "unit": "px",
                                    "top": "0",
                                    "right": "0",
                                    "bottom": "0",
                                    "left": "0",
                                    "isLinked": false
                                },
                                "st_menu_wrapper_margin_responsive_tablet": {
                                    "unit": "px",
                                    "top": "0",
                                    "right": "0",
                                    "bottom": "0",
                                    "left": "0",
                                    "isLinked": false
                                },
                                "st_menu_wrapper_border_radius_responsive": {
                                    "unit": "px",
                                    "top": "0",
                                    "right": "0",
                                    "bottom": "0",
                                    "left": "0",
                                    "isLinked": false
                                },
                                "st_menu_item_spacing_responsive": {
                                    "unit": "px",
                                    "top": "0",
                                    "right": "20",
                                    "bottom": "0",
                                    "left": "20",
                                    "isLinked": false
                                },
                                "st_menu_item_spacing_responsive_tablet": {
                                    "unit": "px",
                                    "top": "10",
                                    "right": "20",
                                    "bottom": "15",
                                    "left": "10",
                                    "isLinked": false
                                },
                                "st_submenu_item_indicator": {
                                    "value": "jki jki-down-arrow1-light",
                                    "library": "jkiticon"
                                },
                                "st_submenu_item_indicator_margin_responsive": {
                                    "unit": "px",
                                    "top": "3",
                                    "right": "0",
                                    "bottom": "0",
                                    "left": "10",
                                    "isLinked": false
                                },
                                "st_submenu_item_indicator_border_border_width_tablet": {
                                    "unit": "px",
                                    "top": "0",
                                    "right": "0",
                                    "bottom": "0",
                                    "left": "0",
                                    "isLinked": true
                                },
                                "st_submenu_panel_padding_responsive": {
                                    "unit": "px",
                                    "top": "10",
                                    "right": "10",
                                    "bottom": "10",
                                    "left": "10",
                                    "isLinked": true
                                },
                                "st_submenu_panel_padding_responsive_tablet": {
                                    "unit": "px",
                                    "top": "10",
                                    "right": "10",
                                    "bottom": "10",
                                    "left": "5",
                                    "isLinked": false
                                },
                                "st_submenu_panel_border_radius_responsive": {
                                    "unit": "px",
                                    "top": "5",
                                    "right": "5",
                                    "bottom": "5",
                                    "left": "5",
                                    "isLinked": true
                                },
                                "st_submenu_panel_border_radius_responsive_tablet": {
                                    "unit": "px",
                                    "top": "10",
                                    "right": "10",
                                    "bottom": "10",
                                    "left": "10",
                                    "isLinked": true
                                },
                                "st_hamburger_menu_position_responsive_tablet": "right",
                                "st_hamburger_menu_icon_background_background_background": "gradient",
                                "st_hamburger_menu_icon_background_background_color": "#FFFFFF00",
                                "st_hamburger_menu_icon_border_border_border": "solid",
                                "st_hamburger_menu_icon_border_border_width_tablet": {
                                    "unit": "px",
                                    "top": "0",
                                    "right": "0",
                                    "bottom": "0",
                                    "left": "0",
                                    "isLinked": true
                                },
                                "st_hamburger_menu_close_background_background_background": "gradient",
                                "st_hamburger_menu_close_border_border_border": "solid",
                                "st_hamburger_menu_close_border_border_width_tablet": {
                                    "unit": "px",
                                    "top": "0",
                                    "right": "0",
                                    "bottom": "0",
                                    "left": "0",
                                    "isLinked": true
                                },
                                "__globals__": {
                                    "st_menu_item_typography_content_typography_typography": "globals\/typography?id=text",
                                    "st_menu_item_text_normal_color_responsive": "globals\/colors?id=primary",
                                    "st_menu_item_text_hover_color_responsive": "globals\/colors?id=752b75c",
                                    "st_menu_item_text_active_color_responsive": "globals\/colors?id=752b75c",
                                    "st_submenu_item_indicator_color_responsive": "",
                                    "st_submenu_panel_background_background_color": "globals\/colors?id=69960d1",
                                    "st_submenu_item_text_normal_color_responsive": "globals\/colors?id=primary",
                                    "st_submenu_item_text_hover_color_responsive": "globals\/colors?id=69960d1",
                                    "st_submenu_item_text_active_color_responsive": "",
                                    "st_submenu_item_typography_content_typography_typography": "globals\/typography?id=accent",
                                    "st_menu_wrapper_mobile_color_tablet_responsive_tablet": "globals\/colors?id=69960d1",
                                    "st_menu_item_text_normal_color_responsive_tablet": "globals\/colors?id=primary",
                                    "st_menu_item_text_hover_color_responsive_tablet": "globals\/colors?id=752b75c",
                                    "st_menu_item_text_active_color_responsive_tablet": "globals\/colors?id=752b75c",
                                    "st_submenu_item_indicator_color_responsive_tablet": "",
                                    "st_hamburger_menu_icon_color_responsive_tablet": "globals\/colors?id=e1d46cd",
                                    "st_hamburger_menu_icon_color_hover_responsive_tablet": "globals\/colors?id=752b75c",
                                    "st_hamburger_menu_close_color_responsive_tablet": "globals\/colors?id=69960d1",
                                    "st_hamburger_menu_close_color_hover_responsive_tablet": "globals\/colors?id=69960d1",
                                    "st_menu_wrapper_background_background_color": "",
                                    "st_submenu_item_indicator_border_border_color": "",
                                    "st_hamburger_menu_icon_color_responsive_mobile": "globals\/colors?id=e1d46cd",
                                    "st_submenu_item_text_hover_bg_background_color": "globals\/colors?id=752b75c",
                                    "st_submenu_item_text_active_bg_background_color": "globals\/colors?id=752b75c",
                                    "st_hamburger_menu_close_background_background_color": "globals\/colors?id=752b75c",
                                    "st_hamburger_menu_close_background_background_color_b": "globals\/colors?id=752b75c",
                                    "st_hamburger_menu_close_background_hover_background_color": "globals\/colors?id=e1d46cd",
                                    "st_hamburger_menu_close_background_hover_background_color_b": "globals\/colors?id=e1d46cd",
                                    "st_submenu_item_text_normal_color_responsive_tablet": "globals\/colors?id=primary",
                                    "st_submenu_item_text_hover_color_responsive_tablet": "globals\/colors?id=69960d1",
                                    "st_submenu_item_text_active_color_responsive_tablet": "globals\/colors?id=69960d1",
                                    "st_hamburger_menu_icon_color_hover_responsive_mobile": "globals\/colors?id=752b75c"
                                },
                                "st_submenu_item_text_active_color_responsive": "#FFFFFF",
                                "st_submenu_panel_box_shadow_box_shadow_box_shadow_type": "yes",
                                "st_submenu_panel_box_shadow_box_shadow_box_shadow": {
                                    "horizontal": 0,
                                    "vertical": 0,
                                    "blur": 0,
                                    "spread": 0,
                                    "color": "rgba(0,0,0,0.5)"
                                },
                                "st_submenu_item_indicator_border_radius_responsive_tablet": {
                                    "unit": "px",
                                    "top": "10",
                                    "right": "10",
                                    "bottom": "10",
                                    "left": "10",
                                    "isLinked": true
                                },
                                "st_submenu_item_indicator_border_border_border": "solid",
                                "st_submenu_item_indicator_border_border_width": {
                                    "unit": "px",
                                    "top": "0",
                                    "right": "0",
                                    "bottom": "0",
                                    "left": "0",
                                    "isLinked": true
                                },
                                "st_hamburger_menu_icon_border_radius_responsive_tablet": {
                                    "unit": "px",
                                    "top": "10",
                                    "right": "10",
                                    "bottom": "10",
                                    "left": "10",
                                    "isLinked": true
                                },
                                "st_hamburger_menu_icon_padding_responsive_tablet": {
                                    "unit": "px",
                                    "top": "10",
                                    "right": "10",
                                    "bottom": "10",
                                    "left": "10",
                                    "isLinked": true
                                },
                                "st_hamburger_menu_close_border_radius_responsive_tablet": {
                                    "unit": "px",
                                    "top": "15",
                                    "right": "15",
                                    "bottom": "15",
                                    "left": "15",
                                    "isLinked": true
                                },
                                "st_hamburger_menu_close_margin_responsive_tablet": {
                                    "unit": "px",
                                    "top": "2",
                                    "right": "20",
                                    "bottom": "0",
                                    "left": "0",
                                    "isLinked": false
                                },
                                "st_hamburger_menu_icon_size_responsive_tablet": {
                                    "unit": "px",
                                    "size": 21,
                                    "sizes": []
                                },
                                "st_submenu_item_spacing_responsive": {
                                    "unit": "px",
                                    "top": "15",
                                    "right": "15",
                                    "bottom": "15",
                                    "left": "15",
                                    "isLinked": true
                                },
                                "sg_menu_alignment_responsive": "center",
                                "st_submenu_item_text_hover_bg_background_background": "classic",
                                "st_submenu_item_text_active_bg_background_background": "classic",
                                "sg_mobile_close_icon": {
                                    "value": "jki jki-times-solid",
                                    "library": "jkiticon"
                                },
                                "st_hamburger_menu_close_icon_size_responsive_tablet": {
                                    "unit": "px",
                                    "size": 20,
                                    "sizes": []
                                },
                                "st_submenu_panel_background_background_background": "classic",
                                "st_hamburger_menu_icon_background_background_color_b": "#F2295B00",
                                "st_hamburger_menu_close_background_hover_background_background": "gradient"
                            },
                            "elements": [],
                            "isInner": false,
                            "widgetType": "jkit_nav_menu",
                            "elType": "widget"
                        }
                    ],
                    "isInner": false,
                    "elType": "column"
                },
                {
                    "id": "2c11aee7",
                    "settings": {
                        "_column_size": 25,
                        "_inline_size": 20,
                        "hide_tablet": "hidden-tablet",
                        "hide_mobile": "hidden-phone",
                        "align": "flex-end"
                    },
                    "elements": [
                        {
                            "id": "98b8d77",
                            "settings": {
                                "sg_content_label": "0700 123 765",
                                "sg_content_icon_enable": "yes",
                                "sg_content_icon": {
                                    "value": "fas fa-phone-alt",
                                    "library": "fa-solid"
                                },
                                "st_button_width_responsive": {
                                    "unit": "%",
                                    "size": "",
                                    "sizes": []
                                },
                                "st_button_padding_responsive": {
                                    "unit": "px",
                                    "top": "16",
                                    "right": "40",
                                    "bottom": "16",
                                    "left": "40",
                                    "isLinked": false
                                },
                                "st_button_normal_color_responsive": "#FFFFFF",
                                "st_button_normal_background_background_background": "gradient",
                                "st_button_hover_background_background_background": "gradient",
                                "st_border_normal_border_border_width": {
                                    "unit": "px",
                                    "top": "1",
                                    "right": "1",
                                    "bottom": "1",
                                    "left": "1",
                                    "isLinked": true
                                },
                                "st_border_normal_border_border_color": "#194B81",
                                "st_border_normal_border_radius_responsive": {
                                    "unit": "px",
                                    "top": "50",
                                    "right": "50",
                                    "bottom": "50",
                                    "left": "50",
                                    "isLinked": true
                                },
                                "st_icon_size_responsive": {
                                    "unit": "px",
                                    "size": 14,
                                    "sizes": []
                                },
                                "st_icon_spacing_responsive": {
                                    "unit": "px",
                                    "size": 10,
                                    "sizes": []
                                },
                                "st_icon_vertical_position_responsive": {
                                    "unit": "px",
                                    "size": -1,
                                    "sizes": []
                                },
                                "__globals__": {
                                    "st_button_typography_content_typography_typography": "globals\/typography?id=7ebb5c9",
                                    "st_button_normal_background_background_color": "globals\/colors?id=a745ffd",
                                    "st_button_hover_background_background_color": "globals\/colors?id=752b75c",
                                    "st_button_normal_background_background_color_b": "globals\/colors?id=e1d46cd",
                                    "st_button_hover_background_background_color_b": "globals\/colors?id=752b75c"
                                },
                                "st_content_alignment_responsive": "right",
                                "st_button_typography_content_typography_typography": "custom",
                                "st_button_typography_content_typography_font_family": "DM Sans",
                                "st_button_typography_content_typography_font_size": {
                                    "unit": "px",
                                    "size": 16,
                                    "sizes": []
                                },
                                "st_button_typography_content_typography_font_weight": "400",
                                "st_button_typography_content_typography_line_height": {
                                    "unit": "em",
                                    "size": "",
                                    "sizes": []
                                },
                                "st_button_normal_background_background_color_b_stop": {
                                    "unit": "%",
                                    "size": 75,
                                    "sizes": []
                                },
                                "st_button_normal_background_background_gradient_angle": {
                                    "unit": "deg",
                                    "size": 190,
                                    "sizes": []
                                }
                            },
                            "elements": [],
                            "isInner": false,
                            "widgetType": "jkit_button",
                            "elType": "widget"
                        }
                    ],
                    "isInner": false,
                    "elType": "column"
                }
            ],
            "isInner": false,
            "elType": "section"
        }
    ]
}