{
    "version": "0.4",
    "title": "Metform &#8211; Contact Us Form",
    "type": "section",
    "metadata": {
        "template_type": "section-contact",
        "include_in_zip": "1",
        "elementor_pro_required": null,
        "wp_page_template": "elementor_canvas"
    },
    "content": [
        {
            "id": "1044c33d",
            "settings": {
                "gap": "no",
                "box_shadow_box_shadow": {
                    "horizontal": 30,
                    "vertical": 30,
                    "blur": 80,
                    "spread": 0,
                    "color": "rgba(0,0,0,0.1)"
                },
                "border_radius": {
                    "unit": "px",
                    "top": "0",
                    "right": "0",
                    "bottom": "0",
                    "left": "0",
                    "isLinked": true
                },
                "padding_tablet": {
                    "unit": "px",
                    "top": "33",
                    "right": "15",
                    "bottom": "35",
                    "left": "15",
                    "isLinked": false
                },
                "__globals__": {
                    "background_color": ""
                },
                "background_color": "#000000",
                "jet_sticky_section_sticky": "",
                "jet_sticky_section_sticky_visibility": [
                    "desktop",
                    "tablet",
                    "mobile"
                ],
                "jet_sticky_section_sticky_z_index": "",
                "jet_sticky_section_sticky_max_width": {
                    "unit": "px",
                    "size": "",
                    "sizes": []
                },
                "jet_sticky_section_sticky_margin": {
                    "unit": "px",
                    "top": "",
                    "right": "",
                    "bottom": "",
                    "left": "",
                    "isLinked": true
                },
                "jet_sticky_section_sticky_margin_tablet": {
                    "unit": "px",
                    "top": "",
                    "right": "",
                    "bottom": "",
                    "left": "",
                    "isLinked": true
                },
                "jet_sticky_section_sticky_margin_mobile": {
                    "unit": "px",
                    "top": "",
                    "right": "",
                    "bottom": "",
                    "left": "",
                    "isLinked": true
                },
                "jet_sticky_section_sticky_padding": {
                    "unit": "px",
                    "top": "",
                    "right": "",
                    "bottom": "",
                    "left": "",
                    "isLinked": true
                },
                "jet_sticky_section_sticky_padding_tablet": {
                    "unit": "px",
                    "top": "",
                    "right": "",
                    "bottom": "",
                    "left": "",
                    "isLinked": true
                },
                "jet_sticky_section_sticky_padding_mobile": {
                    "unit": "px",
                    "top": "",
                    "right": "",
                    "bottom": "",
                    "left": "",
                    "isLinked": true
                },
                "jet_sticky_section_sticky_background_background": "",
                "jet_sticky_section_sticky_background_color": "",
                "jet_sticky_section_sticky_background_color_stop": {
                    "unit": "%",
                    "size": 0,
                    "sizes": []
                },
                "jet_sticky_section_sticky_background_color_b": "#f2295b",
                "jet_sticky_section_sticky_background_color_b_stop": {
                    "unit": "%",
                    "size": 100,
                    "sizes": []
                },
                "jet_sticky_section_sticky_background_gradient_type": "linear",
                "jet_sticky_section_sticky_background_gradient_angle": {
                    "unit": "deg",
                    "size": 180,
                    "sizes": []
                },
                "jet_sticky_section_sticky_background_gradient_position": "center center",
                "jet_sticky_section_sticky_background_image": {
                    "url": "",
                    "id": ""
                },
                "jet_sticky_section_sticky_background_image_tablet": {
                    "url": "",
                    "id": ""
                },
                "jet_sticky_section_sticky_background_image_mobile": {
                    "url": "",
                    "id": ""
                },
                "jet_sticky_section_sticky_background_position": "",
                "jet_sticky_section_sticky_background_position_tablet": "",
                "jet_sticky_section_sticky_background_position_mobile": "",
                "jet_sticky_section_sticky_background_xpos": {
                    "unit": "px",
                    "size": 0,
                    "sizes": []
                },
                "jet_sticky_section_sticky_background_xpos_tablet": {
                    "unit": "px",
                    "size": 0,
                    "sizes": []
                },
                "jet_sticky_section_sticky_background_xpos_mobile": {
                    "unit": "px",
                    "size": 0,
                    "sizes": []
                },
                "jet_sticky_section_sticky_background_ypos": {
                    "unit": "px",
                    "size": 0,
                    "sizes": []
                },
                "jet_sticky_section_sticky_background_ypos_tablet": {
                    "unit": "px",
                    "size": 0,
                    "sizes": []
                },
                "jet_sticky_section_sticky_background_ypos_mobile": {
                    "unit": "px",
                    "size": 0,
                    "sizes": []
                },
                "jet_sticky_section_sticky_background_attachment": "",
                "jet_sticky_section_sticky_background_repeat": "",
                "jet_sticky_section_sticky_background_repeat_tablet": "",
                "jet_sticky_section_sticky_background_repeat_mobile": "",
                "jet_sticky_section_sticky_background_size": "",
                "jet_sticky_section_sticky_background_size_tablet": "",
                "jet_sticky_section_sticky_background_size_mobile": "",
                "jet_sticky_section_sticky_background_bg_width": {
                    "unit": "%",
                    "size": 100,
                    "sizes": []
                },
                "jet_sticky_section_sticky_background_bg_width_tablet": {
                    "unit": "px",
                    "size": "",
                    "sizes": []
                },
                "jet_sticky_section_sticky_background_bg_width_mobile": {
                    "unit": "px",
                    "size": "",
                    "sizes": []
                },
                "jet_sticky_section_sticky_background_video_link": "",
                "jet_sticky_section_sticky_background_video_start": "",
                "jet_sticky_section_sticky_background_video_end": "",
                "jet_sticky_section_sticky_background_play_once": "",
                "jet_sticky_section_sticky_background_play_on_mobile": "",
                "jet_sticky_section_sticky_background_privacy_mode": "",
                "jet_sticky_section_sticky_background_video_fallback": {
                    "url": "",
                    "id": ""
                },
                "jet_sticky_section_sticky_background_slideshow_gallery": [],
                "jet_sticky_section_sticky_background_slideshow_loop": "yes",
                "jet_sticky_section_sticky_background_slideshow_slide_duration": 5000,
                "jet_sticky_section_sticky_background_slideshow_slide_transition": "fade",
                "jet_sticky_section_sticky_background_slideshow_transition_duration": 500,
                "jet_sticky_section_sticky_background_slideshow_background_size": "",
                "jet_sticky_section_sticky_background_slideshow_background_size_tablet": "",
                "jet_sticky_section_sticky_background_slideshow_background_size_mobile": "",
                "jet_sticky_section_sticky_background_slideshow_background_position": "",
                "jet_sticky_section_sticky_background_slideshow_background_position_tablet": "",
                "jet_sticky_section_sticky_background_slideshow_background_position_mobile": "",
                "jet_sticky_section_sticky_background_slideshow_ken_burns": "",
                "jet_sticky_section_sticky_background_slideshow_ken_burns_zoom_direction": "in",
                "jet_sticky_section_sticky_box_shadow_box_shadow_type": "",
                "jet_sticky_section_sticky_box_shadow_box_shadow": {
                    "horizontal": 0,
                    "vertical": 0,
                    "blur": 10,
                    "spread": 0,
                    "color": "rgba(0,0,0,0.5)"
                },
                "jet_sticky_section_sticky_box_shadow_box_shadow_position": " ",
                "jet_sticky_section_sticky_transition": {
                    "unit": "px",
                    "size": 0.1,
                    "sizes": []
                },
                "ekit_has_onepagescroll": "",
                "ekit_control_get_pro": "1"
            },
            "elements": [
                {
                    "id": "60384aa0",
                    "settings": {
                        "_column_size": 100,
                        "_inline_size": null,
                        "jet_sticky_column_sticky_enable": "false",
                        "jet_sticky_column_sticky_top_spacing": 50,
                        "jet_sticky_column_sticky_bottom_spacing": 50,
                        "jet_sticky_column_sticky_enable_on": [
                            "desktop",
                            "tablet"
                        ]
                    },
                    "elements": [
                        {
                            "id": "64fba748",
                            "settings": {
                                "gap": "no",
                                "margin": {
                                    "unit": "px",
                                    "top": "0",
                                    "right": 0,
                                    "bottom": "0",
                                    "left": 0,
                                    "isLinked": false
                                },
                                "padding": {
                                    "unit": "px",
                                    "top": "0",
                                    "right": "0",
                                    "bottom": "0",
                                    "left": "0",
                                    "isLinked": false
                                },
                                "jet_sticky_section_sticky": "",
                                "jet_sticky_section_sticky_visibility": [
                                    "desktop",
                                    "tablet",
                                    "mobile"
                                ],
                                "jet_sticky_section_sticky_z_index": "",
                                "jet_sticky_section_sticky_max_width": {
                                    "unit": "px",
                                    "size": "",
                                    "sizes": []
                                },
                                "jet_sticky_section_sticky_margin": {
                                    "unit": "px",
                                    "top": "",
                                    "right": "",
                                    "bottom": "",
                                    "left": "",
                                    "isLinked": true
                                },
                                "jet_sticky_section_sticky_margin_tablet": {
                                    "unit": "px",
                                    "top": "",
                                    "right": "",
                                    "bottom": "",
                                    "left": "",
                                    "isLinked": true
                                },
                                "jet_sticky_section_sticky_margin_mobile": {
                                    "unit": "px",
                                    "top": "",
                                    "right": "",
                                    "bottom": "",
                                    "left": "",
                                    "isLinked": true
                                },
                                "jet_sticky_section_sticky_padding": {
                                    "unit": "px",
                                    "top": "",
                                    "right": "",
                                    "bottom": "",
                                    "left": "",
                                    "isLinked": true
                                },
                                "jet_sticky_section_sticky_padding_tablet": {
                                    "unit": "px",
                                    "top": "",
                                    "right": "",
                                    "bottom": "",
                                    "left": "",
                                    "isLinked": true
                                },
                                "jet_sticky_section_sticky_padding_mobile": {
                                    "unit": "px",
                                    "top": "",
                                    "right": "",
                                    "bottom": "",
                                    "left": "",
                                    "isLinked": true
                                },
                                "jet_sticky_section_sticky_background_background": "",
                                "jet_sticky_section_sticky_background_color": "",
                                "jet_sticky_section_sticky_background_color_stop": {
                                    "unit": "%",
                                    "size": 0,
                                    "sizes": []
                                },
                                "jet_sticky_section_sticky_background_color_b": "#f2295b",
                                "jet_sticky_section_sticky_background_color_b_stop": {
                                    "unit": "%",
                                    "size": 100,
                                    "sizes": []
                                },
                                "jet_sticky_section_sticky_background_gradient_type": "linear",
                                "jet_sticky_section_sticky_background_gradient_angle": {
                                    "unit": "deg",
                                    "size": 180,
                                    "sizes": []
                                },
                                "jet_sticky_section_sticky_background_gradient_position": "center center",
                                "jet_sticky_section_sticky_background_image": {
                                    "url": "",
                                    "id": ""
                                },
                                "jet_sticky_section_sticky_background_image_tablet": {
                                    "url": "",
                                    "id": ""
                                },
                                "jet_sticky_section_sticky_background_image_mobile": {
                                    "url": "",
                                    "id": ""
                                },
                                "jet_sticky_section_sticky_background_position": "",
                                "jet_sticky_section_sticky_background_position_tablet": "",
                                "jet_sticky_section_sticky_background_position_mobile": "",
                                "jet_sticky_section_sticky_background_xpos": {
                                    "unit": "px",
                                    "size": 0,
                                    "sizes": []
                                },
                                "jet_sticky_section_sticky_background_xpos_tablet": {
                                    "unit": "px",
                                    "size": 0,
                                    "sizes": []
                                },
                                "jet_sticky_section_sticky_background_xpos_mobile": {
                                    "unit": "px",
                                    "size": 0,
                                    "sizes": []
                                },
                                "jet_sticky_section_sticky_background_ypos": {
                                    "unit": "px",
                                    "size": 0,
                                    "sizes": []
                                },
                                "jet_sticky_section_sticky_background_ypos_tablet": {
                                    "unit": "px",
                                    "size": 0,
                                    "sizes": []
                                },
                                "jet_sticky_section_sticky_background_ypos_mobile": {
                                    "unit": "px",
                                    "size": 0,
                                    "sizes": []
                                },
                                "jet_sticky_section_sticky_background_attachment": "",
                                "jet_sticky_section_sticky_background_repeat": "",
                                "jet_sticky_section_sticky_background_repeat_tablet": "",
                                "jet_sticky_section_sticky_background_repeat_mobile": "",
                                "jet_sticky_section_sticky_background_size": "",
                                "jet_sticky_section_sticky_background_size_tablet": "",
                                "jet_sticky_section_sticky_background_size_mobile": "",
                                "jet_sticky_section_sticky_background_bg_width": {
                                    "unit": "%",
                                    "size": 100,
                                    "sizes": []
                                },
                                "jet_sticky_section_sticky_background_bg_width_tablet": {
                                    "unit": "px",
                                    "size": "",
                                    "sizes": []
                                },
                                "jet_sticky_section_sticky_background_bg_width_mobile": {
                                    "unit": "px",
                                    "size": "",
                                    "sizes": []
                                },
                                "jet_sticky_section_sticky_background_video_link": "",
                                "jet_sticky_section_sticky_background_video_start": "",
                                "jet_sticky_section_sticky_background_video_end": "",
                                "jet_sticky_section_sticky_background_play_once": "",
                                "jet_sticky_section_sticky_background_play_on_mobile": "",
                                "jet_sticky_section_sticky_background_privacy_mode": "",
                                "jet_sticky_section_sticky_background_video_fallback": {
                                    "url": "",
                                    "id": ""
                                },
                                "jet_sticky_section_sticky_background_slideshow_gallery": [],
                                "jet_sticky_section_sticky_background_slideshow_loop": "yes",
                                "jet_sticky_section_sticky_background_slideshow_slide_duration": 5000,
                                "jet_sticky_section_sticky_background_slideshow_slide_transition": "fade",
                                "jet_sticky_section_sticky_background_slideshow_transition_duration": 500,
                                "jet_sticky_section_sticky_background_slideshow_background_size": "",
                                "jet_sticky_section_sticky_background_slideshow_background_size_tablet": "",
                                "jet_sticky_section_sticky_background_slideshow_background_size_mobile": "",
                                "jet_sticky_section_sticky_background_slideshow_background_position": "",
                                "jet_sticky_section_sticky_background_slideshow_background_position_tablet": "",
                                "jet_sticky_section_sticky_background_slideshow_background_position_mobile": "",
                                "jet_sticky_section_sticky_background_slideshow_ken_burns": "",
                                "jet_sticky_section_sticky_background_slideshow_ken_burns_zoom_direction": "in",
                                "jet_sticky_section_sticky_box_shadow_box_shadow_type": "",
                                "jet_sticky_section_sticky_box_shadow_box_shadow": {
                                    "horizontal": 0,
                                    "vertical": 0,
                                    "blur": 10,
                                    "spread": 0,
                                    "color": "rgba(0,0,0,0.5)"
                                },
                                "jet_sticky_section_sticky_box_shadow_box_shadow_position": " ",
                                "jet_sticky_section_sticky_transition": {
                                    "unit": "px",
                                    "size": 0.1,
                                    "sizes": []
                                },
                                "ekit_has_onepagescroll": "",
                                "ekit_control_get_pro": "1"
                            },
                            "elements": [
                                {
                                    "id": "5789fd4b",
                                    "settings": {
                                        "_column_size": 100,
                                        "_inline_size": null,
                                        "space_between_widgets": 0,
                                        "margin": {
                                            "unit": "px",
                                            "top": "0",
                                            "right": "0",
                                            "bottom": "0",
                                            "left": "0",
                                            "isLinked": false
                                        },
                                        "jet_sticky_column_sticky_enable": "false",
                                        "jet_sticky_column_sticky_top_spacing": 50,
                                        "jet_sticky_column_sticky_bottom_spacing": 50,
                                        "jet_sticky_column_sticky_enable_on": [
                                            "desktop",
                                            "tablet"
                                        ]
                                    },
                                    "elements": [
                                        {
                                            "id": "26954902",
                                            "settings": {
                                                "title": "Your Details",
                                                "_padding": {
                                                    "unit": "px",
                                                    "top": "0",
                                                    "right": "0",
                                                    "bottom": "0",
                                                    "left": "0",
                                                    "isLinked": false
                                                },
                                                "_margin": {
                                                    "unit": "px",
                                                    "top": "0",
                                                    "right": "0",
                                                    "bottom": "25",
                                                    "left": "0",
                                                    "isLinked": false
                                                },
                                                "__globals__": {
                                                    "title_color": "globals\/colors?id=primary",
                                                    "typography_typography": "globals\/typography?id=5845402"
                                                },
                                                "header_size": "h4"
                                            },
                                            "elements": [],
                                            "isInner": false,
                                            "widgetType": "heading",
                                            "elType": "widget"
                                        }
                                    ],
                                    "isInner": true,
                                    "elType": "column"
                                }
                            ],
                            "isInner": true,
                            "elType": "section"
                        },
                        {
                            "id": "4718be",
                            "settings": {
                                "gap": "no",
                                "structure": "20",
                                "jet_sticky_section_sticky": "",
                                "jet_sticky_section_sticky_visibility": [
                                    "desktop",
                                    "tablet",
                                    "mobile"
                                ],
                                "jet_sticky_section_sticky_z_index": "",
                                "jet_sticky_section_sticky_max_width": {
                                    "unit": "px",
                                    "size": "",
                                    "sizes": []
                                },
                                "jet_sticky_section_sticky_margin": {
                                    "unit": "px",
                                    "top": "",
                                    "right": "",
                                    "bottom": "",
                                    "left": "",
                                    "isLinked": true
                                },
                                "jet_sticky_section_sticky_margin_tablet": {
                                    "unit": "px",
                                    "top": "",
                                    "right": "",
                                    "bottom": "",
                                    "left": "",
                                    "isLinked": true
                                },
                                "jet_sticky_section_sticky_margin_mobile": {
                                    "unit": "px",
                                    "top": "",
                                    "right": "",
                                    "bottom": "",
                                    "left": "",
                                    "isLinked": true
                                },
                                "jet_sticky_section_sticky_padding": {
                                    "unit": "px",
                                    "top": "",
                                    "right": "",
                                    "bottom": "",
                                    "left": "",
                                    "isLinked": true
                                },
                                "jet_sticky_section_sticky_padding_tablet": {
                                    "unit": "px",
                                    "top": "",
                                    "right": "",
                                    "bottom": "",
                                    "left": "",
                                    "isLinked": true
                                },
                                "jet_sticky_section_sticky_padding_mobile": {
                                    "unit": "px",
                                    "top": "",
                                    "right": "",
                                    "bottom": "",
                                    "left": "",
                                    "isLinked": true
                                },
                                "jet_sticky_section_sticky_background_background": "",
                                "jet_sticky_section_sticky_background_color": "",
                                "jet_sticky_section_sticky_background_color_stop": {
                                    "unit": "%",
                                    "size": 0,
                                    "sizes": []
                                },
                                "jet_sticky_section_sticky_background_color_b": "#f2295b",
                                "jet_sticky_section_sticky_background_color_b_stop": {
                                    "unit": "%",
                                    "size": 100,
                                    "sizes": []
                                },
                                "jet_sticky_section_sticky_background_gradient_type": "linear",
                                "jet_sticky_section_sticky_background_gradient_angle": {
                                    "unit": "deg",
                                    "size": 180,
                                    "sizes": []
                                },
                                "jet_sticky_section_sticky_background_gradient_position": "center center",
                                "jet_sticky_section_sticky_background_image": {
                                    "url": "",
                                    "id": ""
                                },
                                "jet_sticky_section_sticky_background_image_tablet": {
                                    "url": "",
                                    "id": ""
                                },
                                "jet_sticky_section_sticky_background_image_mobile": {
                                    "url": "",
                                    "id": ""
                                },
                                "jet_sticky_section_sticky_background_position": "",
                                "jet_sticky_section_sticky_background_position_tablet": "",
                                "jet_sticky_section_sticky_background_position_mobile": "",
                                "jet_sticky_section_sticky_background_xpos": {
                                    "unit": "px",
                                    "size": 0,
                                    "sizes": []
                                },
                                "jet_sticky_section_sticky_background_xpos_tablet": {
                                    "unit": "px",
                                    "size": 0,
                                    "sizes": []
                                },
                                "jet_sticky_section_sticky_background_xpos_mobile": {
                                    "unit": "px",
                                    "size": 0,
                                    "sizes": []
                                },
                                "jet_sticky_section_sticky_background_ypos": {
                                    "unit": "px",
                                    "size": 0,
                                    "sizes": []
                                },
                                "jet_sticky_section_sticky_background_ypos_tablet": {
                                    "unit": "px",
                                    "size": 0,
                                    "sizes": []
                                },
                                "jet_sticky_section_sticky_background_ypos_mobile": {
                                    "unit": "px",
                                    "size": 0,
                                    "sizes": []
                                },
                                "jet_sticky_section_sticky_background_attachment": "",
                                "jet_sticky_section_sticky_background_repeat": "",
                                "jet_sticky_section_sticky_background_repeat_tablet": "",
                                "jet_sticky_section_sticky_background_repeat_mobile": "",
                                "jet_sticky_section_sticky_background_size": "",
                                "jet_sticky_section_sticky_background_size_tablet": "",
                                "jet_sticky_section_sticky_background_size_mobile": "",
                                "jet_sticky_section_sticky_background_bg_width": {
                                    "unit": "%",
                                    "size": 100,
                                    "sizes": []
                                },
                                "jet_sticky_section_sticky_background_bg_width_tablet": {
                                    "unit": "px",
                                    "size": "",
                                    "sizes": []
                                },
                                "jet_sticky_section_sticky_background_bg_width_mobile": {
                                    "unit": "px",
                                    "size": "",
                                    "sizes": []
                                },
                                "jet_sticky_section_sticky_background_video_link": "",
                                "jet_sticky_section_sticky_background_video_start": "",
                                "jet_sticky_section_sticky_background_video_end": "",
                                "jet_sticky_section_sticky_background_play_once": "",
                                "jet_sticky_section_sticky_background_play_on_mobile": "",
                                "jet_sticky_section_sticky_background_privacy_mode": "",
                                "jet_sticky_section_sticky_background_video_fallback": {
                                    "url": "",
                                    "id": ""
                                },
                                "jet_sticky_section_sticky_background_slideshow_gallery": [],
                                "jet_sticky_section_sticky_background_slideshow_loop": "yes",
                                "jet_sticky_section_sticky_background_slideshow_slide_duration": 5000,
                                "jet_sticky_section_sticky_background_slideshow_slide_transition": "fade",
                                "jet_sticky_section_sticky_background_slideshow_transition_duration": 500,
                                "jet_sticky_section_sticky_background_slideshow_background_size": "",
                                "jet_sticky_section_sticky_background_slideshow_background_size_tablet": "",
                                "jet_sticky_section_sticky_background_slideshow_background_size_mobile": "",
                                "jet_sticky_section_sticky_background_slideshow_background_position": "",
                                "jet_sticky_section_sticky_background_slideshow_background_position_tablet": "",
                                "jet_sticky_section_sticky_background_slideshow_background_position_mobile": "",
                                "jet_sticky_section_sticky_background_slideshow_ken_burns": "",
                                "jet_sticky_section_sticky_background_slideshow_ken_burns_zoom_direction": "in",
                                "jet_sticky_section_sticky_box_shadow_box_shadow_type": "",
                                "jet_sticky_section_sticky_box_shadow_box_shadow": {
                                    "horizontal": 0,
                                    "vertical": 0,
                                    "blur": 10,
                                    "spread": 0,
                                    "color": "rgba(0,0,0,0.5)"
                                },
                                "jet_sticky_section_sticky_box_shadow_box_shadow_position": " ",
                                "jet_sticky_section_sticky_transition": {
                                    "unit": "px",
                                    "size": 0.1,
                                    "sizes": []
                                },
                                "ekit_has_onepagescroll": "",
                                "ekit_control_get_pro": "1"
                            },
                            "elements": [
                                {
                                    "id": "79d78699",
                                    "settings": {
                                        "_column_size": 50,
                                        "_inline_size": null,
                                        "space_between_widgets": 0,
                                        "margin": {
                                            "unit": "px",
                                            "top": "0",
                                            "right": "15",
                                            "bottom": "0",
                                            "left": "0",
                                            "isLinked": false
                                        },
                                        "margin_mobile": {
                                            "unit": "px",
                                            "top": "0",
                                            "right": "0",
                                            "bottom": "0",
                                            "left": "0",
                                            "isLinked": false
                                        },
                                        "jet_sticky_column_sticky_enable": "false",
                                        "jet_sticky_column_sticky_top_spacing": 50,
                                        "jet_sticky_column_sticky_bottom_spacing": 50,
                                        "jet_sticky_column_sticky_enable_on": [
                                            "desktop",
                                            "tablet"
                                        ]
                                    },
                                    "elements": [
                                        {
                                            "id": "5b1dcd37",
                                            "settings": {
                                                "mf_input_label": "First Name",
                                                "mf_input_name": "mf-first-name",
                                                "mf_input_placeholder": "Your Name",
                                                "mf_input_min_length": 1,
                                                "mf_input_label_margin": {
                                                    "unit": "px",
                                                    "top": "0",
                                                    "right": "0",
                                                    "bottom": "15",
                                                    "left": "0",
                                                    "isLinked": false
                                                },
                                                "mf_input_padding": {
                                                    "unit": "px",
                                                    "top": "15",
                                                    "right": "25",
                                                    "bottom": "15",
                                                    "left": "25",
                                                    "isLinked": false
                                                },
                                                "mf_input_border_border": "solid",
                                                "mf_input_border_width": {
                                                    "unit": "px",
                                                    "top": "0",
                                                    "right": "0",
                                                    "bottom": "0",
                                                    "left": "0",
                                                    "isLinked": true
                                                },
                                                "mf_input_box_shadow_box_shadow": {
                                                    "horizontal": 0,
                                                    "vertical": 3,
                                                    "blur": 5,
                                                    "spread": 0,
                                                    "color": "rgba(0,0,0,0.05)"
                                                },
                                                "mf_input_help_text_typography_typography": "custom",
                                                "mf_input_help_text_typography_font_family": "Helvetica",
                                                "mf_input_help_text_typography_font_size": {
                                                    "unit": "px",
                                                    "size": 12,
                                                    "sizes": []
                                                },
                                                "mf_input_help_text_typography_font_weight": "400",
                                                "mf_input_help_text_typography_font_style": "italic",
                                                "mf_input_help_text_typography_line_height": {
                                                    "unit": "px",
                                                    "size": 14,
                                                    "sizes": []
                                                },
                                                "mf_input_help_text_padding": {
                                                    "unit": "px",
                                                    "top": "3",
                                                    "right": "0",
                                                    "bottom": "0",
                                                    "left": "0",
                                                    "isLinked": false
                                                },
                                                "mf_input_required": "yes",
                                                "mf_input_validation_warning_message": "This field is required.",
                                                "mf_input_help_text_color": "#555555",
                                                "mf_input_label_padding": {
                                                    "unit": "px",
                                                    "top": "0",
                                                    "right": "0",
                                                    "bottom": "0",
                                                    "left": "0",
                                                    "isLinked": false
                                                },
                                                "mf_input_margin": {
                                                    "unit": "px",
                                                    "top": "0",
                                                    "right": "0",
                                                    "bottom": "0",
                                                    "left": "0",
                                                    "isLinked": false
                                                },
                                                "__globals__": {
                                                    "mf_input_label_color": "globals\/colors?id=primary",
                                                    "mf_input_required_indicator_color": "",
                                                    "mf_input_warning_text_color": "",
                                                    "mf_input_color": "",
                                                    "mf_input_color_hover": "globals\/colors?id=752b75c",
                                                    "mf_input_color_focus": "globals\/colors?id=752b75c",
                                                    "mf_input_label_typography_typography": "globals\/typography?id=b7f7d10",
                                                    "mf_input_typgraphy_typography": "globals\/typography?id=text",
                                                    "mf_input_place_holder_typography_typography": "globals\/typography?id=text",
                                                    "mf_input_placeholder_color": "",
                                                    "mf_input_warning_text_typography_typography": "globals\/typography?id=text",
                                                    "mf_input_border_color": "",
                                                    "mf_input_background_color": "globals\/colors?id=69960d1"
                                                },
                                                "mf_input_required_indicator_color": "#FFBA00",
                                                "mf_input_warning_text_color": "#FFBA00",
                                                "_margin": {
                                                    "unit": "px",
                                                    "top": "3",
                                                    "right": "0",
                                                    "bottom": "0",
                                                    "left": "0",
                                                    "isLinked": false
                                                },
                                                "mf_input_background_background": "classic",
                                                "mf_input_border_radius": {
                                                    "unit": "px",
                                                    "size": 5,
                                                    "sizes": []
                                                },
                                                "mf_input_warning_text_typography_line_height": {
                                                    "unit": "em",
                                                    "size": "",
                                                    "sizes": []
                                                },
                                                "mf_input_typgraphy_line_height": {
                                                    "unit": "em",
                                                    "size": "",
                                                    "sizes": []
                                                },
                                                "mf_input_place_holder_typography_line_height": {
                                                    "unit": "em",
                                                    "size": "",
                                                    "sizes": []
                                                },
                                                "mf_input_placeholder_color": "#B3B3B3"
                                            },
                                            "elements": [],
                                            "isInner": false,
                                            "widgetType": "mf-text",
                                            "elType": "widget"
                                        }
                                    ],
                                    "isInner": true,
                                    "elType": "column"
                                },
                                {
                                    "id": "2da9d316",
                                    "settings": {
                                        "_column_size": 50,
                                        "_inline_size": null,
                                        "margin": {
                                            "unit": "px",
                                            "top": "0",
                                            "right": "0",
                                            "bottom": "0",
                                            "left": "15",
                                            "isLinked": false
                                        },
                                        "margin_mobile": {
                                            "unit": "px",
                                            "top": "20",
                                            "right": "0",
                                            "bottom": "0",
                                            "left": "0",
                                            "isLinked": false
                                        },
                                        "jet_sticky_column_sticky_enable": "false",
                                        "jet_sticky_column_sticky_top_spacing": 50,
                                        "jet_sticky_column_sticky_bottom_spacing": 50,
                                        "jet_sticky_column_sticky_enable_on": [
                                            "desktop",
                                            "tablet"
                                        ]
                                    },
                                    "elements": [
                                        {
                                            "id": "46f32046",
                                            "settings": {
                                                "mf_input_label": "Email Address",
                                                "mf_input_name": "mf-email",
                                                "mf_input_placeholder": "email@yourmail.com",
                                                "mf_input_required": "yes",
                                                "mf_input_label_margin": {
                                                    "unit": "px",
                                                    "top": "0",
                                                    "right": "0",
                                                    "bottom": "15",
                                                    "left": "0",
                                                    "isLinked": false
                                                },
                                                "mf_input_padding": {
                                                    "unit": "px",
                                                    "top": "15",
                                                    "right": "25",
                                                    "bottom": "15",
                                                    "left": "25",
                                                    "isLinked": false
                                                },
                                                "mf_input_border_border": "solid",
                                                "mf_input_border_width": {
                                                    "unit": "px",
                                                    "top": "0",
                                                    "right": "0",
                                                    "bottom": "0",
                                                    "left": "0",
                                                    "isLinked": true
                                                },
                                                "mf_input_box_shadow_box_shadow": {
                                                    "horizontal": 0,
                                                    "vertical": 3,
                                                    "blur": 5,
                                                    "spread": 0,
                                                    "color": "rgba(0,0,0,0.05)"
                                                },
                                                "mf_input_help_text_typography_typography": "custom",
                                                "mf_input_help_text_typography_font_family": "Helvetica",
                                                "mf_input_help_text_typography_font_size": {
                                                    "unit": "px",
                                                    "size": 12,
                                                    "sizes": []
                                                },
                                                "mf_input_help_text_typography_font_weight": "400",
                                                "mf_input_help_text_typography_font_style": "italic",
                                                "mf_input_help_text_typography_line_height": {
                                                    "unit": "px",
                                                    "size": 14,
                                                    "sizes": []
                                                },
                                                "mf_input_help_text_padding": {
                                                    "unit": "px",
                                                    "top": "3",
                                                    "right": "0",
                                                    "bottom": "0",
                                                    "left": "0",
                                                    "isLinked": false
                                                },
                                                "mf_input_validation_warning_message": "This field is required.",
                                                "mf_input_help_text_color": "#555555",
                                                "mf_input_label_padding": {
                                                    "unit": "px",
                                                    "top": "0",
                                                    "right": "0",
                                                    "bottom": "0",
                                                    "left": "0",
                                                    "isLinked": false
                                                },
                                                "mf_input_margin": {
                                                    "unit": "px",
                                                    "top": "0",
                                                    "right": "0",
                                                    "bottom": "0",
                                                    "left": "0",
                                                    "isLinked": false
                                                },
                                                "__globals__": {
                                                    "mf_input_label_color": "globals\/colors?id=primary",
                                                    "mf_input_required_indicator_color": "",
                                                    "mf_input_warning_text_color": "",
                                                    "mf_input_color": "",
                                                    "mf_input_color_hover": "globals\/colors?id=752b75c",
                                                    "mf_input_color_focus": "globals\/colors?id=752b75c",
                                                    "mf_input_typgraphy_typography": "globals\/typography?id=text",
                                                    "mf_input_label_typography_typography": "globals\/typography?id=b7f7d10",
                                                    "mf_input_place_holder_typography_typography": "globals\/typography?id=text",
                                                    "mf_input_placeholder_color": "",
                                                    "mf_input_warning_text_typography_typography": "globals\/typography?id=text",
                                                    "mf_input_border_color": "",
                                                    "mf_input_background_color": "globals\/colors?id=69960d1"
                                                },
                                                "mf_input_required_indicator_color": "#FFBA00",
                                                "mf_input_warning_text_color": "#FFBA00",
                                                "_margin": {
                                                    "unit": "px",
                                                    "top": "3",
                                                    "right": "0",
                                                    "bottom": "0",
                                                    "left": "0",
                                                    "isLinked": false
                                                },
                                                "mf_input_background_background": "classic",
                                                "mf_input_border_radius": {
                                                    "unit": "px",
                                                    "size": 5,
                                                    "sizes": []
                                                },
                                                "mf_input_warning_text_typography_line_height": {
                                                    "unit": "em",
                                                    "size": "",
                                                    "sizes": []
                                                },
                                                "mf_input_typgraphy_line_height": {
                                                    "unit": "em",
                                                    "size": "",
                                                    "sizes": []
                                                },
                                                "mf_input_place_holder_typography_line_height": {
                                                    "unit": "em",
                                                    "size": "",
                                                    "sizes": []
                                                },
                                                "mf_input_placeholder_color": "#B3B3B3"
                                            },
                                            "elements": [],
                                            "isInner": false,
                                            "widgetType": "mf-email",
                                            "elType": "widget"
                                        }
                                    ],
                                    "isInner": true,
                                    "elType": "column"
                                }
                            ],
                            "isInner": true,
                            "elType": "section"
                        },
                        {
                            "id": "39cebcb8",
                            "settings": {
                                "gap": "no",
                                "padding": {
                                    "unit": "px",
                                    "top": "30",
                                    "right": "0",
                                    "bottom": "0",
                                    "left": "0",
                                    "isLinked": false
                                },
                                "jet_sticky_section_sticky": "",
                                "jet_sticky_section_sticky_visibility": [
                                    "desktop",
                                    "tablet",
                                    "mobile"
                                ],
                                "jet_sticky_section_sticky_z_index": "",
                                "jet_sticky_section_sticky_max_width": {
                                    "unit": "px",
                                    "size": "",
                                    "sizes": []
                                },
                                "jet_sticky_section_sticky_margin": {
                                    "unit": "px",
                                    "top": "",
                                    "right": "",
                                    "bottom": "",
                                    "left": "",
                                    "isLinked": true
                                },
                                "jet_sticky_section_sticky_margin_tablet": {
                                    "unit": "px",
                                    "top": "",
                                    "right": "",
                                    "bottom": "",
                                    "left": "",
                                    "isLinked": true
                                },
                                "jet_sticky_section_sticky_margin_mobile": {
                                    "unit": "px",
                                    "top": "",
                                    "right": "",
                                    "bottom": "",
                                    "left": "",
                                    "isLinked": true
                                },
                                "jet_sticky_section_sticky_padding": {
                                    "unit": "px",
                                    "top": "",
                                    "right": "",
                                    "bottom": "",
                                    "left": "",
                                    "isLinked": true
                                },
                                "jet_sticky_section_sticky_padding_tablet": {
                                    "unit": "px",
                                    "top": "",
                                    "right": "",
                                    "bottom": "",
                                    "left": "",
                                    "isLinked": true
                                },
                                "jet_sticky_section_sticky_padding_mobile": {
                                    "unit": "px",
                                    "top": "",
                                    "right": "",
                                    "bottom": "",
                                    "left": "",
                                    "isLinked": true
                                },
                                "jet_sticky_section_sticky_background_background": "",
                                "jet_sticky_section_sticky_background_color": "",
                                "jet_sticky_section_sticky_background_color_stop": {
                                    "unit": "%",
                                    "size": 0,
                                    "sizes": []
                                },
                                "jet_sticky_section_sticky_background_color_b": "#f2295b",
                                "jet_sticky_section_sticky_background_color_b_stop": {
                                    "unit": "%",
                                    "size": 100,
                                    "sizes": []
                                },
                                "jet_sticky_section_sticky_background_gradient_type": "linear",
                                "jet_sticky_section_sticky_background_gradient_angle": {
                                    "unit": "deg",
                                    "size": 180,
                                    "sizes": []
                                },
                                "jet_sticky_section_sticky_background_gradient_position": "center center",
                                "jet_sticky_section_sticky_background_image": {
                                    "url": "",
                                    "id": ""
                                },
                                "jet_sticky_section_sticky_background_image_tablet": {
                                    "url": "",
                                    "id": ""
                                },
                                "jet_sticky_section_sticky_background_image_mobile": {
                                    "url": "",
                                    "id": ""
                                },
                                "jet_sticky_section_sticky_background_position": "",
                                "jet_sticky_section_sticky_background_position_tablet": "",
                                "jet_sticky_section_sticky_background_position_mobile": "",
                                "jet_sticky_section_sticky_background_xpos": {
                                    "unit": "px",
                                    "size": 0,
                                    "sizes": []
                                },
                                "jet_sticky_section_sticky_background_xpos_tablet": {
                                    "unit": "px",
                                    "size": 0,
                                    "sizes": []
                                },
                                "jet_sticky_section_sticky_background_xpos_mobile": {
                                    "unit": "px",
                                    "size": 0,
                                    "sizes": []
                                },
                                "jet_sticky_section_sticky_background_ypos": {
                                    "unit": "px",
                                    "size": 0,
                                    "sizes": []
                                },
                                "jet_sticky_section_sticky_background_ypos_tablet": {
                                    "unit": "px",
                                    "size": 0,
                                    "sizes": []
                                },
                                "jet_sticky_section_sticky_background_ypos_mobile": {
                                    "unit": "px",
                                    "size": 0,
                                    "sizes": []
                                },
                                "jet_sticky_section_sticky_background_attachment": "",
                                "jet_sticky_section_sticky_background_repeat": "",
                                "jet_sticky_section_sticky_background_repeat_tablet": "",
                                "jet_sticky_section_sticky_background_repeat_mobile": "",
                                "jet_sticky_section_sticky_background_size": "",
                                "jet_sticky_section_sticky_background_size_tablet": "",
                                "jet_sticky_section_sticky_background_size_mobile": "",
                                "jet_sticky_section_sticky_background_bg_width": {
                                    "unit": "%",
                                    "size": 100,
                                    "sizes": []
                                },
                                "jet_sticky_section_sticky_background_bg_width_tablet": {
                                    "unit": "px",
                                    "size": "",
                                    "sizes": []
                                },
                                "jet_sticky_section_sticky_background_bg_width_mobile": {
                                    "unit": "px",
                                    "size": "",
                                    "sizes": []
                                },
                                "jet_sticky_section_sticky_background_video_link": "",
                                "jet_sticky_section_sticky_background_video_start": "",
                                "jet_sticky_section_sticky_background_video_end": "",
                                "jet_sticky_section_sticky_background_play_once": "",
                                "jet_sticky_section_sticky_background_play_on_mobile": "",
                                "jet_sticky_section_sticky_background_privacy_mode": "",
                                "jet_sticky_section_sticky_background_video_fallback": {
                                    "url": "",
                                    "id": ""
                                },
                                "jet_sticky_section_sticky_background_slideshow_gallery": [],
                                "jet_sticky_section_sticky_background_slideshow_loop": "yes",
                                "jet_sticky_section_sticky_background_slideshow_slide_duration": 5000,
                                "jet_sticky_section_sticky_background_slideshow_slide_transition": "fade",
                                "jet_sticky_section_sticky_background_slideshow_transition_duration": 500,
                                "jet_sticky_section_sticky_background_slideshow_background_size": "",
                                "jet_sticky_section_sticky_background_slideshow_background_size_tablet": "",
                                "jet_sticky_section_sticky_background_slideshow_background_size_mobile": "",
                                "jet_sticky_section_sticky_background_slideshow_background_position": "",
                                "jet_sticky_section_sticky_background_slideshow_background_position_tablet": "",
                                "jet_sticky_section_sticky_background_slideshow_background_position_mobile": "",
                                "jet_sticky_section_sticky_background_slideshow_ken_burns": "",
                                "jet_sticky_section_sticky_background_slideshow_ken_burns_zoom_direction": "in",
                                "jet_sticky_section_sticky_box_shadow_box_shadow_type": "",
                                "jet_sticky_section_sticky_box_shadow_box_shadow": {
                                    "horizontal": 0,
                                    "vertical": 0,
                                    "blur": 10,
                                    "spread": 0,
                                    "color": "rgba(0,0,0,0.5)"
                                },
                                "jet_sticky_section_sticky_box_shadow_box_shadow_position": " ",
                                "jet_sticky_section_sticky_transition": {
                                    "unit": "px",
                                    "size": 0.1,
                                    "sizes": []
                                },
                                "ekit_has_onepagescroll": "",
                                "ekit_control_get_pro": "1"
                            },
                            "elements": [
                                {
                                    "id": "55b34542",
                                    "settings": {
                                        "_column_size": 100,
                                        "_inline_size": null,
                                        "space_between_widgets": 0,
                                        "margin_mobile": {
                                            "unit": "px",
                                            "top": "0",
                                            "right": "0",
                                            "bottom": "0",
                                            "left": "0",
                                            "isLinked": false
                                        },
                                        "jet_sticky_column_sticky_enable": "false",
                                        "jet_sticky_column_sticky_top_spacing": 50,
                                        "jet_sticky_column_sticky_bottom_spacing": 50,
                                        "jet_sticky_column_sticky_enable_on": [
                                            "desktop",
                                            "tablet"
                                        ],
                                        "margin": {
                                            "unit": "px",
                                            "top": "0",
                                            "right": "0",
                                            "bottom": "0",
                                            "left": "0",
                                            "isLinked": false
                                        }
                                    },
                                    "elements": [
                                        {
                                            "id": "2c5fbd49",
                                            "settings": {
                                                "mf_input_label": "Subject",
                                                "mf_input_name": "mf-subject",
                                                "mf_input_placeholder": "Subject",
                                                "mf_input_required": "yes",
                                                "mf_input_label_margin": {
                                                    "unit": "px",
                                                    "top": "0",
                                                    "right": "0",
                                                    "bottom": "15",
                                                    "left": "0",
                                                    "isLinked": false
                                                },
                                                "mf_input_padding": {
                                                    "unit": "px",
                                                    "top": "15",
                                                    "right": "25",
                                                    "bottom": "15",
                                                    "left": "25",
                                                    "isLinked": false
                                                },
                                                "mf_input_border_border": "solid",
                                                "mf_input_border_width": {
                                                    "unit": "px",
                                                    "top": "0",
                                                    "right": "0",
                                                    "bottom": "0",
                                                    "left": "0",
                                                    "isLinked": true
                                                },
                                                "mf_input_box_shadow_box_shadow": {
                                                    "horizontal": 0,
                                                    "vertical": 3,
                                                    "blur": 5,
                                                    "spread": 0,
                                                    "color": "rgba(0,0,0,0.05)"
                                                },
                                                "mf_input_help_text_typography_typography": "custom",
                                                "mf_input_help_text_typography_font_family": "Helvetica",
                                                "mf_input_help_text_typography_font_size": {
                                                    "unit": "px",
                                                    "size": 12,
                                                    "sizes": []
                                                },
                                                "mf_input_help_text_typography_font_weight": "400",
                                                "mf_input_help_text_typography_font_style": "italic",
                                                "mf_input_help_text_typography_line_height": {
                                                    "unit": "px",
                                                    "size": 14,
                                                    "sizes": []
                                                },
                                                "mf_input_help_text_padding": {
                                                    "unit": "px",
                                                    "top": "3",
                                                    "right": "0",
                                                    "bottom": "0",
                                                    "left": "0",
                                                    "isLinked": false
                                                },
                                                "mf_input_validation_warning_message": "This field is required.",
                                                "mf_input_help_text_color": "#555555",
                                                "mf_input_label_padding": {
                                                    "unit": "px",
                                                    "top": "0",
                                                    "right": "0",
                                                    "bottom": "0",
                                                    "left": "0",
                                                    "isLinked": false
                                                },
                                                "mf_input_margin": {
                                                    "unit": "px",
                                                    "top": "0",
                                                    "right": "0",
                                                    "bottom": "0",
                                                    "left": "0",
                                                    "isLinked": false
                                                },
                                                "__globals__": {
                                                    "mf_input_label_color": "globals\/colors?id=primary",
                                                    "mf_input_required_indicator_color": "",
                                                    "mf_input_warning_text_color": "",
                                                    "mf_input_color": "",
                                                    "mf_input_color_hover": "globals\/colors?id=752b75c",
                                                    "mf_input_color_focus": "globals\/colors?id=752b75c",
                                                    "mf_input_typgraphy_typography": "globals\/typography?id=text",
                                                    "mf_input_label_typography_typography": "globals\/typography?id=b7f7d10",
                                                    "mf_input_place_holder_typography_typography": "globals\/typography?id=text",
                                                    "mf_input_placeholder_color": "",
                                                    "mf_input_warning_text_typography_typography": "globals\/typography?id=text",
                                                    "mf_input_border_color": "",
                                                    "mf_input_background_color": "globals\/colors?id=69960d1"
                                                },
                                                "mf_input_required_indicator_color": "#FFBA00",
                                                "mf_input_warning_text_color": "#FFBA00",
                                                "_margin": {
                                                    "unit": "px",
                                                    "top": "3",
                                                    "right": "0",
                                                    "bottom": "0",
                                                    "left": "0",
                                                    "isLinked": false
                                                },
                                                "mf_input_background_background": "classic",
                                                "mf_input_border_radius": {
                                                    "unit": "px",
                                                    "size": 5,
                                                    "sizes": []
                                                },
                                                "mf_input_warning_text_typography_line_height": {
                                                    "unit": "em",
                                                    "size": "",
                                                    "sizes": []
                                                },
                                                "mf_input_typgraphy_line_height": {
                                                    "unit": "em",
                                                    "size": "",
                                                    "sizes": []
                                                },
                                                "mf_input_place_holder_typography_line_height": {
                                                    "unit": "em",
                                                    "size": "",
                                                    "sizes": []
                                                },
                                                "mf_input_placeholder_color": "#B3B3B3"
                                            },
                                            "elements": [],
                                            "isInner": false,
                                            "widgetType": "mf-text",
                                            "elType": "widget"
                                        },
                                        {
                                            "id": "3f6246b0",
                                            "settings": {
                                                "mf_input_label": "Comments \/ Questions",
                                                "mf_input_name": "mf-comment",
                                                "mf_input_placeholder": "Your Message",
                                                "mf_input_required": "yes",
                                                "mf_input_label_margin": {
                                                    "unit": "px",
                                                    "top": "0",
                                                    "right": "0",
                                                    "bottom": "15",
                                                    "left": "0",
                                                    "isLinked": false
                                                },
                                                "mf_input_padding": {
                                                    "unit": "px",
                                                    "top": "15",
                                                    "right": "25",
                                                    "bottom": "15",
                                                    "left": "25",
                                                    "isLinked": false
                                                },
                                                "mf_input_border_border": "solid",
                                                "mf_input_border_width": {
                                                    "unit": "px",
                                                    "top": "0",
                                                    "right": "0",
                                                    "bottom": "0",
                                                    "left": "0",
                                                    "isLinked": true
                                                },
                                                "mf_input_box_shadow_box_shadow": {
                                                    "horizontal": 0,
                                                    "vertical": 3,
                                                    "blur": 5,
                                                    "spread": 0,
                                                    "color": "rgba(0,0,0,0.05)"
                                                },
                                                "mf_input_help_text_typography_typography": "custom",
                                                "mf_input_help_text_typography_font_family": "Helvetica",
                                                "mf_input_help_text_typography_font_size": {
                                                    "unit": "px",
                                                    "size": 12,
                                                    "sizes": []
                                                },
                                                "mf_input_help_text_typography_font_weight": "400",
                                                "mf_input_help_text_typography_font_style": "italic",
                                                "mf_input_help_text_typography_line_height": {
                                                    "unit": "px",
                                                    "size": 14,
                                                    "sizes": []
                                                },
                                                "mf_input_help_text_padding": {
                                                    "unit": "px",
                                                    "top": "3",
                                                    "right": "0",
                                                    "bottom": "0",
                                                    "left": "0",
                                                    "isLinked": false
                                                },
                                                "mf_textarea_field_height": {
                                                    "unit": "px",
                                                    "size": 140,
                                                    "sizes": []
                                                },
                                                "mf_input_validation_warning_message": "This field is required.",
                                                "mf_input_help_text_color": "#555555",
                                                "mf_input_label_padding": {
                                                    "unit": "px",
                                                    "top": "0",
                                                    "right": "0",
                                                    "bottom": "0",
                                                    "left": "0",
                                                    "isLinked": false
                                                },
                                                "mf_input_margin": {
                                                    "unit": "px",
                                                    "top": "0",
                                                    "right": "0",
                                                    "bottom": "0",
                                                    "left": "0",
                                                    "isLinked": false
                                                },
                                                "__globals__": {
                                                    "mf_input_label_color": "globals\/colors?id=primary",
                                                    "mf_input_required_indicator_color": "",
                                                    "mf_input_warning_text_color": "",
                                                    "mf_input_color": "",
                                                    "mf_input_color_hover": "globals\/colors?id=752b75c",
                                                    "mf_input_color_focus": "globals\/colors?id=752b75c",
                                                    "mf_input_typgraphy_typography": "globals\/typography?id=text",
                                                    "mf_input_label_typography_typography": "globals\/typography?id=b7f7d10",
                                                    "mf_input_place_holder_typography_typography": "globals\/typography?id=text",
                                                    "mf_input_placeholder_color": "",
                                                    "mf_input_warning_text_typography_typography": "globals\/typography?id=text",
                                                    "mf_input_border_color": "",
                                                    "mf_input_background_color": "globals\/colors?id=69960d1"
                                                },
                                                "mf_input_required_indicator_color": "#FFBA00",
                                                "mf_input_warning_text_color": "#FFBA00",
                                                "_margin": {
                                                    "unit": "px",
                                                    "top": "34",
                                                    "right": "0",
                                                    "bottom": "0",
                                                    "left": "0",
                                                    "isLinked": false
                                                },
                                                "mf_input_background_background": "classic",
                                                "mf_input_border_radius": {
                                                    "unit": "px",
                                                    "size": 5,
                                                    "sizes": []
                                                },
                                                "mf_input_warning_text_typography_line_height": {
                                                    "unit": "em",
                                                    "size": "",
                                                    "sizes": []
                                                },
                                                "mf_input_typgraphy_line_height": {
                                                    "unit": "em",
                                                    "size": "",
                                                    "sizes": []
                                                },
                                                "mf_input_place_holder_typography_line_height": {
                                                    "unit": "em",
                                                    "size": "",
                                                    "sizes": []
                                                },
                                                "mf_input_placeholder_color": "#B3B3B3"
                                            },
                                            "elements": [],
                                            "isInner": false,
                                            "widgetType": "mf-textarea",
                                            "elType": "widget"
                                        },
                                        {
                                            "id": "3f08993f",
                                            "settings": {
                                                "mf_btn_text": "Submit Message",
                                                "mf_btn_align": "left",
                                                "mf_hidden_input": [],
                                                "mf_btn_text_padding": {
                                                    "unit": "px",
                                                    "top": "20",
                                                    "right": "40",
                                                    "bottom": "20",
                                                    "left": "40",
                                                    "isLinked": false
                                                },
                                                "mf_btn_bg_color_background": "gradient",
                                                "_margin": {
                                                    "unit": "px",
                                                    "top": "30",
                                                    "right": "0",
                                                    "bottom": "0",
                                                    "left": "0",
                                                    "isLinked": false
                                                },
                                                "__globals__": {
                                                    "mf_btn_bg_color_color": "globals\/colors?id=a745ffd",
                                                    "mf_btn_typography_typography": "",
                                                    "mf_btn_bg_color_color_b": "globals\/colors?id=e1d46cd"
                                                },
                                                "mf_btn_box_shadow_group_box_shadow_type": "yes",
                                                "mf_btn_box_shadow_group_box_shadow": {
                                                    "horizontal": 0,
                                                    "vertical": 0,
                                                    "blur": 0,
                                                    "spread": 0,
                                                    "color": "rgba(0,0,0,0.5)"
                                                },
                                                "mf_btn_typography_typography": "custom",
                                                "mf_btn_typography_font_family": "DM Sans",
                                                "mf_btn_typography_font_size": {
                                                    "unit": "px",
                                                    "size": 16,
                                                    "sizes": []
                                                },
                                                "mf_btn_typography_font_weight": "400",
                                                "mf_btn_typography_line_height": {
                                                    "unit": "em",
                                                    "size": "",
                                                    "sizes": []
                                                },
                                                "mf_btn_border_radius": {
                                                    "unit": "px",
                                                    "top": "50",
                                                    "right": "50",
                                                    "bottom": "50",
                                                    "left": "50",
                                                    "isLinked": true
                                                }
                                            },
                                            "elements": [],
                                            "isInner": false,
                                            "widgetType": "mf-button",
                                            "elType": "widget"
                                        }
                                    ],
                                    "isInner": true,
                                    "elType": "column"
                                }
                            ],
                            "isInner": true,
                            "elType": "section"
                        }
                    ],
                    "isInner": false,
                    "elType": "column"
                }
            ],
            "isInner": false,
            "elType": "section"
        }
    ]
}