{
    "version": "0.4",
    "title": "Reservation",
    "type": "page",
    "metadata": {
        "template_type": "single-page",
        "include_in_zip": "1",
        "elementor_pro_required": null,
        "wp_page_template": "elementor_canvas"
    },
    "content": [
        {
            "id": "2d807f8c",
            "settings": {
                "content_width": {
                    "unit": "px",
                    "size": 1300,
                    "sizes": []
                },
                "gap": "no",
                "padding": {
                    "unit": "px",
                    "top": "20",
                    "right": "50",
                    "bottom": "30",
                    "left": "50",
                    "isLinked": false
                },
                "padding_tablet": {
                    "unit": "px",
                    "top": "20",
                    "right": "10",
                    "bottom": "30",
                    "left": "10",
                    "isLinked": false
                },
                "padding_mobile": {
                    "unit": "px",
                    "top": "20",
                    "right": "10",
                    "bottom": "30",
                    "left": "10",
                    "isLinked": false
                }
            },
            "elements": [
                {
                    "id": "5c615832",
                    "settings": {
                        "_column_size": 100,
                        "_inline_size": null,
                        "background_background": "classic",
                        "border_radius": {
                            "unit": "px",
                            "top": "10",
                            "right": "10",
                            "bottom": "10",
                            "left": "10",
                            "isLinked": true
                        },
                        "__globals__": {
                            "background_color": ""
                        },
                        "background_color": "#F7F6F2",
                        "background_image": {
                            "url": "https:\/\/templatekit.jegtheme.com\/ristera\/wp-content\/uploads\/sites\/211\/2021\/11\/restaurant-1.jpg",
                            "id": 841,
                            "alt": "restaurant",
                            "source": "library"
                        },
                        "background_position": "center center",
                        "background_size": "cover",
                        "background_overlay_background": "classic",
                        "background_overlay_color": "#000000",
                        "background_overlay_opacity": {
                            "unit": "px",
                            "size": 0.7,
                            "sizes": []
                        },
                        "padding": {
                            "unit": "px",
                            "top": "130",
                            "right": "0",
                            "bottom": "130",
                            "left": "60",
                            "isLinked": false
                        },
                        "padding_tablet": {
                            "unit": "px",
                            "top": "130",
                            "right": "0",
                            "bottom": "130",
                            "left": "0",
                            "isLinked": false
                        }
                    },
                    "elements": [
                        {
                            "id": "725ea307",
                            "settings": {
                                "title": "Reservation",
                                "_margin": {
                                    "unit": "px",
                                    "top": "0",
                                    "right": "0",
                                    "bottom": "0",
                                    "left": "0",
                                    "isLinked": false
                                },
                                "__globals__": {
                                    "typography_typography": "globals\/typography?id=4641087",
                                    "title_color": ""
                                },
                                "_margin_mobile": {
                                    "unit": "px",
                                    "top": "-10",
                                    "right": "0",
                                    "bottom": "-10",
                                    "left": "0",
                                    "isLinked": false
                                },
                                "title_color": "#FFFFFF",
                                "align_tablet": "center"
                            },
                            "elements": [],
                            "isInner": false,
                            "widgetType": "heading",
                            "elType": "widget"
                        },
                        {
                            "id": "185b5471",
                            "settings": {
                                "view": "inline",
                                "icon_list": [
                                    {
                                        "text": "Home ",
                                        "selected_icon": {
                                            "value": "",
                                            "library": ""
                                        },
                                        "_id": "94fb3ff"
                                    },
                                    {
                                        "text": "Reservation",
                                        "selected_icon": {
                                            "value": "fas fa-chevron-right",
                                            "library": "fa-solid"
                                        },
                                        "_id": "c03ff5a"
                                    }
                                ],
                                "space_between": {
                                    "unit": "px",
                                    "size": 5,
                                    "sizes": []
                                },
                                "icon_size": {
                                    "unit": "px",
                                    "size": 18,
                                    "sizes": []
                                },
                                "icon_self_align": "center",
                                "text_color": "#FFFFFF",
                                "__globals__": {
                                    "icon_color": "globals\/colors?id=752b75c",
                                    "text_color_hover": "globals\/colors?id=752b75c"
                                },
                                "icon_align_tablet": "center"
                            },
                            "elements": [],
                            "isInner": false,
                            "widgetType": "icon-list",
                            "elType": "widget"
                        }
                    ],
                    "isInner": false,
                    "elType": "column"
                }
            ],
            "isInner": false,
            "elType": "section"
        },
        {
            "id": "7e1d32c5",
            "settings": {
                "content_width": {
                    "unit": "px",
                    "size": 1180,
                    "sizes": []
                },
                "gap": "no",
                "structure": "20",
                "background_color": "#000000",
                "padding": {
                    "unit": "px",
                    "top": "120",
                    "right": "0",
                    "bottom": "120",
                    "left": "0",
                    "isLinked": false
                },
                "reverse_order_tablet": "reverse-tablet",
                "reverse_order_mobile": "reverse-mobile",
                "padding_tablet": {
                    "unit": "px",
                    "top": "60",
                    "right": "0",
                    "bottom": "80",
                    "left": "0",
                    "isLinked": false
                }
            },
            "elements": [
                {
                    "id": "63cd07a3",
                    "settings": {
                        "_column_size": 50,
                        "_inline_size": null,
                        "content_position": "center",
                        "margin": {
                            "unit": "px",
                            "top": "0",
                            "right": "40",
                            "bottom": "0",
                            "left": "0",
                            "isLinked": false
                        },
                        "_inline_size_tablet": 100,
                        "margin_tablet": {
                            "unit": "px",
                            "top": "30",
                            "right": "10",
                            "bottom": "0",
                            "left": "10",
                            "isLinked": false
                        }
                    },
                    "elements": [
                        {
                            "id": "1637af9e",
                            "settings": {
                                "title": "Reservation",
                                "header_size": "h5",
                                "align": "left",
                                "__globals__": {
                                    "title_color": "globals\/colors?id=752b75c",
                                    "typography_typography": "globals\/typography?id=0cea60b"
                                },
                                "title_color": "#D88C7C"
                            },
                            "elements": [],
                            "isInner": false,
                            "widgetType": "heading",
                            "elType": "widget"
                        },
                        {
                            "id": "19e7906d",
                            "settings": {
                                "title": "Reserve Your Table Here",
                                "_margin": {
                                    "unit": "px",
                                    "top": "-7",
                                    "right": "0",
                                    "bottom": "10",
                                    "left": "0",
                                    "isLinked": false
                                },
                                "__globals__": {
                                    "typography_typography": "globals\/typography?id=4641087",
                                    "title_color": "globals\/colors?id=primary"
                                },
                                "_margin_mobile": {
                                    "unit": "px",
                                    "top": "-10",
                                    "right": "0",
                                    "bottom": "-10",
                                    "left": "0",
                                    "isLinked": false
                                }
                            },
                            "elements": [],
                            "isInner": false,
                            "widgetType": "heading",
                            "elType": "widget"
                        },
                        {
                            "id": "3c0443fa",
                            "settings": {
                                "editor": "Lorem ipsum dolor sit amet, consectetuer adipiscing elit. Aenean commodo ligula eget dolor. Aenean massa. Cum sociis natoque penatibus et magnis dis parturient montes.",
                                "_margin": {
                                    "unit": "px",
                                    "top": "0",
                                    "right": "0",
                                    "bottom": "0",
                                    "left": "0",
                                    "isLinked": false
                                },
                                "__globals__": {
                                    "text_color": "globals\/colors?id=0eabca8",
                                    "typography_typography": "globals\/typography?id=text"
                                },
                                "typography_line_height": {
                                    "unit": "em",
                                    "size": "",
                                    "sizes": []
                                },
                                "drop_cap_typography_line_height": {
                                    "unit": "em",
                                    "size": "",
                                    "sizes": []
                                }
                            },
                            "elements": [],
                            "isInner": false,
                            "widgetType": "text-editor",
                            "elType": "widget"
                        },
                        {
                            "id": "155c6bf0",
                            "settings": {
                                "icon_list": [
                                    {
                                        "text": "Lorem ipsum dolor sit amet, consectetuer adipiscing elit. Aenean commodo ligula eget dolor. Aenean massa.",
                                        "selected_icon": {
                                            "value": "fas fa-check-circle",
                                            "library": "fa-solid"
                                        },
                                        "_id": "ddf6ba5"
                                    },
                                    {
                                        "text": "Lorem ipsum dolor sit amet, consectetuer adipiscing elit. Aenean commodo ligula eget dolor. Aenean massa.",
                                        "selected_icon": {
                                            "value": "fas fa-check-circle",
                                            "library": "fa-solid"
                                        },
                                        "_id": "dbecb75"
                                    }
                                ],
                                "space_between": {
                                    "unit": "px",
                                    "size": 10,
                                    "sizes": []
                                },
                                "text_indent": {
                                    "unit": "px",
                                    "size": 8,
                                    "sizes": []
                                },
                                "__globals__": {
                                    "icon_color": "globals\/colors?id=e1d46cd",
                                    "text_color": "globals\/colors?id=text",
                                    "icon_typography_typography": "globals\/typography?id=text",
                                    "icon_color_hover": "globals\/colors?id=752b75c",
                                    "text_color_hover": "globals\/colors?id=752b75c"
                                },
                                "icon_typography_line_height": {
                                    "unit": "em",
                                    "size": "",
                                    "sizes": []
                                }
                            },
                            "elements": [],
                            "isInner": false,
                            "widgetType": "icon-list",
                            "elType": "widget"
                        },
                        {
                            "id": "5c48667c",
                            "settings": {
                                "title": "Contact Directly",
                                "_margin": {
                                    "unit": "px",
                                    "top": "20",
                                    "right": "0",
                                    "bottom": "0",
                                    "left": "0",
                                    "isLinked": false
                                },
                                "__globals__": {
                                    "typography_typography": "globals\/typography?id=5845402",
                                    "title_color": "globals\/colors?id=primary"
                                }
                            },
                            "elements": [],
                            "isInner": false,
                            "widgetType": "heading",
                            "elType": "widget"
                        },
                        {
                            "id": "54d0079a",
                            "settings": {
                                "text": "Divider",
                                "color": "#ECECEC",
                                "weight": {
                                    "unit": "px",
                                    "size": 2,
                                    "sizes": []
                                },
                                "gap": {
                                    "unit": "px",
                                    "size": 10,
                                    "sizes": []
                                },
                                "typography_line_height": {
                                    "unit": "em",
                                    "size": "",
                                    "sizes": []
                                },
                                "__globals__": {
                                    "color": ""
                                }
                            },
                            "elements": [],
                            "isInner": false,
                            "widgetType": "divider",
                            "elType": "widget"
                        },
                        {
                            "id": "6dd5dfa6",
                            "settings": {
                                "gap": "no",
                                "structure": "20",
                                "ekit_has_onepagescroll": "",
                                "ekit_control_get_pro": "1"
                            },
                            "elements": [
                                {
                                    "id": "36f1c87f",
                                    "settings": {
                                        "_column_size": 50,
                                        "_inline_size": null,
                                        "margin": {
                                            "unit": "px",
                                            "top": "0",
                                            "right": "15",
                                            "bottom": "0",
                                            "left": "0",
                                            "isLinked": false
                                        },
                                        "margin_mobile": {
                                            "unit": "px",
                                            "top": "0",
                                            "right": "0",
                                            "bottom": "20",
                                            "left": "0",
                                            "isLinked": false
                                        }
                                    },
                                    "elements": [
                                        {
                                            "id": "4938eada",
                                            "settings": {
                                                "selected_icon": {
                                                    "value": "jki jki-phone-call2-light",
                                                    "library": "jkiticon"
                                                },
                                                "view": "framed",
                                                "shape": "square",
                                                "title_text": "Phone",
                                                "description_text": "+62831-2864-3491",
                                                "position": "left",
                                                "icon_size": {
                                                    "unit": "px",
                                                    "size": 30,
                                                    "sizes": []
                                                },
                                                "border_width": {
                                                    "unit": "px",
                                                    "top": "0",
                                                    "right": "0",
                                                    "bottom": "0",
                                                    "left": "0",
                                                    "isLinked": true
                                                },
                                                "content_vertical_alignment": "middle",
                                                "title_bottom_space": {
                                                    "unit": "px",
                                                    "size": 5,
                                                    "sizes": []
                                                },
                                                "__globals__": {
                                                    "primary_color": "globals\/colors?id=69960d1",
                                                    "description_color": "",
                                                    "hover_secondary_color": "globals\/colors?id=752b75c",
                                                    "title_typography_typography": "globals\/typography?id=1e21614",
                                                    "title_color": "globals\/colors?id=primary",
                                                    "description_typography_typography": "globals\/typography?id=text",
                                                    "secondary_color": "globals\/colors?id=e1d46cd",
                                                    "hover_primary_color": "globals\/colors?id=69960d1"
                                                },
                                                "border_radius": {
                                                    "unit": "px",
                                                    "top": "5",
                                                    "right": "5",
                                                    "bottom": "5",
                                                    "left": "5",
                                                    "isLinked": true
                                                },
                                                "hover_animation": "shrink",
                                                "description_typography_line_height": {
                                                    "unit": "em",
                                                    "size": "",
                                                    "sizes": []
                                                },
                                                "primary_color": "#2CA65D",
                                                "secondary_color": "#2CA65D",
                                                "_element_custom_width": {
                                                    "unit": "%",
                                                    "size": 50,
                                                    "sizes": []
                                                }
                                            },
                                            "elements": [],
                                            "isInner": false,
                                            "widgetType": "icon-box",
                                            "elType": "widget"
                                        }
                                    ],
                                    "isInner": true,
                                    "elType": "column"
                                },
                                {
                                    "id": "78810be9",
                                    "settings": {
                                        "_column_size": 50,
                                        "_inline_size": null,
                                        "margin": {
                                            "unit": "px",
                                            "top": "0",
                                            "right": "0",
                                            "bottom": "0",
                                            "left": "15",
                                            "isLinked": false
                                        },
                                        "margin_mobile": {
                                            "unit": "px",
                                            "top": "0",
                                            "right": "0",
                                            "bottom": "0",
                                            "left": "0",
                                            "isLinked": false
                                        },
                                        "content_position": "center"
                                    },
                                    "elements": [
                                        {
                                            "id": "36e29a7b",
                                            "settings": {
                                                "selected_icon": {
                                                    "value": "jki jki-paper-plane-light",
                                                    "library": "jkiticon"
                                                },
                                                "view": "framed",
                                                "shape": "square",
                                                "title_text": "Email",
                                                "description_text": "contact@burgry.com",
                                                "position": "left",
                                                "icon_size": {
                                                    "unit": "px",
                                                    "size": 30,
                                                    "sizes": []
                                                },
                                                "border_width": {
                                                    "unit": "px",
                                                    "top": "0",
                                                    "right": "0",
                                                    "bottom": "0",
                                                    "left": "0",
                                                    "isLinked": true
                                                },
                                                "content_vertical_alignment": "middle",
                                                "title_bottom_space": {
                                                    "unit": "px",
                                                    "size": 5,
                                                    "sizes": []
                                                },
                                                "__globals__": {
                                                    "primary_color": "globals\/colors?id=69960d1",
                                                    "description_color": "",
                                                    "hover_secondary_color": "globals\/colors?id=752b75c",
                                                    "title_typography_typography": "globals\/typography?id=1e21614",
                                                    "title_color": "globals\/colors?id=primary",
                                                    "description_typography_typography": "globals\/typography?id=text",
                                                    "secondary_color": "globals\/colors?id=e1d46cd",
                                                    "hover_primary_color": "globals\/colors?id=69960d1"
                                                },
                                                "border_radius": {
                                                    "unit": "px",
                                                    "top": "5",
                                                    "right": "5",
                                                    "bottom": "5",
                                                    "left": "5",
                                                    "isLinked": true
                                                },
                                                "hover_animation": "shrink",
                                                "description_typography_line_height": {
                                                    "unit": "em",
                                                    "size": "",
                                                    "sizes": []
                                                },
                                                "primary_color": "#2CA65D",
                                                "secondary_color": "#2CA65D",
                                                "_element_custom_width": {
                                                    "unit": "%",
                                                    "size": 50,
                                                    "sizes": []
                                                }
                                            },
                                            "elements": [],
                                            "isInner": false,
                                            "widgetType": "icon-box",
                                            "elType": "widget"
                                        }
                                    ],
                                    "isInner": true,
                                    "elType": "column"
                                }
                            ],
                            "isInner": true,
                            "elType": "section"
                        }
                    ],
                    "isInner": false,
                    "elType": "column"
                },
                {
                    "id": "16beaa26",
                    "settings": {
                        "_column_size": 50,
                        "_inline_size": null,
                        "margin": {
                            "unit": "px",
                            "top": "0",
                            "right": "0",
                            "bottom": "0",
                            "left": "20",
                            "isLinked": false
                        },
                        "_inline_size_tablet": 100,
                        "margin_tablet": {
                            "unit": "px",
                            "top": "0",
                            "right": "10",
                            "bottom": "0",
                            "left": "10",
                            "isLinked": false
                        }
                    },
                    "elements": [
                        {
                            "id": "2b0f6a44",
                            "settings": {
                                "mf_form_id": "549***1638105237990"
                            },
                            "elements": [],
                            "isInner": false,
                            "widgetType": "metform",
                            "elType": "widget"
                        }
                    ],
                    "isInner": false,
                    "elType": "column"
                }
            ],
            "isInner": false,
            "elType": "section"
        },
        {
            "id": "1b718334",
            "settings": {
                "content_width": {
                    "unit": "px",
                    "size": 1180,
                    "sizes": []
                },
                "gap": "no",
                "padding": {
                    "unit": "px",
                    "top": "120",
                    "right": "0",
                    "bottom": "120",
                    "left": "0",
                    "isLinked": false
                },
                "background_background": "classic",
                "__globals__": {
                    "background_color": "globals\/colors?id=69960d1"
                }
            },
            "elements": [
                {
                    "id": "26b3c3ed",
                    "settings": {
                        "_column_size": 100,
                        "_inline_size": null,
                        "margin_tablet": {
                            "unit": "px",
                            "top": "0",
                            "right": "0",
                            "bottom": "0",
                            "left": "0",
                            "isLinked": true
                        },
                        "padding_tablet": {
                            "unit": "px",
                            "top": "0",
                            "right": "10",
                            "bottom": "0",
                            "left": "10",
                            "isLinked": false
                        }
                    },
                    "elements": [
                        {
                            "id": "6faf1361",
                            "settings": {
                                "content_width": {
                                    "unit": "px",
                                    "size": 600,
                                    "sizes": []
                                },
                                "gap": "no",
                                "margin": {
                                    "unit": "px",
                                    "top": "0",
                                    "right": 0,
                                    "bottom": "40",
                                    "left": 0,
                                    "isLinked": false
                                }
                            },
                            "elements": [
                                {
                                    "id": "4c9f3c30",
                                    "settings": {
                                        "_column_size": 100,
                                        "_inline_size": null
                                    },
                                    "elements": [
                                        {
                                            "id": "69201ff7",
                                            "settings": {
                                                "title": "Client Testimonial",
                                                "align": "center",
                                                "_margin": {
                                                    "unit": "px",
                                                    "top": "0",
                                                    "right": "0",
                                                    "bottom": "0",
                                                    "left": "0",
                                                    "isLinked": false
                                                },
                                                "__globals__": {
                                                    "typography_typography": "globals\/typography?id=4641087",
                                                    "title_color": "globals\/colors?id=primary"
                                                },
                                                "_margin_mobile": {
                                                    "unit": "px",
                                                    "top": "-10",
                                                    "right": "0",
                                                    "bottom": "-10",
                                                    "left": "0",
                                                    "isLinked": false
                                                }
                                            },
                                            "elements": [],
                                            "isInner": false,
                                            "widgetType": "heading",
                                            "elType": "widget"
                                        },
                                        {
                                            "id": "3a40da5b",
                                            "settings": {
                                                "width": {
                                                    "unit": "%",
                                                    "size": 20,
                                                    "sizes": []
                                                },
                                                "text": "Divider",
                                                "weight": {
                                                    "unit": "px",
                                                    "size": 3.5,
                                                    "sizes": []
                                                },
                                                "gap": {
                                                    "unit": "px",
                                                    "size": 10,
                                                    "sizes": []
                                                },
                                                "__globals__": {
                                                    "color": "globals\/colors?id=e1d46cd"
                                                },
                                                "align": "center",
                                                "typography_line_height": {
                                                    "unit": "em",
                                                    "size": "",
                                                    "sizes": []
                                                }
                                            },
                                            "elements": [],
                                            "isInner": false,
                                            "widgetType": "divider",
                                            "elType": "widget"
                                        },
                                        {
                                            "id": "4975c6c",
                                            "settings": {
                                                "editor": "Lorem ipsum dolor sit amet, consectetuer adipiscing elit. Aenean commodo ligula eget dolor. Aenean massa.",
                                                "_margin": {
                                                    "unit": "px",
                                                    "top": "0",
                                                    "right": "0",
                                                    "bottom": "0",
                                                    "left": "0",
                                                    "isLinked": false
                                                },
                                                "__globals__": {
                                                    "text_color": "",
                                                    "typography_typography": "globals\/typography?id=text"
                                                },
                                                "align": "center",
                                                "typography_line_height": {
                                                    "unit": "em",
                                                    "size": "",
                                                    "sizes": []
                                                },
                                                "drop_cap_typography_line_height": {
                                                    "unit": "em",
                                                    "size": "",
                                                    "sizes": []
                                                }
                                            },
                                            "elements": [],
                                            "isInner": false,
                                            "widgetType": "text-editor",
                                            "elType": "widget"
                                        }
                                    ],
                                    "isInner": true,
                                    "elType": "column"
                                }
                            ],
                            "isInner": true,
                            "elType": "section"
                        },
                        {
                            "id": "2c15f4b",
                            "settings": {
                                "sg_setting_margin_responsive": {
                                    "unit": "px",
                                    "size": 30,
                                    "sizes": []
                                },
                                "sg_setting_padding_responsive": {
                                    "unit": "px",
                                    "top": "0",
                                    "right": "0",
                                    "bottom": "0",
                                    "left": "0",
                                    "isLinked": false
                                },
                                "sg_setting_autoplay": "yes",
                                "sg_setting_quote": "yes",
                                "sg_setting_quote_icon": {
                                    "value": "jki jki-quote-left-solid",
                                    "library": "jkiticon"
                                },
                                "sg_layout_testimonial_choose": "style-2",
                                "sg_layout_image_position": "below",
                                "sg_testimonials_image_size_imagesize_size": "full",
                                "sg_testimonials_list": [
                                    {
                                        "sg_testimonials_list_client_avatar": {
                                            "url": "https:\/\/templatekit.jegtheme.com\/ristera\/wp-content\/uploads\/sites\/211\/2021\/11\/EWC24GN.jpg",
                                            "id": 1084,
                                            "alt": "",
                                            "source": "library"
                                        },
                                        "_id": "55ba7ed",
                                        "sg_testimonials_list_client_name": "John Doe",
                                        "sg_testimonials_list_designation": "Designation",
                                        "sg_testimonials_list_review": "Lorem ipsum dolor sit amet, consectetur adipiscing elit, sed do eiusmod tempor incididunt ut labore et dolore."
                                    },
                                    {
                                        "sg_testimonials_list_client_avatar": {
                                            "url": "https:\/\/templatekit.jegtheme.com\/ristera\/wp-content\/uploads\/sites\/211\/2021\/11\/3PQNVSH.jpg",
                                            "id": 1082,
                                            "alt": "",
                                            "source": "library"
                                        },
                                        "_id": "b25792b",
                                        "sg_testimonials_list_client_name": "John Doe",
                                        "sg_testimonials_list_designation": "Designation",
                                        "sg_testimonials_list_review": "Lorem ipsum dolor sit amet, consectetur adipiscing elit, sed do eiusmod tempor incididunt ut labore et dolore."
                                    },
                                    {
                                        "sg_testimonials_list_client_avatar": {
                                            "url": "https:\/\/templatekit.jegtheme.com\/ristera\/wp-content\/uploads\/sites\/211\/2021\/11\/E4Z6KX9.jpg",
                                            "id": 1083,
                                            "alt": "",
                                            "source": "library"
                                        },
                                        "_id": "343d63a",
                                        "sg_testimonials_list_client_name": "John Doe",
                                        "sg_testimonials_list_designation": "Designation",
                                        "sg_testimonials_list_review": "Lorem ipsum dolor sit amet, consectetur adipiscing elit, sed do eiusmod tempor incididunt ut labore et dolore."
                                    },
                                    {
                                        "sg_testimonials_list_client_avatar": {
                                            "url": "https:\/\/templatekit.jegtheme.com\/ristera\/wp-content\/uploads\/sites\/211\/2021\/11\/PCXJHSB.jpg",
                                            "id": 1085,
                                            "alt": "",
                                            "source": "library"
                                        },
                                        "_id": "64e7a5c",
                                        "sg_testimonials_list_client_name": "John Doe",
                                        "sg_testimonials_list_designation": "Designation",
                                        "sg_testimonials_list_review": "Lorem ipsum dolor sit amet, consectetur adipiscing elit, sed do eiusmod tempor incididunt ut labore et dolore."
                                    }
                                ],
                                "st_layout_background_background_background": "classic",
                                "st_wrapper_margin_responsive": {
                                    "unit": "px",
                                    "top": "0",
                                    "right": "0",
                                    "bottom": "0",
                                    "left": "0",
                                    "isLinked": true
                                },
                                "st_layout_padding_responsive": {
                                    "unit": "px",
                                    "top": "0",
                                    "right": "30",
                                    "bottom": "30",
                                    "left": "30",
                                    "isLinked": false
                                },
                                "st_description_margin_responsive": {
                                    "unit": "px",
                                    "top": "0",
                                    "right": "0",
                                    "bottom": "0",
                                    "left": "0",
                                    "isLinked": false
                                },
                                "st_quote_normal_padding_responsive": {
                                    "unit": "px",
                                    "top": "10",
                                    "right": "0",
                                    "bottom": "0",
                                    "left": "0",
                                    "isLinked": false
                                },
                                "st_rating_margin_right_responsive": {
                                    "unit": "px",
                                    "size": 0,
                                    "sizes": []
                                },
                                "st_rating_margin_responsive": {
                                    "unit": "px",
                                    "top": "0",
                                    "right": "0",
                                    "bottom": "0",
                                    "left": "0",
                                    "isLinked": true
                                },
                                "st_client_name_normal_color_responsive": "#F7F6F2",
                                "st_client_name_normal_margin_bottom_responsive": {
                                    "unit": "px",
                                    "size": 0,
                                    "sizes": []
                                },
                                "st_client_designation_normal_color_responsive": "#F7F6F2",
                                "st_client_designation_normal_margin_bottom_responsive": {
                                    "unit": "px",
                                    "size": 0,
                                    "sizes": []
                                },
                                "st_client_image_margin_responsive": {
                                    "unit": "px",
                                    "top": "0",
                                    "right": "0",
                                    "bottom": "0",
                                    "left": "0",
                                    "isLinked": false
                                },
                                "st_client_image_padding_responsive": {
                                    "unit": "px",
                                    "top": "0",
                                    "right": "0",
                                    "bottom": "0",
                                    "left": "0",
                                    "isLinked": false
                                },
                                "st_arrow_normal_padding_responsive": {
                                    "unit": "px",
                                    "top": "0",
                                    "right": "0",
                                    "bottom": "0",
                                    "left": "0",
                                    "isLinked": true
                                },
                                "st_arrow_normal_margin_responsive": {
                                    "unit": "px",
                                    "top": "0",
                                    "right": "0",
                                    "bottom": "0",
                                    "left": "0",
                                    "isLinked": true
                                },
                                "st_dots_spacing_horizontal_responsive": {
                                    "unit": "px",
                                    "size": 0,
                                    "sizes": []
                                },
                                "st_dots_spacing_vertical_responsive": {
                                    "unit": "px",
                                    "size": 0,
                                    "sizes": []
                                },
                                "st_dots_height_responsive": {
                                    "unit": "px",
                                    "size": 0,
                                    "sizes": []
                                },
                                "__globals__": {
                                    "st_client_designation_normal_color_responsive": "globals\/colors?id=69960d1",
                                    "st_client_designation_normal_typography_content_typography_typography": "globals\/typography?id=accent",
                                    "st_description_typography_content_typography_typography": "globals\/typography?id=text",
                                    "st_description_color_responsive": "",
                                    "st_quote_normal_color_responsive": "globals\/colors?id=752b75c",
                                    "st_client_name_normal_typography_content_typography_typography": "globals\/typography?id=1e21614",
                                    "st_layout_background_background_color": "globals\/colors?id=e1d46cd",
                                    "st_client_name_normal_color_responsive": "globals\/colors?id=69960d1"
                                },
                                "sg_setting_margin_responsive_tablet": {
                                    "unit": "px",
                                    "size": 20,
                                    "sizes": []
                                },
                                "st_client_name_hover_typography_content_typography_line_height": {
                                    "unit": "em",
                                    "size": "",
                                    "sizes": []
                                },
                                "st_client_designation_hover_typography_content_typography_line_height": {
                                    "unit": "em",
                                    "size": "",
                                    "sizes": []
                                },
                                "st_layout_boxshadow_box_shadow_box_shadow_type": "yes",
                                "st_layout_boxshadow_box_shadow_box_shadow": {
                                    "horizontal": 0,
                                    "vertical": 0,
                                    "blur": 0,
                                    "spread": 0,
                                    "color": "rgba(0, 0, 0, 0.1)"
                                },
                                "st_description_typography_content_typography_typography": "custom",
                                "st_description_typography_content_typography_font_family": "DM Sans",
                                "st_description_typography_content_typography_font_size": {
                                    "unit": "px",
                                    "size": 16,
                                    "sizes": []
                                },
                                "st_description_typography_content_typography_font_weight": "400",
                                "st_description_color_responsive": "#FFFFFF",
                                "st_quote_normal_color_responsive": "#EC9B24",
                                "st_quote_normal_font_size_responsive": {
                                    "unit": "px",
                                    "size": 42,
                                    "sizes": []
                                }
                            },
                            "elements": [],
                            "isInner": false,
                            "widgetType": "jkit_testimonials",
                            "elType": "widget"
                        }
                    ],
                    "isInner": false,
                    "elType": "column"
                }
            ],
            "isInner": false,
            "elType": "section"
        },
        {
            "id": "ec5e86a",
            "settings": {
                "background_background": "classic",
                "background_position": "center center",
                "background_repeat": "no-repeat",
                "background_size": "cover",
                "background_overlay_background": "classic",
                "padding": {
                    "unit": "px",
                    "top": "180",
                    "right": "0",
                    "bottom": "180",
                    "left": "0",
                    "isLinked": false
                },
                "background_ypos": {
                    "unit": "%",
                    "size": 70,
                    "sizes": []
                },
                "background_overlay_opacity": {
                    "unit": "px",
                    "size": 0.65,
                    "sizes": []
                },
                "padding_tablet": {
                    "unit": "px",
                    "top": "80",
                    "right": "10",
                    "bottom": "80",
                    "left": "10",
                    "isLinked": false
                },
                "padding_mobile": {
                    "unit": "px",
                    "top": "50",
                    "right": "5",
                    "bottom": "50",
                    "left": "5",
                    "isLinked": false
                },
                "__globals__": {
                    "background_overlay_color": "",
                    "background_color": "globals\/colors?id=69960d1"
                },
                "content_width": {
                    "unit": "px",
                    "size": 700,
                    "sizes": []
                },
                "background_overlay_image": {
                    "url": "",
                    "id": "",
                    "alt": "Memphis patterned blue paper background",
                    "source": "library"
                },
                "background_overlay_position": "bottom center",
                "background_overlay_repeat": "no-repeat",
                "background_overlay_size": "cover",
                "overlay_blend_mode": "multiply",
                "background_image": {
                    "url": "https:\/\/templatekit.jegtheme.com\/ristera\/wp-content\/uploads\/sites\/211\/2021\/11\/man-eating-asian-ramen-with-shrimps-and-noodles-in-a-restaurant.jpg",
                    "id": 211,
                    "alt": "Man eating Asian ramen with shrimps and noodles in a restaurant",
                    "source": "library"
                },
                "background_overlay_color": "#000000"
            },
            "elements": [
                {
                    "id": "1725d38e",
                    "settings": {
                        "_column_size": 100,
                        "_inline_size": null,
                        "animation_duration": "slow",
                        "align": "center"
                    },
                    "elements": [
                        {
                            "id": "6dc0d952",
                            "settings": {
                                "title": "Come & Taste The Food",
                                "header_size": "h5",
                                "align": "center",
                                "__globals__": {
                                    "title_color": "globals\/colors?id=752b75c",
                                    "typography_typography": "globals\/typography?id=0cea60b"
                                },
                                "title_color": "#D88C7C"
                            },
                            "elements": [],
                            "isInner": false,
                            "widgetType": "heading",
                            "elType": "widget"
                        },
                        {
                            "id": "72f5a76",
                            "settings": {
                                "title": "Don't Miss The Special Promo",
                                "align": "center",
                                "title_color": "#FFFFFF",
                                "__globals__": {
                                    "title_color": "",
                                    "typography_typography": "globals\/typography?id=4641087"
                                },
                                "_margin": {
                                    "unit": "px",
                                    "top": "-7",
                                    "right": "0",
                                    "bottom": "0",
                                    "left": "0",
                                    "isLinked": false
                                },
                                "_margin_mobile": {
                                    "unit": "px",
                                    "top": "-10",
                                    "right": "0",
                                    "bottom": "-10",
                                    "left": "0",
                                    "isLinked": false
                                }
                            },
                            "elements": [],
                            "isInner": false,
                            "widgetType": "heading",
                            "elType": "widget"
                        },
                        {
                            "id": "23f691b1",
                            "settings": {
                                "editor": "Lorem ipsum dolor sit amet, consectetur adipiscing elit, sed do eiusmod enim tempor incididunt ut labore et dolore magna aliqua.",
                                "align": "center",
                                "text_color": "#FFFFFF",
                                "_padding": {
                                    "unit": "%",
                                    "top": "0",
                                    "right": "0",
                                    "bottom": "0",
                                    "left": "0",
                                    "isLinked": false
                                },
                                "_padding_tablet": {
                                    "unit": "px",
                                    "top": "0",
                                    "right": "0",
                                    "bottom": "0",
                                    "left": "0",
                                    "isLinked": false
                                },
                                "__globals__": {
                                    "typography_typography": "globals\/typography?id=text",
                                    "text_color": ""
                                },
                                "_padding_mobile": {
                                    "unit": "px",
                                    "top": "0",
                                    "right": "0",
                                    "bottom": "0",
                                    "left": "0",
                                    "isLinked": true
                                }
                            },
                            "elements": [],
                            "isInner": false,
                            "widgetType": "text-editor",
                            "elType": "widget"
                        },
                        {
                            "id": "337aab8c",
                            "settings": {
                                "sg_content_label": "Contact Us",
                                "sg_content_icon_enable": "",
                                "sg_content_icon": {
                                    "value": "fas fa-phone-alt",
                                    "library": "fa-solid"
                                },
                                "st_button_width_responsive": {
                                    "unit": "%",
                                    "size": "",
                                    "sizes": []
                                },
                                "st_button_padding_responsive": {
                                    "unit": "px",
                                    "top": "16",
                                    "right": "40",
                                    "bottom": "16",
                                    "left": "40",
                                    "isLinked": false
                                },
                                "st_button_normal_color_responsive": "#FFFFFF",
                                "st_button_normal_background_background_background": "gradient",
                                "st_button_hover_background_background_background": "gradient",
                                "st_border_normal_border_border_width": {
                                    "unit": "px",
                                    "top": "1",
                                    "right": "1",
                                    "bottom": "1",
                                    "left": "1",
                                    "isLinked": true
                                },
                                "st_border_normal_border_border_color": "#194B81",
                                "st_border_normal_border_radius_responsive": {
                                    "unit": "px",
                                    "top": "50",
                                    "right": "50",
                                    "bottom": "50",
                                    "left": "50",
                                    "isLinked": true
                                },
                                "st_icon_size_responsive": {
                                    "unit": "px",
                                    "size": 14,
                                    "sizes": []
                                },
                                "st_icon_spacing_responsive": {
                                    "unit": "px",
                                    "size": 10,
                                    "sizes": []
                                },
                                "st_icon_vertical_position_responsive": {
                                    "unit": "px",
                                    "size": -1,
                                    "sizes": []
                                },
                                "_element_width": "inherit",
                                "__globals__": {
                                    "st_button_typography_content_typography_typography": "globals\/typography?id=7ebb5c9",
                                    "st_button_normal_background_background_color": "globals\/colors?id=a745ffd",
                                    "st_button_hover_background_background_color": "globals\/colors?id=752b75c",
                                    "st_button_normal_background_background_color_b": "globals\/colors?id=e1d46cd",
                                    "st_button_hover_background_background_color_b": "globals\/colors?id=752b75c"
                                },
                                "st_button_typography_content_typography_typography": "custom",
                                "st_button_typography_content_typography_font_family": "DM Sans",
                                "st_button_typography_content_typography_font_size": {
                                    "unit": "px",
                                    "size": 16,
                                    "sizes": []
                                },
                                "st_button_typography_content_typography_font_weight": "400",
                                "st_button_typography_content_typography_line_height": {
                                    "unit": "em",
                                    "size": "",
                                    "sizes": []
                                },
                                "st_button_normal_background_background_color_b_stop": {
                                    "unit": "%",
                                    "size": 75,
                                    "sizes": []
                                },
                                "st_button_normal_background_background_gradient_angle": {
                                    "unit": "deg",
                                    "size": 190,
                                    "sizes": []
                                },
                                "st_button_hover_color_responsive": "#FFFFFF"
                            },
                            "elements": [],
                            "isInner": false,
                            "widgetType": "jkit_button",
                            "elType": "widget"
                        }
                    ],
                    "isInner": false,
                    "elType": "column"
                }
            ],
            "isInner": false,
            "elType": "section"
        }
    ]
}